[
{"language_id": "756906369", "book_id": "1500290424", "book_name": " \u0909\u0924\u094d\u092a\u0924\u094d\u0924\u093f ", "testament_id": "old-testament", "testament_name": "\u092a\u0941\u0930\u093e\u0928\u093e \u0928\u093f\u092f\u092e - O.T."},
{"language_id": "756906369", "book_id": "967823048", "book_name": " \u0928\u093f\u0930\u094d\u0917\u092e\u0928 ", "testament_id": "old-testament", "testament_name": "\u092a\u0941\u0930\u093e\u0928\u093e \u0928\u093f\u092f\u092e - O.T."},
{"language_id": "756906369", "book_id": "2344500788", "book_name": " \u0932\u0948\u0935\u094d\u092f\u0935\u0938\u094d\u0925\u093e ", "testament_id": "old-testament", "testament_name": "\u092a\u0941\u0930\u093e\u0928\u093e \u0928\u093f\u092f\u092e - O.T."},
{"language_id": "756906369", "book_id": "3531826797", "book_name": " \u0917\u093f\u0928\u0924\u0940 ", "testament_id": "old-testament", "testament_name": "\u092a\u0941\u0930\u093e\u0928\u093e \u0928\u093f\u092f\u092e - O.T."},
{"language_id": "756906369", "book_id": "3357174748", "book_name": " \u0935\u094d\u092f\u0935\u0938\u094d\u0925\u093e\u0935\u093f\u0935\u0930\u0923 ", "testament_id": "old-testament", "testament_name": "\u092a\u0941\u0930\u093e\u0928\u093e \u0928\u093f\u092f\u092e - O.T."},
{"language_id": "756906369", "book_id": "3615302974", "book_name": " \u092f\u0939\u094b\u0936\u0942 ", "testament_id": "old-testament", "testament_name": "\u092a\u0941\u0930\u093e\u0928\u093e \u0928\u093f\u092f\u092e - O.T."},
{"language_id": "756906369", "book_id": "1854137284", "book_name": " \u0928\u094d\u092f\u093e\u092f\u093f\u092f\u094b\u0902 ", "testament_id": "old-testament", "testament_name": "\u092a\u0941\u0930\u093e\u0928\u093e \u0928\u093f\u092f\u092e - O.T."},
{"language_id": "756906369", "book_id": "2445032947", "book_name": " \u0930\u0942\u0924 ", "testament_id": "old-testament", "testament_name": "\u092a\u0941\u0930\u093e\u0928\u093e \u0928\u093f\u092f\u092e - O.T."},
{"language_id": "756906369", "book_id": "3873250782", "book_name": " 1 \u0936\u092e\u0942\u090f\u0932 ", "testament_id": "old-testament", "testament_name": "\u092a\u0941\u0930\u093e\u0928\u093e \u0928\u093f\u092f\u092e - O.T."},
{"language_id": "756906369", "book_id": "1564434441", "book_name": " 2 \u0936\u092e\u0942\u090f\u0932 ", "testament_id": "old-testament", "testament_name": "\u092a\u0941\u0930\u093e\u0928\u093e \u0928\u093f\u092f\u092e - O.T."},
{"language_id": "756906369", "book_id": "3691677868", "book_name": " 1 \u0930\u093e\u091c\u093e ", "testament_id": "old-testament", "testament_name": "\u092a\u0941\u0930\u093e\u0928\u093e \u0928\u093f\u092f\u092e - O.T."},
{"language_id": "756906369", "book_id": "1438366044", "book_name": " 2 \u0930\u093e\u091c\u093e ", "testament_id": "old-testament", "testament_name": "\u092a\u0941\u0930\u093e\u0928\u093e \u0928\u093f\u092f\u092e - O.T."},
{"language_id": "756906369", "book_id": "976085997", "book_name": " 1 \u0907\u0924\u093f\u0939\u093e\u0938 ", "testament_id": "old-testament", "testament_name": "\u092a\u0941\u0930\u093e\u0928\u093e \u0928\u093f\u092f\u092e - O.T."},
{"language_id": "756906369", "book_id": "2436855113", "book_name": " 2 \u0907\u0924\u093f\u0939\u093e\u0938 ", "testament_id": "old-testament", "testament_name": "\u092a\u0941\u0930\u093e\u0928\u093e \u0928\u093f\u092f\u092e - O.T."},
{"language_id": "756906369", "book_id": "2388234385", "book_name": " \u090f\u091c\u094d\u0930\u093e ", "testament_id": "old-testament", "testament_name": "\u092a\u0941\u0930\u093e\u0928\u093e \u0928\u093f\u092f\u092e - O.T."},
{"language_id": "756906369", "book_id": "713944304", "book_name": " \u0928\u0939\u0947\u092e\u093e\u092f\u093e\u0939 ", "testament_id": "old-testament", "testament_name": "\u092a\u0941\u0930\u093e\u0928\u093e \u0928\u093f\u092f\u092e - O.T."},
{"language_id": "756906369", "book_id": "3326660486", "book_name": " \u090f\u0938\u094d\u0924\u0947\u0930 ", "testament_id": "old-testament", "testament_name": "\u092a\u0941\u0930\u093e\u0928\u093e \u0928\u093f\u092f\u092e - O.T."},
{"language_id": "756906369", "book_id": "4257988022", "book_name": "  \u0905\u092f\u094d\u092f\u0942\u092c ", "testament_id": "old-testament", "testament_name": "\u092a\u0941\u0930\u093e\u0928\u093e \u0928\u093f\u092f\u092e - O.T."},
{"language_id": "756906369", "book_id": "162927398", "book_name": " \u092d\u091c\u0928 \u0938\u0902\u0939\u093f\u0924\u093e ", "testament_id": "old-testament", "testament_name": "\u092a\u0941\u0930\u093e\u0928\u093e \u0928\u093f\u092f\u092e - O.T."},
{"language_id": "756906369", "book_id": "4192215859", "book_name": " \u0928\u0940\u0924\u093f\u0935\u091a\u0928 ", "testament_id": "old-testament", "testament_name": "\u092a\u0941\u0930\u093e\u0928\u093e \u0928\u093f\u092f\u092e - O.T."},
{"language_id": "756906369", "book_id": "588497004", "book_name": " \u0938\u092d\u094b\u092a\u0926\u0947\u0936\u0915 ", "testament_id": "old-testament", "testament_name": "\u092a\u0941\u0930\u093e\u0928\u093e \u0928\u093f\u092f\u092e - O.T."},
{"language_id": "756906369", "book_id": "803805044", "book_name": " \u0936\u094d\u0930\u0947\u0937\u094d\u0920\u0917\u0940\u0924 ", "testament_id": "old-testament", "testament_name": "\u092a\u0941\u0930\u093e\u0928\u093e \u0928\u093f\u092f\u092e - O.T."},
{"language_id": "756906369", "book_id": "1379981563", "book_name": " \u092f\u0936\u093e\u092f\u093e\u0939 ", "testament_id": "old-testament", "testament_name": "\u092a\u0941\u0930\u093e\u0928\u093e \u0928\u093f\u092f\u092e - O.T."},
{"language_id": "756906369", "book_id": "2340733940", "book_name": " \u092f\u093f\u0930\u094d\u092e\u092f\u093e\u0939 ", "testament_id": "old-testament", "testament_name": "\u092a\u0941\u0930\u093e\u0928\u093e \u0928\u093f\u092f\u092e - O.T."},
{"language_id": "756906369", "book_id": "4019391253", "book_name": " \u0935\u093f\u0932\u093e\u092a\u0917\u0940\u0924 ", "testament_id": "old-testament", "testament_name": "\u092a\u0941\u0930\u093e\u0928\u093e \u0928\u093f\u092f\u092e - O.T."},
{"language_id": "756906369", "book_id": "4073577664", "book_name": " \u092f\u0939\u0947\u091c\u0915\u0947\u0932 ", "testament_id": "old-testament", "testament_name": "\u092a\u0941\u0930\u093e\u0928\u093e \u0928\u093f\u092f\u092e - O.T."},
{"language_id": "756906369", "book_id": "3307495623", "book_name": " \u0926\u093e\u0928\u093f\u092f\u094d\u092f\u0947\u0932 ", "testament_id": "old-testament", "testament_name": "\u092a\u0941\u0930\u093e\u0928\u093e \u0928\u093f\u092f\u092e - O.T."},
{"language_id": "756906369", "book_id": "341996280", "book_name": " \u0939\u094b\u0936\u0947 ", "testament_id": "old-testament", "testament_name": "\u092a\u0941\u0930\u093e\u0928\u093e \u0928\u093f\u092f\u092e - O.T."},
{"language_id": "756906369", "book_id": "379002799", "book_name": " \u092f\u094b\u090f\u0932 ", "testament_id": "old-testament", "testament_name": "\u092a\u0941\u0930\u093e\u0928\u093e \u0928\u093f\u092f\u092e - O.T."},
{"language_id": "756906369", "book_id": "138492285", "book_name": " \u0906\u092e\u094b\u0938 ", "testament_id": "old-testament", "testament_name": "\u092a\u0941\u0930\u093e\u0928\u093e \u0928\u093f\u092f\u092e - O.T."},
{"language_id": "756906369", "book_id": "4029805854", "book_name": " \u0913\u092c\u0926\u094d\u0926\u093e\u0939 ", "testament_id": "old-testament", "testament_name": "\u092a\u0941\u0930\u093e\u0928\u093e \u0928\u093f\u092f\u092e - O.T."},
{"language_id": "756906369", "book_id": "1452655658", "book_name": " \u092f\u094b\u0928\u093e ", "testament_id": "old-testament", "testament_name": "\u092a\u0941\u0930\u093e\u0928\u093e \u0928\u093f\u092f\u092e - O.T."},
{"language_id": "756906369", "book_id": "134950972", "book_name": " \u092e\u0940\u0915\u093e ", "testament_id": "old-testament", "testament_name": "\u092a\u0941\u0930\u093e\u0928\u093e \u0928\u093f\u092f\u092e - O.T."},
{"language_id": "756906369", "book_id": "572247391", "book_name": " \u0928\u0939\u0942\u092e ", "testament_id": "old-testament", "testament_name": "\u092a\u0941\u0930\u093e\u0928\u093e \u0928\u093f\u092f\u092e - O.T."},
{"language_id": "756906369", "book_id": "1264160840", "book_name": " \u0939\u092c\u0915\u094d\u0915\u0942\u0915 ", "testament_id": "old-testament", "testament_name": "\u092a\u0941\u0930\u093e\u0928\u093e \u0928\u093f\u092f\u092e - O.T."},
{"language_id": "756906369", "book_id": "4035239383", "book_name": " \u0938\u092a\u0928\u094d\u092f\u093e\u0939 ", "testament_id": "old-testament", "testament_name": "\u092a\u0941\u0930\u093e\u0928\u093e \u0928\u093f\u092f\u092e - O.T."},
{"language_id": "756906369", "book_id": "2857956211", "book_name": " \u0939\u093e\u0917\u094d\u0917\u0948 ", "testament_id": "old-testament", "testament_name": "\u092a\u0941\u0930\u093e\u0928\u093e \u0928\u093f\u092f\u092e - O.T."},
{"language_id": "756906369", "book_id": "897811222", "book_name": " \u091c\u0915\u0930\u094d\u092f\u093e\u0939 ", "testament_id": "old-testament", "testament_name": "\u092a\u0941\u0930\u093e\u0928\u093e \u0928\u093f\u092f\u092e - O.T."},
{"language_id": "756906369", "book_id": "1847477724", "book_name": " \u092e\u0932\u093e\u0915\u0940 ", "testament_id": "old-testament", "testament_name": "\u092a\u0941\u0930\u093e\u0928\u093e \u0928\u093f\u092f\u092e - O.T."},
{"language_id": "756906369", "book_id": "3366828814", "book_name": " \u092e\u0924\u094d\u0924\u0940  ", "testament_id": "new-testament", "testament_name": "\u0928\u092f\u093e \u0928\u093f\u092f\u092e - N.T."},
{"language_id": "756906369", "book_id": "683659126", "book_name": " \u092e\u0930\u0915\u0941\u0938 ", "testament_id": "new-testament", "testament_name": "\u0928\u092f\u093e \u0928\u093f\u092f\u092e - N.T."},
{"language_id": "756906369", "book_id": "2367997772", "book_name": " \u0932\u0942\u0915\u093e ", "testament_id": "new-testament", "testament_name": "\u0928\u092f\u093e \u0928\u093f\u092f\u092e - N.T."},
{"language_id": "756906369", "book_id": "2822553141", "book_name": " \u092f\u0942\u0939\u0928\u094d\u0928\u093e ", "testament_id": "new-testament", "testament_name": "\u0928\u092f\u093e \u0928\u093f\u092f\u092e - N.T."},
{"language_id": "756906369", "book_id": "4124997756", "book_name": " \u092a\u094d\u0930\u0947\u0930\u093f\u0924\u094b\u0902 \u0915\u0947 \u0915\u093e\u092e ", "testament_id": "new-testament", "testament_name": "\u0928\u092f\u093e \u0928\u093f\u092f\u092e - N.T."},
{"language_id": "756906369", "book_id": "820715086", "book_name": " \u0930\u094b\u092e\u093f\u092f\u094b ", "testament_id": "new-testament", "testament_name": "\u0928\u092f\u093e \u0928\u093f\u092f\u092e - N.T."},
{"language_id": "756906369", "book_id": "1313813712", "book_name": " 1 \u0915\u0941\u0930\u093f\u0928\u094d\u0925\u093f\u092f\u094b\u0902 ", "testament_id": "new-testament", "testament_name": "\u0928\u092f\u093e \u0928\u093f\u092f\u092e - N.T."},
{"language_id": "756906369", "book_id": "1966247010", "book_name": " 2 \u0915\u0941\u0930\u093f\u0928\u094d\u0925\u093f\u092f\u094b\u0902 ", "testament_id": "new-testament", "testament_name": "\u0928\u092f\u093e \u0928\u093f\u092f\u092e - N.T."},
{"language_id": "756906369", "book_id": "473666055", "book_name": " \u0917\u0932\u093e\u0924\u093f\u092f\u094b\u0902", "testament_id": "new-testament", "testament_name": "\u0928\u092f\u093e \u0928\u093f\u092f\u092e - N.T."},
{"language_id": "756906369", "book_id": "2662658078", "book_name": " \u0907\u092b\u093f\u0938\u093f\u092f\u094b\u0902 ", "testament_id": "new-testament", "testament_name": "\u0928\u092f\u093e \u0928\u093f\u092f\u092e - N.T."},
{"language_id": "756906369", "book_id": "3165646525", "book_name": " \u092b\u093f\u0932\u093f\u092a\u094d\u092a\u093f\u092f\u094b\u0902 ", "testament_id": "new-testament", "testament_name": "\u0928\u092f\u093e \u0928\u093f\u092f\u092e - N.T."},
{"language_id": "756906369", "book_id": "2257585726", "book_name": " \u0915\u0941\u0932\u0941\u0938\u094d\u0938\u093f\u092f\u094b\u0902 ", "testament_id": "new-testament", "testament_name": "\u0928\u092f\u093e \u0928\u093f\u092f\u092e - N.T."},
{"language_id": "756906369", "book_id": "610118403", "book_name": " 1 \u0925\u093f\u0938\u094d\u0938\u0932\u0941\u0928\u0940\u0915\u093f\u092f\u094b\u0902 ", "testament_id": "new-testament", "testament_name": "\u0928\u092f\u093e \u0928\u093f\u092f\u092e - N.T."},
{"language_id": "756906369", "book_id": "2173807433", "book_name": " 2 \u0925\u093f\u0938\u094d\u0938\u0932\u0941\u0928\u0940\u0915\u093f\u092f\u094b\u0902 ", "testament_id": "new-testament", "testament_name": "\u0928\u092f\u093e \u0928\u093f\u092f\u092e - N.T."},
{"language_id": "756906369", "book_id": "1245044710", "book_name": " 1 \u0924\u0940\u092e\u0941\u0925\u093f\u092f\u0941\u0938 ", "testament_id": "new-testament", "testament_name": "\u0928\u092f\u093e \u0928\u093f\u092f\u092e - N.T."},
{"language_id": "756906369", "book_id": "376974724", "book_name": " 2 \u0924\u0940\u092e\u0941\u0925\u093f\u092f\u0941\u0938 ", "testament_id": "new-testament", "testament_name": "\u0928\u092f\u093e \u0928\u093f\u092f\u092e - N.T."},
{"language_id": "756906369", "book_id": "2335919935", "book_name": " \u0924\u0940\u0924\u0941\u0938 ", "testament_id": "new-testament", "testament_name": "\u0928\u092f\u093e \u0928\u093f\u092f\u092e - N.T."},
{"language_id": "756906369", "book_id": "1722452275", "book_name": " \u092b\u093f\u0932\u0947\u092e\u094b\u0928 ", "testament_id": "new-testament", "testament_name": "\u0928\u092f\u093e \u0928\u093f\u092f\u092e - N.T."},
{"language_id": "756906369", "book_id": "4164289873", "book_name": " \u0907\u092c\u094d\u0930\u093e\u0928\u093f\u092f\u094b\u0902 ", "testament_id": "new-testament", "testament_name": "\u0928\u092f\u093e \u0928\u093f\u092f\u092e - N.T."},
{"language_id": "756906369", "book_id": "1970620387", "book_name": "  \u092f\u093e\u0915\u0942\u092c ", "testament_id": "new-testament", "testament_name": "\u0928\u092f\u093e \u0928\u093f\u092f\u092e - N.T."},
{"language_id": "756906369", "book_id": "1221814856", "book_name": " 1 \u092a\u0924\u0930\u0938 ", "testament_id": "new-testament", "testament_name": "\u0928\u092f\u093e \u0928\u093f\u092f\u092e - N.T."},
{"language_id": "756906369", "book_id": "3587055234", "book_name": " 2 \u092a\u0924\u0930\u0938 ", "testament_id": "new-testament", "testament_name": "\u0928\u092f\u093e \u0928\u093f\u092f\u092e - N.T."},
{"language_id": "756906369", "book_id": "1500884399", "book_name": " 1 \u092f\u0942\u0939\u0928\u094d\u0928\u093e ", "testament_id": "new-testament", "testament_name": "\u0928\u092f\u093e \u0928\u093f\u092f\u092e - N.T."},
{"language_id": "756906369", "book_id": "3536792613", "book_name": " 2 \u092f\u0942\u0939\u0928\u094d\u0928\u093e ", "testament_id": "new-testament", "testament_name": "\u0928\u092f\u093e \u0928\u093f\u092f\u092e - N.T."},
{"language_id": "756906369", "book_id": "1861248683", "book_name": " 3 \u092f\u0942\u0939\u0928\u094d\u0928\u093e ", "testament_id": "new-testament", "testament_name": "\u0928\u092f\u093e \u0928\u093f\u092f\u092e - N.T."},
{"language_id": "756906369", "book_id": "3244677894", "book_name": "  \u092f\u0939\u0942\u0926\u093e ", "testament_id": "new-testament", "testament_name": "\u0928\u092f\u093e \u0928\u093f\u092f\u092e - N.T."},
{"language_id": "756906369", "book_id": "2770662772", "book_name": " \u092a\u094d\u0930\u0915\u093e\u0936\u093f\u0924 \u0935\u093e\u0915\u094d\u092f ", "testament_id": "new-testament", "testament_name": "\u0928\u092f\u093e \u0928\u093f\u092f\u092e - N.T."}
]