[
{"language_id": 2178373199, "book_id": 601266936, "book_name": " Genesis ", "testament_id": "old-testament", "testament_name": "Old Testament "},
{"language_id": 2178373199, "book_id": 2217520791, "book_name": " Exodus ", "testament_id": "old-testament", "testament_name": "Old Testament "},
{"language_id": 2178373199, "book_id": 3299362676, "book_name": " Leviticus ", "testament_id": "old-testament", "testament_name": "Old Testament "},
{"language_id": 2178373199, "book_id": 3181142177, "book_name": " Numbers ", "testament_id": "old-testament", "testament_name": "Old Testament "},
{"language_id": 2178373199, "book_id": 3256751765, "book_name": " Deuteronomy ", "testament_id": "old-testament", "testament_name": "Old Testament "},
{"language_id": 2178373199, "book_id": 1713749025, "book_name": " Joshua ", "testament_id": "old-testament", "testament_name": "Old Testament "},
{"language_id": 2178373199, "book_id": 1663472668, "book_name": " Judges ", "testament_id": "old-testament", "testament_name": "Old Testament "},
{"language_id": 2178373199, "book_id": 2301471330, "book_name": " Ruth ", "testament_id": "old-testament", "testament_name": "Old Testament "},
{"language_id": 2178373199, "book_id": 2925366114, "book_name": " 1 Samuel ", "testament_id": "old-testament", "testament_name": "Old Testament "},
{"language_id": 2178373199, "book_id": 4007235357, "book_name": " 2 Samuel ", "testament_id": "old-testament", "testament_name": "Old Testament "},
{"language_id": 2178373199, "book_id": 148369792, "book_name": " 1 Kings ", "testament_id": "old-testament", "testament_name": "Old Testament "},
{"language_id": 2178373199, "book_id": 3464423696, "book_name": " 2 Kings ", "testament_id": "old-testament", "testament_name": "Old Testament "},
{"language_id": 2178373199, "book_id": 1063888458, "book_name": " 1 Chronicles  ", "testament_id": "old-testament", "testament_name": "Old Testament "},
{"language_id": 2178373199, "book_id": 1674697118, "book_name": " 2 Chronicles ", "testament_id": "old-testament", "testament_name": "Old Testament "},
{"language_id": 2178373199, "book_id": 956260053, "book_name": " Ezra ", "testament_id": "old-testament", "testament_name": "Old Testament "},
{"language_id": 2178373199, "book_id": 743902425, "book_name": " Nehemiah ", "testament_id": "old-testament", "testament_name": "Old Testament "},
{"language_id": 2178373199, "book_id": 3973619538, "book_name": " Esther ", "testament_id": "old-testament", "testament_name": "Old Testament "},
{"language_id": 2178373199, "book_id": 879009067, "book_name": " Job ", "testament_id": "old-testament", "testament_name": "Old Testament "},
{"language_id": 2178373199, "book_id": 1445039029, "book_name": " Psalms ", "testament_id": "old-testament", "testament_name": "Old Testament "},
{"language_id": 2178373199, "book_id": 1213189798, "book_name": " Proverbs ", "testament_id": "old-testament", "testament_name": "Old Testament "},
{"language_id": 2178373199, "book_id": 3353981236, "book_name": " Ecclesiastes ", "testament_id": "old-testament", "testament_name": "Old Testament "},
{"language_id": 2178373199, "book_id": 353053542, "book_name": " Song of Solomon ", "testament_id": "old-testament", "testament_name": "Old Testament "},
{"language_id": 2178373199, "book_id": 675292223, "book_name": " Isaiah ", "testament_id": "old-testament", "testament_name": "Old Testament "},
{"language_id": 2178373199, "book_id": 2694439938, "book_name": " Jeremiah ", "testament_id": "old-testament", "testament_name": "Old Testament "},
{"language_id": 2178373199, "book_id": 1278430099, "book_name": " Lamentations ", "testament_id": "old-testament", "testament_name": "Old Testament "},
{"language_id": 2178373199, "book_id": 1502693044, "book_name": " Ezekiel ", "testament_id": "old-testament", "testament_name": "Old Testament "},
{"language_id": 2178373199, "book_id": 161105323, "book_name": " Daniel ", "testament_id": "old-testament", "testament_name": "Old Testament "},
{"language_id": 2178373199, "book_id": 3357456711, "book_name": " Hosea ", "testament_id": "old-testament", "testament_name": "Old Testament "},
{"language_id": 2178373199, "book_id": 21189102, "book_name": " Joel ", "testament_id": "old-testament", "testament_name": "Old Testament "},
{"language_id": 2178373199, "book_id": 645259546, "book_name": " Amos ", "testament_id": "old-testament", "testament_name": "Old Testament "},
{"language_id": 2178373199, "book_id": 2616561791, "book_name": " Obadiah ", "testament_id": "old-testament", "testament_name": "Old Testament "},
{"language_id": 2178373199, "book_id": 2208133282, "book_name": " Jonah ", "testament_id": "old-testament", "testament_name": "Old Testament "},
{"language_id": 2178373199, "book_id": 3151948211, "book_name": " Micah ", "testament_id": "old-testament", "testament_name": "Old Testament "},
{"language_id": 2178373199, "book_id": 4274549381, "book_name": " Nahum ", "testament_id": "old-testament", "testament_name": "Old Testament "},
{"language_id": 2178373199, "book_id": 3801312367, "book_name": " Habakkuk ", "testament_id": "old-testament", "testament_name": "Old Testament "},
{"language_id": 2178373199, "book_id": 925599700, "book_name": " Zephaniah ", "testament_id": "old-testament", "testament_name": "Old Testament "},
{"language_id": 2178373199, "book_id": 1027138052, "book_name": " Haggai ", "testament_id": "old-testament", "testament_name": "Old Testament "},
{"language_id": 2178373199, "book_id": 1588330425, "book_name": " Zechariah ", "testament_id": "old-testament", "testament_name": "Old Testament "},
{"language_id": 2178373199, "book_id": 4039323408, "book_name": " Malachi ", "testament_id": "old-testament", "testament_name": "Old Testament "},
{"language_id": 2178373199, "book_id": 369047959, "book_name": " Matthew ", "testament_id": "new-testament", "testament_name": "New Testament"},
{"language_id": 2178373199, "book_id": 1882796933, "book_name": " Mark ", "testament_id": "new-testament", "testament_name": "New Testament"},
{"language_id": 2178373199, "book_id": 547503064, "book_name": " Luke ", "testament_id": "new-testament", "testament_name": "New Testament"},
{"language_id": 2178373199, "book_id": 341318569, "book_name": " John ", "testament_id": "new-testament", "testament_name": "New Testament"},
{"language_id": 2178373199, "book_id": 3866395340, "book_name": " Acts ", "testament_id": "new-testament", "testament_name": "New Testament"},
{"language_id": 2178373199, "book_id": 810228724, "book_name": " Romans ", "testament_id": "new-testament", "testament_name": "New Testament"},
{"language_id": 2178373199, "book_id": 3626727186, "book_name": " 1 Corinthians ", "testament_id": "new-testament", "testament_name": "New Testament"},
{"language_id": 2178373199, "book_id": 3431387776, "book_name": " 2 Corinthians ", "testament_id": "new-testament", "testament_name": "New Testament"},
{"language_id": 2178373199, "book_id": 3395500043, "book_name": " Galatians ", "testament_id": "new-testament", "testament_name": "New Testament"},
{"language_id": 2178373199, "book_id": 1104855618, "book_name": " Ephesians ", "testament_id": "new-testament", "testament_name": "New Testament"},
{"language_id": 2178373199, "book_id": 544245817, "book_name": " Philippians ", "testament_id": "new-testament", "testament_name": "New Testament"},
{"language_id": 2178373199, "book_id": 1704019427, "book_name": " Colossians ", "testament_id": "new-testament", "testament_name": "New Testament"},
{"language_id": 2178373199, "book_id": 2224481211, "book_name": " 1 Thessalonians ", "testament_id": "new-testament", "testament_name": "New Testament"},
{"language_id": 2178373199, "book_id": 3536521457, "book_name": " 2 Thessalonians ", "testament_id": "new-testament", "testament_name": "New Testament"},
{"language_id": 2178373199, "book_id": 450889367, "book_name": " 1 Timothy ", "testament_id": "new-testament", "testament_name": "New Testament"},
{"language_id": 2178373199, "book_id": 364371605, "book_name": " 2 Timothy ", "testament_id": "new-testament", "testament_name": "New Testament"},
{"language_id": 2178373199, "book_id": 4150234449, "book_name": " Titus ", "testament_id": "new-testament", "testament_name": "New Testament"},
{"language_id": 2178373199, "book_id": 3619828747, "book_name": " Philemon ", "testament_id": "new-testament", "testament_name": "New Testament"},
{"language_id": 2178373199, "book_id": 2351921968, "book_name": " Hebrews ", "testament_id": "new-testament", "testament_name": "New Testament"},
{"language_id": 2178373199, "book_id": 3479110553, "book_name": " James ", "testament_id": "new-testament", "testament_name": "New Testament"},
{"language_id": 2178373199, "book_id": 1821252088, "book_name": " 1 Peter ", "testament_id": "new-testament", "testament_name": "New Testament"},
{"language_id": 2178373199, "book_id": 3128188322, "book_name": " 2 Peter ", "testament_id": "new-testament", "testament_name": "New Testament"},
{"language_id": 2178373199, "book_id": 2959935427, "book_name": " 1 John ", "testament_id": "new-testament", "testament_name": "New Testament"},
{"language_id": 2178373199, "book_id": 1070534009, "book_name": " 2 John ", "testament_id": "new-testament", "testament_name": "New Testament"},
{"language_id": 2178373199, "book_id": 3632474215, "book_name": " 3 John ", "testament_id": "new-testament", "testament_name": "New Testament"},
{"language_id": 2178373199, "book_id": 395916700, "book_name": " Jude ", "testament_id": "new-testament", "testament_name": "New Testament"},
{"language_id": 2178373199, "book_id": 3404094404, "book_name": " Revelation ", "testament_id": "new-testament", "testament_name": "New Testament"}
]