[
{"language_id": "4075255147", "book_id": "2471713320", "book_name": "\u0b06\u0b26\u0b3f \u0b2a\u0b41\u0b38\u0b4d\u0b24\u0b15  ", "testament_id": "old-testament", "testament_name": "\u0b13\u0b32\u0b4d\u0b21 \u0b37\u0b4d\u0b1f\u0b47\u0b1f\u0b3e\u0b2e\u0b47\u0b23\u0b4d\u0b1f  O.T."},
{"language_id": "4075255147", "book_id": "1560452042", "book_name": "\u0b2f\u0b3e\u0b24\u0b4d\u0b30\u0b3e \u0b2a\u0b41\u0b38\u0b4d\u0b24\u0b15  ", "testament_id": "old-testament", "testament_name": "\u0b13\u0b32\u0b4d\u0b21 \u0b37\u0b4d\u0b1f\u0b47\u0b1f\u0b3e\u0b2e\u0b47\u0b23\u0b4d\u0b1f  O.T."},
{"language_id": "4075255147", "book_id": "252520999", "book_name": "\u0b32\u0b47\u0b2c\u0b40\u0b5f \u0b2a\u0b41\u0b38\u0b4d\u0b24\u0b15  ", "testament_id": "old-testament", "testament_name": "\u0b13\u0b32\u0b4d\u0b21 \u0b37\u0b4d\u0b1f\u0b47\u0b1f\u0b3e\u0b2e\u0b47\u0b23\u0b4d\u0b1f  O.T."},
{"language_id": "4075255147", "book_id": "2151252696", "book_name": "\u0b17\u0b23\u0b28\u0b3e \u0b2a\u0b41\u0b38\u0b4d\u0b24\u0b15  ", "testament_id": "old-testament", "testament_name": "\u0b13\u0b32\u0b4d\u0b21 \u0b37\u0b4d\u0b1f\u0b47\u0b1f\u0b3e\u0b2e\u0b47\u0b23\u0b4d\u0b1f  O.T."},
{"language_id": "4075255147", "book_id": "478981322", "book_name": "\u0b26\u0b3f\u0b24\u0b40\u0b5f \u0b2c\u0b3f\u0b2c\u0b30\u0b23  ", "testament_id": "old-testament", "testament_name": "\u0b13\u0b32\u0b4d\u0b21 \u0b37\u0b4d\u0b1f\u0b47\u0b1f\u0b3e\u0b2e\u0b47\u0b23\u0b4d\u0b1f  O.T."},
{"language_id": "4075255147", "book_id": "1063290094", "book_name": "\u0b2f\u0b3f\u0b39\u0b4b\u0b36\u0b42\u0b5f  ", "testament_id": "old-testament", "testament_name": "\u0b13\u0b32\u0b4d\u0b21 \u0b37\u0b4d\u0b1f\u0b47\u0b1f\u0b3e\u0b2e\u0b47\u0b23\u0b4d\u0b1f  O.T."},
{"language_id": "4075255147", "book_id": "3079504222", "book_name": "\u0b2c\u0b3f\u0b1a\u0b3e\u0b30\u0b15\u0b30\u0b4d\u0b24\u0b3e\u0b2e\u0b3e\u0b28\u0b19\u0b4d\u0b15 \u0b2c\u0b3f\u0b2c\u0b30\u0b23  ", "testament_id": "old-testament", "testament_name": "\u0b13\u0b32\u0b4d\u0b21 \u0b37\u0b4d\u0b1f\u0b47\u0b1f\u0b3e\u0b2e\u0b47\u0b23\u0b4d\u0b1f  O.T."},
{"language_id": "4075255147", "book_id": "1697066647", "book_name": "\u0b30\u0b42\u0b24\u0b30 \u0b2c\u0b3f\u0b2c\u0b30\u0b23  ", "testament_id": "old-testament", "testament_name": "\u0b13\u0b32\u0b4d\u0b21 \u0b37\u0b4d\u0b1f\u0b47\u0b1f\u0b3e\u0b2e\u0b47\u0b23\u0b4d\u0b1f  O.T."},
{"language_id": "4075255147", "book_id": "967370357", "book_name": "\u0b2a\u0b4d\u0b30\u0b25\u0b2e \u0b36\u0b3e\u0b2e\u0b41\u0b5f\u0b47\u0b32  ", "testament_id": "old-testament", "testament_name": "\u0b13\u0b32\u0b4d\u0b21 \u0b37\u0b4d\u0b1f\u0b47\u0b1f\u0b3e\u0b2e\u0b47\u0b23\u0b4d\u0b1f  O.T."},
{"language_id": "4075255147", "book_id": "3799588091", "book_name": "\u0b26\u0b3f\u0b24\u0b40\u0b5f \u0b36\u0b3e\u0b2e\u0b41\u0b5f\u0b47\u0b32  ", "testament_id": "old-testament", "testament_name": "\u0b13\u0b32\u0b4d\u0b21 \u0b37\u0b4d\u0b1f\u0b47\u0b1f\u0b3e\u0b2e\u0b47\u0b23\u0b4d\u0b1f  O.T."},
{"language_id": "4075255147", "book_id": "2248403062", "book_name": "\u0b2a\u0b4d\u0b30\u0b25\u0b2e \u0b30\u0b3e\u0b1c\u0b3e\u0b2c\u0b33\u0b40  ", "testament_id": "old-testament", "testament_name": "\u0b13\u0b32\u0b4d\u0b21 \u0b37\u0b4d\u0b1f\u0b47\u0b1f\u0b3e\u0b2e\u0b47\u0b23\u0b4d\u0b1f  O.T."},
{"language_id": "4075255147", "book_id": "3661926255", "book_name": "\u0b26\u0b3f\u0b24\u0b40\u0b5f \u0b30\u0b3e\u0b1c\u0b3e\u0b2c\u0b33\u0b40  ", "testament_id": "old-testament", "testament_name": "\u0b13\u0b32\u0b4d\u0b21 \u0b37\u0b4d\u0b1f\u0b47\u0b1f\u0b3e\u0b2e\u0b47\u0b23\u0b4d\u0b1f  O.T."},
{"language_id": "4075255147", "book_id": "337533774", "book_name": "\u0b2a\u0b4d\u0b30\u0b25\u0b2e \u0b2c\u0b02\u0b36\u0b3e\u0b2c\u0b33\u0b40   ", "testament_id": "old-testament", "testament_name": "\u0b13\u0b32\u0b4d\u0b21 \u0b37\u0b4d\u0b1f\u0b47\u0b1f\u0b3e\u0b2e\u0b47\u0b23\u0b4d\u0b1f  O.T."},
{"language_id": "4075255147", "book_id": "1640085955", "book_name": "\u0b26\u0b3f\u0b24\u0b40\u0b5f \u0b2c\u0b02\u0b36\u0b3e\u0b2c\u0b33\u0b40  ", "testament_id": "old-testament", "testament_name": "\u0b13\u0b32\u0b4d\u0b21 \u0b37\u0b4d\u0b1f\u0b47\u0b1f\u0b3e\u0b2e\u0b47\u0b23\u0b4d\u0b1f  O.T."},
{"language_id": "4075255147", "book_id": "2235428913", "book_name": "\u0b0f\u0b1c\u0b4d\u0b30\u0b3e  ", "testament_id": "old-testament", "testament_name": "\u0b13\u0b32\u0b4d\u0b21 \u0b37\u0b4d\u0b1f\u0b47\u0b1f\u0b3e\u0b2e\u0b47\u0b23\u0b4d\u0b1f  O.T."},
{"language_id": "4075255147", "book_id": "1666401531", "book_name": "\u0b28\u0b3f\u0b39\u0b3f\u0b2e\u0b3f\u0b5f\u0b3e  ", "testament_id": "old-testament", "testament_name": "\u0b13\u0b32\u0b4d\u0b21 \u0b37\u0b4d\u0b1f\u0b47\u0b1f\u0b3e\u0b2e\u0b47\u0b23\u0b4d\u0b1f  O.T."},
{"language_id": "4075255147", "book_id": "3167993221", "book_name": "\u0b0f\u0b37\u0b4d\u0b1f\u0b30 \u0b2c\u0b3f\u0b2c\u0b30\u0b23  ", "testament_id": "old-testament", "testament_name": "\u0b13\u0b32\u0b4d\u0b21 \u0b37\u0b4d\u0b1f\u0b47\u0b1f\u0b3e\u0b2e\u0b47\u0b23\u0b4d\u0b1f  O.T."},
{"language_id": "4075255147", "book_id": "1304351023", "book_name": "\u0b06\u0b5f\u0b41\u0b2c \u0b2a\u0b41\u0b38\u0b4d\u0b24\u0b15  ", "testament_id": "old-testament", "testament_name": "\u0b13\u0b32\u0b4d\u0b21 \u0b37\u0b4d\u0b1f\u0b47\u0b1f\u0b3e\u0b2e\u0b47\u0b23\u0b4d\u0b1f  O.T."},
{"language_id": "4075255147", "book_id": "3788382716", "book_name": "\u0b17\u0b40\u0b24\u0b38\u0b02\u0b39\u0b3f\u0b24\u0b3e  ", "testament_id": "old-testament", "testament_name": "\u0b13\u0b32\u0b4d\u0b21 \u0b37\u0b4d\u0b1f\u0b47\u0b1f\u0b3e\u0b2e\u0b47\u0b23\u0b4d\u0b1f  O.T."},
{"language_id": "4075255147", "book_id": "4248316467", "book_name": "\u0b39\u0b3f\u0b24\u0b4b\u0b2a\u0b26\u0b47\u0b36  ", "testament_id": "old-testament", "testament_name": "\u0b13\u0b32\u0b4d\u0b21 \u0b37\u0b4d\u0b1f\u0b47\u0b1f\u0b3e\u0b2e\u0b47\u0b23\u0b4d\u0b1f  O.T."},
{"language_id": "4075255147", "book_id": "4279837599", "book_name": "\u0b09\u0b2a\u0b26\u0b47\u0b36\u0b15  ", "testament_id": "old-testament", "testament_name": "\u0b13\u0b32\u0b4d\u0b21 \u0b37\u0b4d\u0b1f\u0b47\u0b1f\u0b3e\u0b2e\u0b47\u0b23\u0b4d\u0b1f  O.T."},
{"language_id": "4075255147", "book_id": "2510575822", "book_name": "\u0b2a\u0b30\u0b2e\u0b17\u0b40\u0b24  ", "testament_id": "old-testament", "testament_name": "\u0b13\u0b32\u0b4d\u0b21 \u0b37\u0b4d\u0b1f\u0b47\u0b1f\u0b3e\u0b2e\u0b47\u0b23\u0b4d\u0b1f  O.T."},
{"language_id": "4075255147", "book_id": "2264155144", "book_name": "\u0b2f\u0b3f\u0b36\u0b3e\u0b07\u0b5f  ", "testament_id": "old-testament", "testament_name": "\u0b13\u0b32\u0b4d\u0b21 \u0b37\u0b4d\u0b1f\u0b47\u0b1f\u0b3e\u0b2e\u0b47\u0b23\u0b4d\u0b1f  O.T."},
{"language_id": "4075255147", "book_id": "2846570782", "book_name": "\u0b2f\u0b3f\u0b30\u0b3f\u0b2e\u0b3f\u0b5f  ", "testament_id": "old-testament", "testament_name": "\u0b13\u0b32\u0b4d\u0b21 \u0b37\u0b4d\u0b1f\u0b47\u0b1f\u0b3e\u0b2e\u0b47\u0b23\u0b4d\u0b1f  O.T."},
{"language_id": "4075255147", "book_id": "2559277610", "book_name": "\u0b2f\u0b3f\u0b30\u0b3f\u0b2e\u0b3f\u0b5f\u0b19\u0b4d\u0b15 \u0b2c\u0b3f\u0b33\u0b3e\u0b2a  ", "testament_id": "old-testament", "testament_name": "\u0b13\u0b32\u0b4d\u0b21 \u0b37\u0b4d\u0b1f\u0b47\u0b1f\u0b3e\u0b2e\u0b47\u0b23\u0b4d\u0b1f  O.T."},
{"language_id": "4075255147", "book_id": "49692739", "book_name": "\u0b2f\u0b3f\u0b39\u0b3f\u0b1c\u0b3f\u0b15\u0b32  ", "testament_id": "old-testament", "testament_name": "\u0b13\u0b32\u0b4d\u0b21 \u0b37\u0b4d\u0b1f\u0b47\u0b1f\u0b3e\u0b2e\u0b47\u0b23\u0b4d\u0b1f  O.T."},
{"language_id": "4075255147", "book_id": "3777181798", "book_name": "\u0b26\u0b3e\u0b28\u0b3f\u0b0f\u0b32  ", "testament_id": "old-testament", "testament_name": "\u0b13\u0b32\u0b4d\u0b21 \u0b37\u0b4d\u0b1f\u0b47\u0b1f\u0b3e\u0b2e\u0b47\u0b23\u0b4d\u0b1f  O.T."},
{"language_id": "4075255147", "book_id": "2520367579", "book_name": "\u0b39\u0b4b\u0b36\u0b47\u0b5f  ", "testament_id": "old-testament", "testament_name": "\u0b13\u0b32\u0b4d\u0b21 \u0b37\u0b4d\u0b1f\u0b47\u0b1f\u0b3e\u0b2e\u0b47\u0b23\u0b4d\u0b1f  O.T."},
{"language_id": "4075255147", "book_id": "3304147540", "book_name": "\u0b2f\u0b4b\u0b5f\u0b47\u0b32  ", "testament_id": "old-testament", "testament_name": "\u0b13\u0b32\u0b4d\u0b21 \u0b37\u0b4d\u0b1f\u0b47\u0b1f\u0b3e\u0b2e\u0b47\u0b23\u0b4d\u0b1f  O.T."},
{"language_id": "4075255147", "book_id": "3235049598", "book_name": "\u0b06\u0b2e\u0b4b\u0b37  ", "testament_id": "old-testament", "testament_name": "\u0b13\u0b32\u0b4d\u0b21 \u0b37\u0b4d\u0b1f\u0b47\u0b1f\u0b3e\u0b2e\u0b47\u0b23\u0b4d\u0b1f  O.T."},
{"language_id": "4075255147", "book_id": "3813010882", "book_name": "\u0b13\u0b2c\u0b26\u0b3f\u0b5f  ", "testament_id": "old-testament", "testament_name": "\u0b13\u0b32\u0b4d\u0b21 \u0b37\u0b4d\u0b1f\u0b47\u0b1f\u0b3e\u0b2e\u0b47\u0b23\u0b4d\u0b1f  O.T."},
{"language_id": "4075255147", "book_id": "2470562425", "book_name": "\u0b2f\u0b42\u0b28\u0b38  ", "testament_id": "old-testament", "testament_name": "\u0b13\u0b32\u0b4d\u0b21 \u0b37\u0b4d\u0b1f\u0b47\u0b1f\u0b3e\u0b2e\u0b47\u0b23\u0b4d\u0b1f  O.T."},
{"language_id": "4075255147", "book_id": "3319085387", "book_name": "\u0b2e\u0b40\u0b16\u0b3e  ", "testament_id": "old-testament", "testament_name": "\u0b13\u0b32\u0b4d\u0b21 \u0b37\u0b4d\u0b1f\u0b47\u0b1f\u0b3e\u0b2e\u0b47\u0b23\u0b4d\u0b1f  O.T."},
{"language_id": "4075255147", "book_id": "1018870785", "book_name": "\u0b28\u0b3e\u0b39\u0b42\u0b2e  ", "testament_id": "old-testament", "testament_name": "\u0b13\u0b32\u0b4d\u0b21 \u0b37\u0b4d\u0b1f\u0b47\u0b1f\u0b3e\u0b2e\u0b47\u0b23\u0b4d\u0b1f  O.T."},
{"language_id": "4075255147", "book_id": "1715126721", "book_name": "\u0b39\u0b2c\u0b15\u0b15\u0b42\u0b15  ", "testament_id": "old-testament", "testament_name": "\u0b13\u0b32\u0b4d\u0b21 \u0b37\u0b4d\u0b1f\u0b47\u0b1f\u0b3e\u0b2e\u0b47\u0b23\u0b4d\u0b1f  O.T."},
{"language_id": "4075255147", "book_id": "1542893240", "book_name": "\u0b38\u0b3f\u0b2b\u0b28\u0b3f\u0b5f  ", "testament_id": "old-testament", "testament_name": "\u0b13\u0b32\u0b4d\u0b21 \u0b37\u0b4d\u0b1f\u0b47\u0b1f\u0b3e\u0b2e\u0b47\u0b23\u0b4d\u0b1f  O.T."},
{"language_id": "4075255147", "book_id": "2152455692", "book_name": "\u0b39\u0b17\u0b5f  ", "testament_id": "old-testament", "testament_name": "\u0b13\u0b32\u0b4d\u0b21 \u0b37\u0b4d\u0b1f\u0b47\u0b1f\u0b3e\u0b2e\u0b47\u0b23\u0b4d\u0b1f  O.T."},
{"language_id": "4075255147", "book_id": "2590124252", "book_name": "\u0b2f\u0b3f\u0b16\u0b30\u0b3f\u0b5f  ", "testament_id": "old-testament", "testament_name": "\u0b13\u0b32\u0b4d\u0b21 \u0b37\u0b4d\u0b1f\u0b47\u0b1f\u0b3e\u0b2e\u0b47\u0b23\u0b4d\u0b1f  O.T."},
{"language_id": "4075255147", "book_id": "2628686283", "book_name": "\u0b2e\u0b32\u0b3e\u0b16\u0b40  ", "testament_id": "old-testament", "testament_name": "\u0b13\u0b32\u0b4d\u0b21 \u0b37\u0b4d\u0b1f\u0b47\u0b1f\u0b3e\u0b2e\u0b47\u0b23\u0b4d\u0b1f  O.T."},
{"language_id": "4075255147", "book_id": "1045328087", "book_name": "\u0b2e\u0b3e\u0b25\u0b3f\u0b09\u0b32\u0b3f\u0b16\u0b3f\u0b24 \u0b38\u0b41\u0b38\u0b2e\u0b3e\u0b1a\u0b3e\u0b30  ", "testament_id": "new-testament", "testament_name": "\u0b28\u0b4d\u0b5f\u0b41 \u0b37\u0b4d\u0b1f\u0b47\u0b1f\u0b3e\u0b2e\u0b47\u0b23\u0b4d\u0b1f - "},
{"language_id": "4075255147", "book_id": "3254461389", "book_name": "\u0b2e\u0b3e\u0b30\u0b4d\u0b15\u0b32\u0b3f\u0b16\u0b3f\u0b24 \u0b38\u0b41\u0b38\u0b2e\u0b3e\u0b1a\u0b3e\u0b30  ", "testament_id": "new-testament", "testament_name": "\u0b28\u0b4d\u0b5f\u0b41 \u0b37\u0b4d\u0b1f\u0b47\u0b1f\u0b3e\u0b2e\u0b47\u0b23\u0b4d\u0b1f - "},
{"language_id": "4075255147", "book_id": "4187843379", "book_name": "\u0b32\u0b42\u0b15\u0b32\u0b3f\u0b16\u0b3f\u0b24 \u0b38\u0b41\u0b38\u0b2e\u0b3e\u0b1a\u0b3e\u0b30  ", "testament_id": "new-testament", "testament_name": "\u0b28\u0b4d\u0b5f\u0b41 \u0b37\u0b4d\u0b1f\u0b47\u0b1f\u0b3e\u0b2e\u0b47\u0b23\u0b4d\u0b1f - "},
{"language_id": "4075255147", "book_id": "1378222014", "book_name": "\u0b2f\u0b4b\u0b39\u0b28\u0b32\u0b3f\u0b16\u0b3f\u0b24 \u0b38\u0b41\u0b38\u0b2e\u0b3e\u0b1a\u0b3e\u0b30  ", "testament_id": "new-testament", "testament_name": "\u0b28\u0b4d\u0b5f\u0b41 \u0b37\u0b4d\u0b1f\u0b47\u0b1f\u0b3e\u0b2e\u0b47\u0b23\u0b4d\u0b1f - "},
{"language_id": "4075255147", "book_id": "2635801047", "book_name": "\u0b30\u0b47\u0b30\u0b3f\u0b24\u0b2e\u0b3e\u0b28\u0b19\u0b4d\u0b15 \u0b15\u0b3e\u0b30\u0b4d\u0b2f\u0b4d\u0b5f\u0b30 \u0b2c\u0b3f\u0b2c\u0b30\u0b23  ", "testament_id": "new-testament", "testament_name": "\u0b28\u0b4d\u0b5f\u0b41 \u0b37\u0b4d\u0b1f\u0b47\u0b1f\u0b3e\u0b2e\u0b47\u0b23\u0b4d\u0b1f - "},
{"language_id": "4075255147", "book_id": "1810853163", "book_name": "\u0b30\u0b4b\u0b2e\u0b40\u0b5f \u0b2e\u0b23\u0b4d\u0b21\u0b33\u0b40 \u0b28\u0b3f\u0b15\u0b1f\u0b15\u0b41 \u0b2a\u0b4d\u0b30\u0b47\u0b30\u0b3f\u0b24 \u0b2a\u0b3e\u0b09\u0b32\u0b19\u0b4d\u0b15 \u0b2a\u0b24\u0b4d   ", "testament_id": "new-testament", "testament_name": "\u0b28\u0b4d\u0b5f\u0b41 \u0b37\u0b4d\u0b1f\u0b47\u0b1f\u0b3e\u0b2e\u0b47\u0b23\u0b4d\u0b1f - "},
{"language_id": "4075255147", "book_id": "3547794140", "book_name": "\u0b15\u0b30\u0b3f\u0b28\u0b4d\u0b25\u0b40\u0b5f \u0b2e\u0b23\u0b4d\u0b21\u0b33\u0b40 \u0b28\u0b3f\u0b15\u0b1f\u0b15\u0b41 \u0b2a\u0b3e\u0b09\u0b32\u0b19\u0b4d\u0b15 \u0b2a\u0b4d\u0b30\u0b25\u0b2e \u0b2a\u0b24\u0b4d\u0b30  ", "testament_id": "new-testament", "testament_name": "\u0b28\u0b4d\u0b5f\u0b41 \u0b37\u0b4d\u0b1f\u0b47\u0b1f\u0b3e\u0b2e\u0b47\u0b23\u0b4d\u0b1f - "},
{"language_id": "4075255147", "book_id": "1689558279", "book_name": "\u0b15\u0b30\u0b3f\u0b28\u0b4d\u0b25\u0b40\u0b5f \u0b2e\u0b23\u0b4d\u0b21\u0b33\u0b40 \u0b28\u0b3f\u0b15\u0b1f\u0b15\u0b41 \u0b2a\u0b3e\u0b09\u0b32\u0b19\u0b4d\u0b15 \u0b26\u0b3f\u0b24\u0b40\u0b5f \u0b2a\u0b24\u0b4d\u0b30  ", "testament_id": "new-testament", "testament_name": "\u0b28\u0b4d\u0b5f\u0b41 \u0b37\u0b4d\u0b1f\u0b47\u0b1f\u0b3e\u0b2e\u0b47\u0b23\u0b4d\u0b1f - "},
{"language_id": "4075255147", "book_id": "747278270", "book_name": "\u0b17\u0b3e\u0b32\u0b3e\u0b24\u0b40\u0b5f \u0b2e\u0b23\u0b4d\u0b21\u0b33\u0b40 \u0b28\u0b3f\u0b15\u0b1f\u0b15\u0b41 \u0b2a\u0b4d\u0b30\u0b47\u0b30\u0b3f\u0b24 \u0b2a\u0b3e\u0b09\u0b32\u0b19\u0b4d\u0b15 \u0b2a\u0b24\u0b4d\u0b30  ", "testament_id": "new-testament", "testament_name": "\u0b28\u0b4d\u0b5f\u0b41 \u0b37\u0b4d\u0b1f\u0b47\u0b1f\u0b3e\u0b2e\u0b47\u0b23\u0b4d\u0b1f - "},
{"language_id": "4075255147", "book_id": "876871105", "book_name": "\u0b0f\u0b2b\u0b3f\u0b38\u0b40\u0b5f \u0b2e\u0b23\u0b4d\u0b21\u0b33\u0b40 \u0b28\u0b3f\u0b15\u0b1f\u0b15\u0b41 \u0b2a\u0b4d\u0b30\u0b47\u0b30\u0b3f\u0b24 \u0b2a\u0b3e\u0b09\u0b32\u0b19\u0b4d\u0b15 \u0b2a\u0b24\u0b4d  ", "testament_id": "new-testament", "testament_name": "\u0b28\u0b4d\u0b5f\u0b41 \u0b37\u0b4d\u0b1f\u0b47\u0b1f\u0b3e\u0b2e\u0b47\u0b23\u0b4d\u0b1f - "},
{"language_id": "4075255147", "book_id": "2948919394", "book_name": "\u0b2b\u0b3f\u0b32\u0b3f\u0b2a\u0b4d\u0b2a\u0b40\u0b5f \u0b2e\u0b23\u0b4d\u0b21\u0b33\u0b40 \u0b28\u0b3f\u0b15\u0b1f\u0b15\u0b41 \u0b2a\u0b4d\u0b30\u0b47\u0b30\u0b3f\u0b24 \u0b2a\u0b3e\u0b09\u0b32\u0b19\u0b4d\u0b15 \u0b2a\u0b24\u0b4d\u0b30  ", "testament_id": "new-testament", "testament_name": "\u0b28\u0b4d\u0b5f\u0b41 \u0b37\u0b4d\u0b1f\u0b47\u0b1f\u0b3e\u0b2e\u0b47\u0b23\u0b4d\u0b1f - "},
{"language_id": "4075255147", "book_id": "2487516264", "book_name": " \u0b15\u0b32\u0b38\u0b40\u0b5f \u0b2e\u0b23\u0b4d\u0b21\u0b33\u0b40 \u0b28\u0b3f\u0b15\u0b1f\u0b15\u0b41 \u0b2a\u0b4d\u0b30\u0b47\u0b30\u0b3f\u0b24 \u0b2a\u0b3e\u0b09\u0b32\u0b19\u0b4d\u0b15 \u0b2a\u0b24\u0b4d  ", "testament_id": "new-testament", "testament_name": "\u0b28\u0b4d\u0b5f\u0b41 \u0b37\u0b4d\u0b1f\u0b47\u0b1f\u0b3e\u0b2e\u0b47\u0b23\u0b4d\u0b1f - "},
{"language_id": "4075255147", "book_id": "815924633", "book_name": "\u0b25\u0b47\u0b38\u0b32\u0b28\u0b40\u0b15\u0b40\u0b5f \u0b2e\u0b23\u0b4d\u0b21\u0b33\u0b40 \u0b28\u0b3f\u0b15\u0b1f\u0b15\u0b41 \u0b2a\u0b4d\u0b30\u0b47\u0b30\u0b3f\u0b24 \u0b2a\u0b3e\u0b09\u0b32\u0b19\u0b4d\u0b15 \u0b2a\u0b4d\u0b30\u0b25\u0b2e \u0b2a\u0b24\u0b4d\u0b30  ", "testament_id": "new-testament", "testament_name": "\u0b28\u0b4d\u0b5f\u0b41 \u0b37\u0b4d\u0b1f\u0b47\u0b1f\u0b3e\u0b2e\u0b47\u0b23\u0b4d\u0b1f - "},
{"language_id": "4075255147", "book_id": "2967187042", "book_name": "\u0b25\u0b47\u0b38\u0b32\u0b28\u0b40\u0b15\u0b40\u0b5f \u0b2e\u0b23\u0b4d\u0b21\u0b33\u0b40 \u0b28\u0b3f\u0b15\u0b1f\u0b15\u0b41 \u0b2a\u0b4d\u0b30\u0b47\u0b30\u0b3f\u0b24 \u0b2a\u0b3e\u0b09\u0b32\u0b19\u0b4d\u0b15 \u0b26\u0b3f\u0b24\u0b40\u0b5f \u0b2a\u0b24\u0b4d  ", "testament_id": "new-testament", "testament_name": "\u0b28\u0b4d\u0b5f\u0b41 \u0b37\u0b4d\u0b1f\u0b47\u0b1f\u0b3e\u0b2e\u0b47\u0b23\u0b4d\u0b1f - "},
{"language_id": "4075255147", "book_id": "3623543626", "book_name": "\u0b24\u0b40\u0b2e\u0b25\u0b3f\u0b19\u0b4d\u0b15 \u0b28\u0b3f\u0b15\u0b1f\u0b15\u0b41 \u0b2a\u0b4d\u0b30\u0b47\u0b30\u0b3f\u0b24 \u0b2a\u0b3e\u0b09\u0b32\u0b19\u0b4d\u0b15 \u0b2a\u0b4d\u0b30\u0b25\u0b2e \u0b2a\u0b24\u0b4d\u0b30  ", "testament_id": "new-testament", "testament_name": "\u0b28\u0b4d\u0b5f\u0b41 \u0b37\u0b4d\u0b1f\u0b47\u0b1f\u0b3e\u0b2e\u0b47\u0b23\u0b4d\u0b1f - "},
{"language_id": "4075255147", "book_id": "3393363761", "book_name": "\u0b24\u0b40\u0b2e\u0b25\u0b3f\u0b19\u0b4d\u0b15 \u0b28\u0b3f\u0b15\u0b1f\u0b15\u0b41 \u0b2a\u0b4d\u0b30\u0b47\u0b30\u0b3f\u0b24 \u0b2a\u0b3e\u0b09\u0b32\u0b19\u0b4d\u0b15 \u0b26\u0b3f\u0b24\u0b40\u0b5f \u0b2a\u0b24\u0b4d  ", "testament_id": "new-testament", "testament_name": "\u0b28\u0b4d\u0b5f\u0b41 \u0b37\u0b4d\u0b1f\u0b47\u0b1f\u0b3e\u0b2e\u0b47\u0b23\u0b4d\u0b1f - "},
{"language_id": "4075255147", "book_id": "2918455844", "book_name": "\u0b24\u0b40\u0b24\u0b38\u0b19\u0b4d\u0b15 \u0b28\u0b3f\u0b15\u0b1f\u0b15\u0b41 \u0b2a\u0b4d\u0b30\u0b47\u0b30\u0b3f\u0b24 \u0b2a\u0b3e\u0b09\u0b32\u0b19\u0b4d\u0b15\u0b30 \u0b2a\u0b24\u0b4d  ", "testament_id": "new-testament", "testament_name": "\u0b28\u0b4d\u0b5f\u0b41 \u0b37\u0b4d\u0b1f\u0b47\u0b1f\u0b3e\u0b2e\u0b47\u0b23\u0b4d\u0b1f - "},
{"language_id": "4075255147", "book_id": "3161060982", "book_name": "\u0b2b\u0b3f\u0b32\u0b40\u0b2e\u0b4b\u0b28\u0b19\u0b4d\u0b15 \u0b28\u0b3f\u0b15\u0b1f\u0b15\u0b41 \u0b2a\u0b4d\u0b30\u0b47\u0b30\u0b3f\u0b24 \u0b2a\u0b3e\u0b09\u0b32\u0b19\u0b4d\u0b15\u0b30 \u0b2a\u0b24\u0b4d\u0b30  ", "testament_id": "new-testament", "testament_name": "\u0b28\u0b4d\u0b5f\u0b41 \u0b37\u0b4d\u0b1f\u0b47\u0b1f\u0b3e\u0b2e\u0b47\u0b23\u0b4d\u0b1f - "},
{"language_id": "4075255147", "book_id": "2560815501", "book_name": "\u0b0f\u0b2c\u0b4d\u0b30\u0b40\u0b2e\u0b3e\u0b28\u0b19\u0b4d\u0b15 \u0b28\u0b3f\u0b15\u0b1f\u0b15\u0b41 \u0b2a\u0b24\u0b4d\u0b30  ", "testament_id": "new-testament", "testament_name": "\u0b28\u0b4d\u0b5f\u0b41 \u0b37\u0b4d\u0b1f\u0b47\u0b1f\u0b3e\u0b2e\u0b47\u0b23\u0b4d\u0b1f - "},
{"language_id": "4075255147", "book_id": "2317362166", "book_name": "\u0b2f\u0b3e\u0b15\u0b41\u0b2c\u0b19\u0b4d\u0b15 \u0b2a\u0b24\u0b4d  ", "testament_id": "new-testament", "testament_name": "\u0b28\u0b4d\u0b5f\u0b41 \u0b37\u0b4d\u0b1f\u0b47\u0b1f\u0b3e\u0b2e\u0b47\u0b23\u0b4d\u0b1f - "},
{"language_id": "4075255147", "book_id": "2230764600", "book_name": "\u0b2a\u0b3f\u0b24\u0b30\u0b19\u0b4d\u0b15 \u0b2a\u0b4d\u0b30\u0b25\u0b2e \u0b2a\u0b24\u0b4d  ", "testament_id": "new-testament", "testament_name": "\u0b28\u0b4d\u0b5f\u0b41 \u0b37\u0b4d\u0b1f\u0b47\u0b1f\u0b3e\u0b2e\u0b47\u0b23\u0b4d\u0b1f - "},
{"language_id": "4075255147", "book_id": "526977571", "book_name": "\u0b2a\u0b3f\u0b24\u0b30\u0b19\u0b4d\u0b15 \u0b26\u0b3f\u0b24\u0b40\u0b5f \u0b2a\u0b24\u0b4d\u0b30  ", "testament_id": "new-testament", "testament_name": "\u0b28\u0b4d\u0b5f\u0b41 \u0b37\u0b4d\u0b1f\u0b47\u0b1f\u0b3e\u0b2e\u0b47\u0b23\u0b4d\u0b1f - "},
{"language_id": "4075255147", "book_id": "3783201654", "book_name": "\u0b2f\u0b4b\u0b39\u0b28\u0b19\u0b4d\u0b15 \u0b2a\u0b4d\u0b30\u0b25\u0b2e \u0b2a\u0b24\u0b4d\u0b30  ", "testament_id": "new-testament", "testament_name": "\u0b28\u0b4d\u0b5f\u0b41 \u0b37\u0b4d\u0b1f\u0b47\u0b1f\u0b3e\u0b2e\u0b47\u0b23\u0b4d\u0b1f - "},
{"language_id": "4075255147", "book_id": "3814249541", "book_name": "\u0b2f\u0b4b\u0b39\u0b28\u0b19\u0b4d\u0b15 \u0b26\u0b3f\u0b24\u0b40\u0b5f \u0b2a\u0b24\u0b4d  ", "testament_id": "new-testament", "testament_name": "\u0b28\u0b4d\u0b5f\u0b41 \u0b37\u0b4d\u0b1f\u0b47\u0b1f\u0b3e\u0b2e\u0b47\u0b23\u0b4d\u0b1f - "},
{"language_id": "4075255147", "book_id": "3795984872", "book_name": "\u0b2f\u0b4b\u0b39\u0b28\u0b19\u0b4d\u0b15 \u0b24\u0b43\u0b24\u0b40\u0b5f \u0b2a\u0b24\u0b4d\u0b30  ", "testament_id": "new-testament", "testament_name": "\u0b28\u0b4d\u0b5f\u0b41 \u0b37\u0b4d\u0b1f\u0b47\u0b1f\u0b3e\u0b2e\u0b47\u0b23\u0b4d\u0b1f - "},
{"language_id": "4075255147", "book_id": "1060882415", "book_name": " \u0b2f\u0b3f\u0b39\u0b42\u0b26\u0b3e\u0b19\u0b4d\u0b15 \u0b2a\u0b24\u0b4d\u0b30  ", "testament_id": "new-testament", "testament_name": "\u0b28\u0b4d\u0b5f\u0b41 \u0b37\u0b4d\u0b1f\u0b47\u0b1f\u0b3e\u0b2e\u0b47\u0b23\u0b4d\u0b1f - "},
{"language_id": "4075255147", "book_id": "3169874241", "book_name": "\u0b2f\u0b4b\u0b39\u0b28\u0b19\u0b4d\u0b15 \u0b2a\u0b4d\u0b30\u0b24\u0b3f \u0b2a\u0b4d\u0b30\u0b15\u0b3e\u0b36\u0b3f\u0b24 \u0b2c\u0b3e\u0b15\u0b4d\u0b5f  ", "testament_id": "new-testament", "testament_name": "\u0b28\u0b4d\u0b5f\u0b41 \u0b37\u0b4d\u0b1f\u0b47\u0b1f\u0b3e\u0b2e\u0b47\u0b23\u0b4d\u0b1f - "}
]