[
{"language_id": "1175129527", "book_id": "2460394732", "book_name": "\u0b86\u0ba4\u0bbf\u0baf\u0bbe\u0b95\u0bae\u0bae\u0bcd ", "testament_id": "old-testament", "testament_name": "\u0baa\u0bb4\u0bc8\u0baf \u0b8f\u0bb1\u0bcd\u0baa\u0bbe\u0b9f\u0bc1   -  O.T."},
{"language_id": "1175129527", "book_id": "2047974846", "book_name": "\u0baf\u0bbe\u0ba4\u0bcd\u0ba4\u0bbf\u0bb0\u0bbe\u0b95\u0bae\u0bae\u0bcd ", "testament_id": "old-testament", "testament_name": "\u0baa\u0bb4\u0bc8\u0baf \u0b8f\u0bb1\u0bcd\u0baa\u0bbe\u0b9f\u0bc1   -  O.T."},
{"language_id": "1175129527", "book_id": "1303840052", "book_name": "\u0bb2\u0bc7\u0bb5\u0bbf\u0baf\u0bb0\u0bbe\u0b95\u0bae\u0bae\u0bcd ", "testament_id": "old-testament", "testament_name": "\u0baa\u0bb4\u0bc8\u0baf \u0b8f\u0bb1\u0bcd\u0baa\u0bbe\u0b9f\u0bc1   -  O.T."},
{"language_id": "1175129527", "book_id": "280976368", "book_name": "\u0b8e\u0ba3\u0bcd\u0ba3\u0bbe\u0b95\u0bae\u0bae\u0bcd ", "testament_id": "old-testament", "testament_name": "\u0baa\u0bb4\u0bc8\u0baf \u0b8f\u0bb1\u0bcd\u0baa\u0bbe\u0b9f\u0bc1   -  O.T."},
{"language_id": "1175129527", "book_id": "4125008053", "book_name": "\u0b89\u0baa\u0bbe\u0b95\u0bae\u0bae\u0bcd ", "testament_id": "old-testament", "testament_name": "\u0baa\u0bb4\u0bc8\u0baf \u0b8f\u0bb1\u0bcd\u0baa\u0bbe\u0b9f\u0bc1   -  O.T."},
{"language_id": "1175129527", "book_id": "874691319", "book_name": "\u0baf\u0bcb\u0b9a\u0bc1\u0bb5\u0bbe", "testament_id": "old-testament", "testament_name": "\u0baa\u0bb4\u0bc8\u0baf \u0b8f\u0bb1\u0bcd\u0baa\u0bbe\u0b9f\u0bc1   -  O.T."},
{"language_id": "1175129527", "book_id": "3522010296", "book_name": "\u0ba8\u0bbf\u0baf\u0bbe\u0baf\u0bbe\u0ba4\u0bbf\u0baa\u0ba4\u0bbf\u0b95\u0bb3\u0bcd ", "testament_id": "old-testament", "testament_name": "\u0baa\u0bb4\u0bc8\u0baf \u0b8f\u0bb1\u0bcd\u0baa\u0bbe\u0b9f\u0bc1   -  O.T."},
{"language_id": "1175129527", "book_id": "306778298", "book_name": "\u0bb0\u0bc2\u0ba4\u0bcd ", "testament_id": "old-testament", "testament_name": "\u0baa\u0bb4\u0bc8\u0baf \u0b8f\u0bb1\u0bcd\u0baa\u0bbe\u0b9f\u0bc1   -  O.T."},
{"language_id": "1175129527", "book_id": "1802637115", "book_name": "1 \u0b9a\u0bbe\u0bae\u0bc1\u0bb5\u0bc7\u0bb2\u0bcd ", "testament_id": "old-testament", "testament_name": "\u0baa\u0bb4\u0bc8\u0baf \u0b8f\u0bb1\u0bcd\u0baa\u0bbe\u0b9f\u0bc1   -  O.T."},
{"language_id": "1175129527", "book_id": "2442058516", "book_name": "2 \u0b9a\u0bbe\u0bae\u0bc1\u0bb5\u0bc7\u0bb2\u0bcd ", "testament_id": "old-testament", "testament_name": "\u0baa\u0bb4\u0bc8\u0baf \u0b8f\u0bb1\u0bcd\u0baa\u0bbe\u0b9f\u0bc1   -  O.T."},
{"language_id": "1175129527", "book_id": "185814560", "book_name": "1 \u0b87\u0bb0\u0bbe\u0b9c\u0bbe\u0b95\u0bcd\u0b95\u0bb3\u0bcd ", "testament_id": "old-testament", "testament_name": "\u0baa\u0bb4\u0bc8\u0baf \u0b8f\u0bb1\u0bcd\u0baa\u0bbe\u0b9f\u0bc1   -  O.T."},
{"language_id": "1175129527", "book_id": "3540672376", "book_name": "2 \u0b87\u0bb0\u0bbe\u0b9c\u0bbe\u0b95\u0bcd\u0b95\u0bb3\u0bcd ", "testament_id": "old-testament", "testament_name": "\u0baa\u0bb4\u0bc8\u0baf \u0b8f\u0bb1\u0bcd\u0baa\u0bbe\u0b9f\u0bc1   -  O.T."},
{"language_id": "1175129527", "book_id": "3571897717", "book_name": "1 \u0ba8\u0bbe\u0bb3\u0bbe\u0b95\u0bae\u0bae\u0bcd ", "testament_id": "old-testament", "testament_name": "\u0baa\u0bb4\u0bc8\u0baf \u0b8f\u0bb1\u0bcd\u0baa\u0bbe\u0b9f\u0bc1   -  O.T."},
{"language_id": "1175129527", "book_id": "1233303913", "book_name": "2 \u0ba8\u0bbe\u0bb3\u0bbe\u0b95\u0bae\u0bae\u0bcd ", "testament_id": "old-testament", "testament_name": "\u0baa\u0bb4\u0bc8\u0baf \u0b8f\u0bb1\u0bcd\u0baa\u0bbe\u0b9f\u0bc1   -  O.T."},
{"language_id": "1175129527", "book_id": "2515574749", "book_name": "\u0b8e\u0bb8\u0bcd\u0bb1\u0bbe ", "testament_id": "old-testament", "testament_name": "\u0baa\u0bb4\u0bc8\u0baf \u0b8f\u0bb1\u0bcd\u0baa\u0bbe\u0b9f\u0bc1   -  O.T."},
{"language_id": "1175129527", "book_id": "44767042", "book_name": "\u0ba8\u0bc6\u0b95\u0bc7\u0bae\u0bbf\u0baf\u0bbe ", "testament_id": "old-testament", "testament_name": "\u0baa\u0bb4\u0bc8\u0baf \u0b8f\u0bb1\u0bcd\u0baa\u0bbe\u0b9f\u0bc1   -  O.T."},
{"language_id": "1175129527", "book_id": "1550522457", "book_name": "\u0b8e\u0bb8\u0bcd\u0ba4\u0bb0\u0bcd ", "testament_id": "old-testament", "testament_name": "\u0baa\u0bb4\u0bc8\u0baf \u0b8f\u0bb1\u0bcd\u0baa\u0bbe\u0b9f\u0bc1   -  O.T."},
{"language_id": "1175129527", "book_id": "2833993011", "book_name": "\u0baf\u0bcb\u0baa\u0bc1 ", "testament_id": "old-testament", "testament_name": "\u0baa\u0bb4\u0bc8\u0baf \u0b8f\u0bb1\u0bcd\u0baa\u0bbe\u0b9f\u0bc1   -  O.T."},
{"language_id": "1175129527", "book_id": "3020429249", "book_name": "\u0b9a\u0b99\u0bcd\u0b95\u0bc0\u0ba4\u0bae\u0bcd", "testament_id": "old-testament", "testament_name": "\u0baa\u0bb4\u0bc8\u0baf \u0b8f\u0bb1\u0bcd\u0baa\u0bbe\u0b9f\u0bc1   -  O.T."},
{"language_id": "1175129527", "book_id": "2255643580", "book_name": "\u0ba8\u0bc0\u0ba4\u0bbf\u0bae\u0bca\u0bb4\u0bbf\u0b95\u0bb3\u0bcd", "testament_id": "old-testament", "testament_name": "\u0baa\u0bb4\u0bc8\u0baf \u0b8f\u0bb1\u0bcd\u0baa\u0bbe\u0b9f\u0bc1   -  O.T."},
{"language_id": "1175129527", "book_id": "3496092639", "book_name": "\u0baa\u0bbf\u0bb0\u0b9a\u0b99\u0bcd\u0b95\u0bbf ", "testament_id": "old-testament", "testament_name": "\u0baa\u0bb4\u0bc8\u0baf \u0b8f\u0bb1\u0bcd\u0baa\u0bbe\u0b9f\u0bc1   -  O.T."},
{"language_id": "1175129527", "book_id": "2313085710", "book_name": "\u0b89\u0ba9\u0bcd\u0ba9\u0ba4\u0baa\u0bcd\u0baa\u0bbe\u0b9f\u0bcd\u0b9f\u0bc1 ", "testament_id": "old-testament", "testament_name": "\u0baa\u0bb4\u0bc8\u0baf \u0b8f\u0bb1\u0bcd\u0baa\u0bbe\u0b9f\u0bc1   -  O.T."},
{"language_id": "1175129527", "book_id": "555275634", "book_name": "\u0b8f\u0b9a\u0bbe\u0baf\u0bbe  ", "testament_id": "old-testament", "testament_name": "\u0baa\u0bb4\u0bc8\u0baf \u0b8f\u0bb1\u0bcd\u0baa\u0bbe\u0b9f\u0bc1   -  O.T."},
{"language_id": "1175129527", "book_id": "1537288710", "book_name": "\u0b8e\u0bb0\u0bc7\u0bae\u0bbf\u0baf\u0bbe ", "testament_id": "old-testament", "testament_name": "\u0baa\u0bb4\u0bc8\u0baf \u0b8f\u0bb1\u0bcd\u0baa\u0bbe\u0b9f\u0bc1   -  O.T."},
{"language_id": "1175129527", "book_id": "2471815229", "book_name": "\u0baa\u0bc1\u0bb2\u0bae\u0bcd\u0baa\u0bb2\u0bcd ", "testament_id": "old-testament", "testament_name": "\u0baa\u0bb4\u0bc8\u0baf \u0b8f\u0bb1\u0bcd\u0baa\u0bbe\u0b9f\u0bc1   -  O.T."},
{"language_id": "1175129527", "book_id": "2625449999", "book_name": "\u0b8e\u0b9a\u0bc7\u0b95\u0bcd\u0b95\u0bbf\u0baf\u0bc7\u0bb2\u0bcd ", "testament_id": "old-testament", "testament_name": "\u0baa\u0bb4\u0bc8\u0baf \u0b8f\u0bb1\u0bcd\u0baa\u0bbe\u0b9f\u0bc1   -  O.T."},
{"language_id": "1175129527", "book_id": "396404571", "book_name": "\u0ba4\u0bbe\u0ba9\u0bbf\u0baf\u0bc7\u0bb2\u0bcd ", "testament_id": "old-testament", "testament_name": "\u0baa\u0bb4\u0bc8\u0baf \u0b8f\u0bb1\u0bcd\u0baa\u0bbe\u0b9f\u0bc1   -  O.T."},
{"language_id": "1175129527", "book_id": "2395885524", "book_name": "\u0b93\u0b9a\u0bbf\u0baf\u0bbe ", "testament_id": "old-testament", "testament_name": "\u0baa\u0bb4\u0bc8\u0baf \u0b8f\u0bb1\u0bcd\u0baa\u0bbe\u0b9f\u0bc1   -  O.T."},
{"language_id": "1175129527", "book_id": "1685443199", "book_name": "\u0baf\u0bcb\u0bb5\u0bc7\u0bb2\u0bcd ", "testament_id": "old-testament", "testament_name": "\u0baa\u0bb4\u0bc8\u0baf \u0b8f\u0bb1\u0bcd\u0baa\u0bbe\u0b9f\u0bc1   -  O.T."},
{"language_id": "1175129527", "book_id": "3615655052", "book_name": "\u0b86\u0bae\u0bcb\u0bb8\u0bcd ", "testament_id": "old-testament", "testament_name": "\u0baa\u0bb4\u0bc8\u0baf \u0b8f\u0bb1\u0bcd\u0baa\u0bbe\u0b9f\u0bc1   -  O.T."},
{"language_id": "1175129527", "book_id": "4245847765", "book_name": "\u0b92\u0baa\u0ba4\u0bbf\u0baf\u0bbe ", "testament_id": "old-testament", "testament_name": "\u0baa\u0bb4\u0bc8\u0baf \u0b8f\u0bb1\u0bcd\u0baa\u0bbe\u0b9f\u0bc1   -  O.T."},
{"language_id": "1175129527", "book_id": "2578724063", "book_name": "\u0baf\u0bcb\u0ba9\u0bbe ", "testament_id": "old-testament", "testament_name": "\u0baa\u0bb4\u0bc8\u0baf \u0b8f\u0bb1\u0bcd\u0baa\u0bbe\u0b9f\u0bc1   -  O.T."},
{"language_id": "1175129527", "book_id": "3745804692", "book_name": "\u0bae\u0bc0\u0b95\u0bbe ", "testament_id": "old-testament", "testament_name": "\u0baa\u0bb4\u0bc8\u0baf \u0b8f\u0bb1\u0bcd\u0baa\u0bbe\u0b9f\u0bc1   -  O.T."},
{"language_id": "1175129527", "book_id": "3248256348", "book_name": "\u0ba8\u0bbe\u0b95\u0bc2\u0bae\u0bcd ", "testament_id": "old-testament", "testament_name": "\u0baa\u0bb4\u0bc8\u0baf \u0b8f\u0bb1\u0bcd\u0baa\u0bbe\u0b9f\u0bc1   -  O.T."},
{"language_id": "1175129527", "book_id": "907982644", "book_name": "\u0b86\u0baa\u0b95\u0bc2\u0b95\u0bcd ", "testament_id": "old-testament", "testament_name": "\u0baa\u0bb4\u0bc8\u0baf \u0b8f\u0bb1\u0bcd\u0baa\u0bbe\u0b9f\u0bc1   -  O.T."},
{"language_id": "1175129527", "book_id": "2928563210", "book_name": "\u0b9a\u0bc6\u0baa\u0bcd\u0baa\u0ba9\u0bbf\u0baf\u0bbe ", "testament_id": "old-testament", "testament_name": "\u0baa\u0bb4\u0bc8\u0baf \u0b8f\u0bb1\u0bcd\u0baa\u0bbe\u0b9f\u0bc1   -  O.T."},
{"language_id": "1175129527", "book_id": "2314254746", "book_name": "\u0b86\u0b95\u0bbe\u0baf\u0bcd ", "testament_id": "old-testament", "testament_name": "\u0baa\u0bb4\u0bc8\u0baf \u0b8f\u0bb1\u0bcd\u0baa\u0bbe\u0b9f\u0bc1   -  O.T."},
{"language_id": "1175129527", "book_id": "1024269775", "book_name": "\u0b9a\u0b95\u0bb0\u0bbf\u0baf\u0bbe ", "testament_id": "old-testament", "testament_name": "\u0baa\u0bb4\u0bc8\u0baf \u0b8f\u0bb1\u0bcd\u0baa\u0bbe\u0b9f\u0bc1   -  O.T."},
{"language_id": "1175129527", "book_id": "3793984181", "book_name": "\u0bae\u0bb2\u0bcd\u0b95\u0bbf\u0baf\u0bbe ", "testament_id": "old-testament", "testament_name": "\u0baa\u0bb4\u0bc8\u0baf \u0b8f\u0bb1\u0bcd\u0baa\u0bbe\u0b9f\u0bc1   -  O.T."},
{"language_id": "1175129527", "book_id": "1529813107", "book_name": "\u0bae\u0ba4\u0bcd\u0ba4\u0bc7\u0baf\u0bc1", "testament_id": "new-testament", "testament_name": "\u0baa\u0bc1\u0ba4\u0bbf\u0baf \u0b8f\u0bb1\u0bcd\u0baa\u0bbe\u0b9f\u0bc1   - N.T."},
{"language_id": "1175129527", "book_id": "143078276", "book_name": "\u0bae\u0bbe\u0bb1\u0bcd\u0b95\u0bc1", "testament_id": "new-testament", "testament_name": "\u0baa\u0bc1\u0ba4\u0bbf\u0baf \u0b8f\u0bb1\u0bcd\u0baa\u0bbe\u0b9f\u0bc1   - N.T."},
{"language_id": "1175129527", "book_id": "1439055681", "book_name": "\u0bb2\u0bc1\u0bc2\u0b95\u0bcd\u0b95\u0bbe", "testament_id": "new-testament", "testament_name": "\u0baa\u0bc1\u0ba4\u0bbf\u0baf \u0b8f\u0bb1\u0bcd\u0baa\u0bbe\u0b9f\u0bc1   - N.T."},
{"language_id": "1175129527", "book_id": "1322793121", "book_name": "\u0baf\u0bcb\u0bb5\u0bbe\u0ba9\u0bcd", "testament_id": "new-testament", "testament_name": "\u0baa\u0bc1\u0ba4\u0bbf\u0baf \u0b8f\u0bb1\u0bcd\u0baa\u0bbe\u0b9f\u0bc1   - N.T."},
{"language_id": "1175129527", "book_id": "743305926", "book_name": "\u0b85\u0baa\u0bcd\u0baa\u0bcb\u0bb8\u0bcd\u0ba4\u0bb2\u0bb0\u0bc1\u0b9f\u0bc8\u0baf \u0ba8\u0b9f\u0baa\u0b9f\u0bbf\u0b95\u0bb3\u0bcd ", "testament_id": "new-testament", "testament_name": "\u0baa\u0bc1\u0ba4\u0bbf\u0baf \u0b8f\u0bb1\u0bcd\u0baa\u0bbe\u0b9f\u0bc1   - N.T."},
{"language_id": "1175129527", "book_id": "3932391416", "book_name": "\u0bb0\u0bcb\u0bae\u0bb0\u0bcd", "testament_id": "new-testament", "testament_name": "\u0baa\u0bc1\u0ba4\u0bbf\u0baf \u0b8f\u0bb1\u0bcd\u0baa\u0bbe\u0b9f\u0bc1   - N.T."},
{"language_id": "1175129527", "book_id": "1928581454", "book_name": "1 \u0b95\u0bca\u0bb0\u0bbf\u0ba8\u0bcd\u0ba4\u0bbf\u0baf\u0bb0\u0bcd", "testament_id": "new-testament", "testament_name": "\u0baa\u0bc1\u0ba4\u0bbf\u0baf \u0b8f\u0bb1\u0bcd\u0baa\u0bbe\u0b9f\u0bc1   - N.T."},
{"language_id": "1175129527", "book_id": "2127033140", "book_name": "2 \u0b95\u0bca\u0bb0\u0bbf\u0ba8\u0bcd\u0ba4\u0bbf\u0baf\u0bb0\u0bcd", "testament_id": "new-testament", "testament_name": "\u0baa\u0bc1\u0ba4\u0bbf\u0baf \u0b8f\u0bb1\u0bcd\u0baa\u0bbe\u0b9f\u0bc1   - N.T."},
{"language_id": "1175129527", "book_id": "1373637260", "book_name": "\u0b95\u0bb2\u0bbe\u0ba4\u0bcd\u0ba4\u0bbf\u0baf\u0bb0\u0bcd", "testament_id": "new-testament", "testament_name": "\u0baa\u0bc1\u0ba4\u0bbf\u0baf \u0b8f\u0bb1\u0bcd\u0baa\u0bbe\u0b9f\u0bc1   - N.T."},
{"language_id": "1175129527", "book_id": "3114781920", "book_name": "\u0b8e\u0baa\u0bc7\u0b9a\u0bbf\u0baf\u0bb0\u0bcd", "testament_id": "new-testament", "testament_name": "\u0baa\u0bc1\u0ba4\u0bbf\u0baf \u0b8f\u0bb1\u0bcd\u0baa\u0bbe\u0b9f\u0bc1   - N.T."},
{"language_id": "1175129527", "book_id": "2745214308", "book_name": "\u0baa\u0bbf\u0bb2\u0bbf\u0baa\u0bcd\u0baa\u0bbf\u0baf\u0bb0\u0bcd", "testament_id": "new-testament", "testament_name": "\u0baa\u0bc1\u0ba4\u0bbf\u0baf \u0b8f\u0bb1\u0bcd\u0baa\u0bbe\u0b9f\u0bc1   - N.T."},
{"language_id": "1175129527", "book_id": "2789415417", "book_name": "\u0b95\u0bca\u0bb2\u0bcb\u0b9a\u0bc6\u0baf\u0bb0\u0bcd", "testament_id": "new-testament", "testament_name": "\u0baa\u0bc1\u0ba4\u0bbf\u0baf \u0b8f\u0bb1\u0bcd\u0baa\u0bbe\u0b9f\u0bc1   - N.T."},
{"language_id": "1175129527", "book_id": "1288987088", "book_name": "1 \u0ba4\u0bc6\u0b9a\u0bb2\u0bcb\u0ba9\u0bbf\u0b95\u0bcd\u0b95\u0bc7\u0baf\u0bb0\u0bcd", "testament_id": "new-testament", "testament_name": "\u0baa\u0bc1\u0ba4\u0bbf\u0baf \u0b8f\u0bb1\u0bcd\u0baa\u0bbe\u0b9f\u0bc1   - N.T."},
{"language_id": "1175129527", "book_id": "1027854130", "book_name": "2 \u0ba4\u0bc6\u0b9a\u0bb2\u0bcb\u0ba9\u0bbf\u0b95\u0bcd\u0b95\u0bc7\u0baf\u0bb0\u0bcd ", "testament_id": "new-testament", "testament_name": "\u0baa\u0bc1\u0ba4\u0bbf\u0baf \u0b8f\u0bb1\u0bcd\u0baa\u0bbe\u0b9f\u0bc1   - N.T."},
{"language_id": "1175129527", "book_id": "1388096548", "book_name": "1 \u0ba4\u0bc0\u0bae\u0bcb\u0ba4\u0bcd\u0ba4\u0bc7\u0baf\u0bc1", "testament_id": "new-testament", "testament_name": "\u0baa\u0bc1\u0ba4\u0bbf\u0baf \u0b8f\u0bb1\u0bcd\u0baa\u0bbe\u0b9f\u0bc1   - N.T."},
{"language_id": "1175129527", "book_id": "406273006", "book_name": "2 \u0ba4\u0bc0\u0bae\u0bcb\u0ba4\u0bcd\u0ba4\u0bc7\u0baf\u0bc1", "testament_id": "new-testament", "testament_name": "\u0baa\u0bc1\u0ba4\u0bbf\u0baf \u0b8f\u0bb1\u0bcd\u0baa\u0bbe\u0b9f\u0bc1   - N.T."},
{"language_id": "1175129527", "book_id": "488138834", "book_name": "\u0ba4\u0bc0\u0ba4\u0bcd\u0ba4\u0bc1", "testament_id": "new-testament", "testament_name": "\u0baa\u0bc1\u0ba4\u0bbf\u0baf \u0b8f\u0bb1\u0bcd\u0baa\u0bbe\u0b9f\u0bc1   - N.T."},
{"language_id": "1175129527", "book_id": "3304219850", "book_name": "\u0baa\u0bbf\u0bb2\u0bc7\u0bae\u0bcb\u0ba9\u0bcd", "testament_id": "new-testament", "testament_name": "\u0baa\u0bc1\u0ba4\u0bbf\u0baf \u0b8f\u0bb1\u0bcd\u0baa\u0bbe\u0b9f\u0bc1   - N.T."},
{"language_id": "1175129527", "book_id": "1965582407", "book_name": "\u0b8e\u0baa\u0bbf\u0bb0\u0bc6\u0baf\u0bb0\u0bcd", "testament_id": "new-testament", "testament_name": "\u0baa\u0bc1\u0ba4\u0bbf\u0baf \u0b8f\u0bb1\u0bcd\u0baa\u0bbe\u0b9f\u0bc1   - N.T."},
{"language_id": "1175129527", "book_id": "2367079125", "book_name": "\u0baf\u0bbe\u0b95\u0bcd\u0b95\u0bcb\u0baa\u0bc1", "testament_id": "new-testament", "testament_name": "\u0baa\u0bc1\u0ba4\u0bbf\u0baf \u0b8f\u0bb1\u0bcd\u0baa\u0bbe\u0b9f\u0bc1   - N.T."},
{"language_id": "1175129527", "book_id": "3784027707", "book_name": "1 \u0baa\u0bc7\u0ba4\u0bc1\u0bb0\u0bc1", "testament_id": "new-testament", "testament_name": "\u0baa\u0bc1\u0ba4\u0bbf\u0baf \u0b8f\u0bb1\u0bcd\u0baa\u0bbe\u0b9f\u0bc1   - N.T."},
{"language_id": "1175129527", "book_id": "1079489449", "book_name": "2 \u0baa\u0bc7\u0ba4\u0bc1\u0bb0\u0bc1", "testament_id": "new-testament", "testament_name": "\u0baa\u0bc1\u0ba4\u0bbf\u0baf \u0b8f\u0bb1\u0bcd\u0baa\u0bbe\u0b9f\u0bc1   - N.T."},
{"language_id": "1175129527", "book_id": "2249367875", "book_name": "1 \u0baf\u0bcb\u0bb5\u0bbe\u0ba9\u0bcd", "testament_id": "new-testament", "testament_name": "\u0baa\u0bc1\u0ba4\u0bbf\u0baf \u0b8f\u0bb1\u0bcd\u0baa\u0bbe\u0b9f\u0bc1   - N.T."},
{"language_id": "1175129527", "book_id": "3420837633", "book_name": "2 \u0baf\u0bcb\u0bb5\u0bbe\u0ba9\u0bcd", "testament_id": "new-testament", "testament_name": "\u0baa\u0bc1\u0ba4\u0bbf\u0baf \u0b8f\u0bb1\u0bcd\u0baa\u0bbe\u0b9f\u0bc1   - N.T."},
{"language_id": "1175129527", "book_id": "2345236911", "book_name": " 3 \u0baf\u0bcb\u0bb5\u0bbe\u0ba9\u0bcd", "testament_id": "new-testament", "testament_name": "\u0baa\u0bc1\u0ba4\u0bbf\u0baf \u0b8f\u0bb1\u0bcd\u0baa\u0bbe\u0b9f\u0bc1   - N.T."},
{"language_id": "1175129527", "book_id": "1044008449", "book_name": "\u0baf\u0bc2\u0ba4\u0bbe", "testament_id": "new-testament", "testament_name": "\u0baa\u0bc1\u0ba4\u0bbf\u0baf \u0b8f\u0bb1\u0bcd\u0baa\u0bbe\u0b9f\u0bc1   - N.T."},
{"language_id": "1175129527", "book_id": "492988809", "book_name": "\u0bb5\u0bc6\u0bb3\u0bbf\u0baa\u0bcd\u0baa\u0b9f\u0bc1\u0ba4\u0bcd\u0ba4\u0bbf\u0ba9 \u0bb5\u0bbf\u0b9a\u0bc7\u0bb7\u0bae\u0bcd", "testament_id": "new-testament", "testament_name": "\u0baa\u0bc1\u0ba4\u0bbf\u0baf \u0b8f\u0bb1\u0bcd\u0baa\u0bbe\u0b9f\u0bc1   - N.T."}
]