[
{"language_id": "1876087548", "book_id": "3856095355", "book_name": "Olubereberye", "testament_id": "old-testament", "testament_name": " ENDAGAANO ENKADDE - O.T."},
{"language_id": "1876087548", "book_id": "1792906313", "book_name": "Okuva", "testament_id": "old-testament", "testament_name": " ENDAGAANO ENKADDE - O.T."},
{"language_id": "1876087548", "book_id": "4169302817", "book_name": "Ebyabaleevi", "testament_id": "old-testament", "testament_name": " ENDAGAANO ENKADDE - O.T."},
{"language_id": "1876087548", "book_id": "3051010682", "book_name": "Okubala ", "testament_id": "old-testament", "testament_name": " ENDAGAANO ENKADDE - O.T."},
{"language_id": "1876087548", "book_id": "2985021016", "book_name": "Ekyamateeka", "testament_id": "old-testament", "testament_name": " ENDAGAANO ENKADDE - O.T."},
{"language_id": "1876087548", "book_id": "994987812", "book_name": "Yoswa", "testament_id": "old-testament", "testament_name": " ENDAGAANO ENKADDE - O.T."},
{"language_id": "1876087548", "book_id": "2390972257", "book_name": "Ekyabalamuzi", "testament_id": "old-testament", "testament_name": " ENDAGAANO ENKADDE - O.T."},
{"language_id": "1876087548", "book_id": "3166446227", "book_name": "Luusi", "testament_id": "old-testament", "testament_name": " ENDAGAANO ENKADDE - O.T."},
{"language_id": "1876087548", "book_id": "1305750839", "book_name": "1 Samwiri", "testament_id": "old-testament", "testament_name": " ENDAGAANO ENKADDE - O.T."},
{"language_id": "1876087548", "book_id": "1684101304", "book_name": "2 Samwiri", "testament_id": "old-testament", "testament_name": " ENDAGAANO ENKADDE - O.T."},
{"language_id": "1876087548", "book_id": "2514896209", "book_name": "1 Bassekabaka", "testament_id": "old-testament", "testament_name": " ENDAGAANO ENKADDE - O.T."},
{"language_id": "1876087548", "book_id": "362984889", "book_name": "2 Bassekabaka", "testament_id": "old-testament", "testament_name": " ENDAGAANO ENKADDE - O.T."},
{"language_id": "1876087548", "book_id": "199564706", "book_name": "1 Ebyomumirembe", "testament_id": "old-testament", "testament_name": " ENDAGAANO ENKADDE - O.T."},
{"language_id": "1876087548", "book_id": "858281134", "book_name": "2 Ebyomumirembe", "testament_id": "old-testament", "testament_name": " ENDAGAANO ENKADDE - O.T."},
{"language_id": "1876087548", "book_id": "2856265580", "book_name": "Ezera", "testament_id": "old-testament", "testament_name": " ENDAGAANO ENKADDE - O.T."},
{"language_id": "1876087548", "book_id": "2355909404", "book_name": "Nekkemiya ", "testament_id": "old-testament", "testament_name": " ENDAGAANO ENKADDE - O.T."},
{"language_id": "1876087548", "book_id": "661609515", "book_name": "Eseza", "testament_id": "old-testament", "testament_name": " ENDAGAANO ENKADDE - O.T."},
{"language_id": "1876087548", "book_id": "2803403781", "book_name": "Yobu", "testament_id": "old-testament", "testament_name": " ENDAGAANO ENKADDE - O.T."},
{"language_id": "1876087548", "book_id": "3753567890", "book_name": "Zabbuli", "testament_id": "old-testament", "testament_name": " ENDAGAANO ENKADDE - O.T."},
{"language_id": "1876087548", "book_id": "395387619", "book_name": "Engero", "testament_id": "old-testament", "testament_name": " ENDAGAANO ENKADDE - O.T."},
{"language_id": "1876087548", "book_id": "3214891101", "book_name": "Omubuulizi", "testament_id": "old-testament", "testament_name": " ENDAGAANO ENKADDE - O.T."},
{"language_id": "1876087548", "book_id": "1319658518", "book_name": "Oluyimba lwa Sulemaani ", "testament_id": "old-testament", "testament_name": " ENDAGAANO ENKADDE - O.T."},
{"language_id": "1876087548", "book_id": "2687109018", "book_name": "Isaaya ", "testament_id": "old-testament", "testament_name": " ENDAGAANO ENKADDE - O.T."},
{"language_id": "1876087548", "book_id": "267911624", "book_name": "Yeremiya", "testament_id": "old-testament", "testament_name": " ENDAGAANO ENKADDE - O.T."},
{"language_id": "1876087548", "book_id": "65824520", "book_name": "Okukungubaga", "testament_id": "old-testament", "testament_name": " ENDAGAANO ENKADDE - O.T."},
{"language_id": "1876087548", "book_id": "181214919", "book_name": "Ezekyeri", "testament_id": "old-testament", "testament_name": " ENDAGAANO ENKADDE - O.T."},
{"language_id": "1876087548", "book_id": "3941996384", "book_name": "Danyeri", "testament_id": "old-testament", "testament_name": " ENDAGAANO ENKADDE - O.T."},
{"language_id": "1876087548", "book_id": "2816998709", "book_name": "Koseya", "testament_id": "old-testament", "testament_name": " ENDAGAANO ENKADDE - O.T."},
{"language_id": "1876087548", "book_id": "1620272312", "book_name": "Yoweeri", "testament_id": "old-testament", "testament_name": " ENDAGAANO ENKADDE - O.T."},
{"language_id": "1876087548", "book_id": "1288183399", "book_name": "Amosi", "testament_id": "old-testament", "testament_name": " ENDAGAANO ENKADDE - O.T."},
{"language_id": "1876087548", "book_id": "336718826", "book_name": "Obadiya", "testament_id": "old-testament", "testament_name": " ENDAGAANO ENKADDE - O.T."},
{"language_id": "1876087548", "book_id": "4285479949", "book_name": "Yona", "testament_id": "old-testament", "testament_name": " ENDAGAANO ENKADDE - O.T."},
{"language_id": "1876087548", "book_id": "2954954052", "book_name": "Mikka", "testament_id": "old-testament", "testament_name": " ENDAGAANO ENKADDE - O.T."},
{"language_id": "1876087548", "book_id": "3440963131", "book_name": "Nakumu", "testament_id": "old-testament", "testament_name": " ENDAGAANO ENKADDE - O.T."},
{"language_id": "1876087548", "book_id": "878914698", "book_name": "Kaabakuuku", "testament_id": "old-testament", "testament_name": " ENDAGAANO ENKADDE - O.T."},
{"language_id": "1876087548", "book_id": "2624201529", "book_name": "Zeffaniya", "testament_id": "old-testament", "testament_name": " ENDAGAANO ENKADDE - O.T."},
{"language_id": "1876087548", "book_id": "1389983598", "book_name": "Kaggayi", "testament_id": "old-testament", "testament_name": " ENDAGAANO ENKADDE - O.T."},
{"language_id": "1876087548", "book_id": "533022765", "book_name": "Zekkaliya", "testament_id": "old-testament", "testament_name": " ENDAGAANO ENKADDE - O.T."},
{"language_id": "1876087548", "book_id": "3628505792", "book_name": "Malaki", "testament_id": "old-testament", "testament_name": " ENDAGAANO ENKADDE - O.T."},
{"language_id": "1876087548", "book_id": "2442790826", "book_name": "Matayo", "testament_id": "new-testament", "testament_name": "ENDAGAANO EMPYA - N.T."},
{"language_id": "1876087548", "book_id": "1107065331", "book_name": "Makko", "testament_id": "new-testament", "testament_name": "ENDAGAANO EMPYA - N.T."},
{"language_id": "1876087548", "book_id": "1145719771", "book_name": "Lukka", "testament_id": "new-testament", "testament_name": "ENDAGAANO EMPYA - N.T."},
{"language_id": "1876087548", "book_id": "1170960580", "book_name": "Yokaana", "testament_id": "new-testament", "testament_name": "ENDAGAANO EMPYA - N.T."},
{"language_id": "1876087548", "book_id": "2108088213", "book_name": "Ebikolwa", "testament_id": "new-testament", "testament_name": "ENDAGAANO EMPYA - N.T."},
{"language_id": "1876087548", "book_id": "2570947436", "book_name": "Abaruumi", "testament_id": "new-testament", "testament_name": "ENDAGAANO EMPYA - N.T."},
{"language_id": "1876087548", "book_id": "3468853000", "book_name": "1 Abakkolinso", "testament_id": "new-testament", "testament_name": "ENDAGAANO EMPYA - N.T."},
{"language_id": "1876087548", "book_id": "3778354658", "book_name": "2 Abakkolinso", "testament_id": "new-testament", "testament_name": "ENDAGAANO EMPYA - N.T."},
{"language_id": "1876087548", "book_id": "2137549814", "book_name": "Abaggalatiya", "testament_id": "new-testament", "testament_name": "ENDAGAANO EMPYA - N.T."},
{"language_id": "1876087548", "book_id": "3050924693", "book_name": "Abaefeeso", "testament_id": "new-testament", "testament_name": "ENDAGAANO EMPYA - N.T."},
{"language_id": "1876087548", "book_id": "90458751", "book_name": "Abafiripi", "testament_id": "new-testament", "testament_name": "ENDAGAANO EMPYA - N.T."},
{"language_id": "1876087548", "book_id": "3692272464", "book_name": "Abakkolosaayi", "testament_id": "new-testament", "testament_name": "ENDAGAANO EMPYA - N.T."},
{"language_id": "1876087548", "book_id": "1600907225", "book_name": "1 Abasessaloniika", "testament_id": "new-testament", "testament_name": "ENDAGAANO EMPYA - N.T."},
{"language_id": "1876087548", "book_id": "829755", "book_name": "2 Abasessaloniika", "testament_id": "new-testament", "testament_name": "ENDAGAANO EMPYA - N.T."},
{"language_id": "1876087548", "book_id": "58840921", "book_name": "1 Timoseewo", "testament_id": "new-testament", "testament_name": "ENDAGAANO EMPYA - N.T."},
{"language_id": "1876087548", "book_id": "744493315", "book_name": "2 Timoseewo", "testament_id": "new-testament", "testament_name": "ENDAGAANO EMPYA - N.T."},
{"language_id": "1876087548", "book_id": "3580380606", "book_name": "Tito - Titus", "testament_id": "new-testament", "testament_name": "ENDAGAANO EMPYA - N.T."},
{"language_id": "1876087548", "book_id": "1905109797", "book_name": "Firemooni", "testament_id": "new-testament", "testament_name": "ENDAGAANO EMPYA - N.T."},
{"language_id": "1876087548", "book_id": "686651204", "book_name": "Abaebbulaniya", "testament_id": "new-testament", "testament_name": "ENDAGAANO EMPYA - N.T."},
{"language_id": "1876087548", "book_id": "1132049588", "book_name": "Yakobo", "testament_id": "new-testament", "testament_name": "ENDAGAANO EMPYA - N.T."},
{"language_id": "1876087548", "book_id": "2189379530", "book_name": "1 Peetero", "testament_id": "new-testament", "testament_name": "ENDAGAANO EMPYA - N.T."},
{"language_id": "1876087548", "book_id": "3529220104", "book_name": "2 Peetero", "testament_id": "new-testament", "testament_name": "ENDAGAANO EMPYA - N.T."},
{"language_id": "1876087548", "book_id": "2784843670", "book_name": "1 Yokaana", "testament_id": "new-testament", "testament_name": "ENDAGAANO EMPYA - N.T."},
{"language_id": "1876087548", "book_id": "550971300", "book_name": "2 Yokaana", "testament_id": "new-testament", "testament_name": "ENDAGAANO EMPYA - N.T."},
{"language_id": "1876087548", "book_id": "4211933218", "book_name": "3 Yokaana ", "testament_id": "new-testament", "testament_name": "ENDAGAANO EMPYA - N.T."},
{"language_id": "1876087548", "book_id": "3256935335", "book_name": "Yuda", "testament_id": "new-testament", "testament_name": "ENDAGAANO EMPYA - N.T."},
{"language_id": "1876087548", "book_id": "1659789947", "book_name": "Okubikkulirwa", "testament_id": "new-testament", "testament_name": "ENDAGAANO EMPYA - N.T."}
]