[
{"language_id": "1098469639", "book_id": "337229", "book_name": " \u0a2a\u0a48\u0a26\u0a3e\u0a07\u0a38\u0a3c  ", "testament_id": "old-testament", "testament_name": "\u0a2a\u0a41\u0a30\u0a3e\u0a23\u0a3e \u0a28\u0a47\u0a2e - O.T."},
{"language_id": "1098469639", "book_id": "326863198", "book_name": "\u0a16\u0a3c\u0a30\u0a4b\u0a1c  ", "testament_id": "old-testament", "testament_name": "\u0a2a\u0a41\u0a30\u0a3e\u0a23\u0a3e \u0a28\u0a47\u0a2e - O.T."},
{"language_id": "1098469639", "book_id": "4006778820", "book_name": "\u0a05\u0a39\u0a2c\u0a3e\u0a30  ", "testament_id": "old-testament", "testament_name": "\u0a2a\u0a41\u0a30\u0a3e\u0a23\u0a3e \u0a28\u0a47\u0a2e - O.T."},
{"language_id": "1098469639", "book_id": "3277129098", "book_name": "\u0a17\u0a3f\u0a23\u0a24\u0a40  ", "testament_id": "old-testament", "testament_name": "\u0a2a\u0a41\u0a30\u0a3e\u0a23\u0a3e \u0a28\u0a47\u0a2e - O.T."},
{"language_id": "1098469639", "book_id": "2642265215", "book_name": "\u0a05\u0a38\u0a24\u0a38\u0a28\u0a3e  ", "testament_id": "old-testament", "testament_name": "\u0a2a\u0a41\u0a30\u0a3e\u0a23\u0a3e \u0a28\u0a47\u0a2e - O.T."},
{"language_id": "1098469639", "book_id": "68465251", "book_name": "\u0a2f\u0a38\u0a3c\u0a35\u0a3e  ", "testament_id": "old-testament", "testament_name": "\u0a2a\u0a41\u0a30\u0a3e\u0a23\u0a3e \u0a28\u0a47\u0a2e - O.T."},
{"language_id": "1098469639", "book_id": "2562200718", "book_name": "\u0a15\u0a1c\u0a3c\u0a3e\u0ac3  ", "testament_id": "old-testament", "testament_name": "\u0a2a\u0a41\u0a30\u0a3e\u0a23\u0a3e \u0a28\u0a47\u0a2e - O.T."},
{"language_id": "1098469639", "book_id": "3239130633", "book_name": "\u0a30\u0a41\u0a71\u0a24  ", "testament_id": "old-testament", "testament_name": "\u0a2a\u0a41\u0a30\u0a3e\u0a23\u0a3e \u0a28\u0a47\u0a2e - O.T."},
{"language_id": "1098469639", "book_id": "4062737496", "book_name": "\u0a67 \u0a38\u0a2e\u0a4b\u0a08\u0a32  ", "testament_id": "old-testament", "testament_name": "\u0a2a\u0a41\u0a30\u0a3e\u0a23\u0a3e \u0a28\u0a47\u0a2e - O.T."},
{"language_id": "1098469639", "book_id": "1667060883", "book_name": "\u0a68 \u0a38\u0a2e\u0a4b\u0a08\u0a32  ", "testament_id": "old-testament", "testament_name": "\u0a2a\u0a41\u0a30\u0a3e\u0a23\u0a3e \u0a28\u0a47\u0a2e - O.T."},
{"language_id": "1098469639", "book_id": "3782404710", "book_name": "\u0a67 \u0a38\u0a32\u0a3e\u0a24\u0a40\u0a28  ", "testament_id": "old-testament", "testament_name": "\u0a2a\u0a41\u0a30\u0a3e\u0a23\u0a3e \u0a28\u0a47\u0a2e - O.T."},
{"language_id": "1098469639", "book_id": "2375445578", "book_name": "\u0a68 \u0a38\u0a32\u0a3e\u0a24\u0a40\u0a28  ", "testament_id": "old-testament", "testament_name": "\u0a2a\u0a41\u0a30\u0a3e\u0a23\u0a3e \u0a28\u0a47\u0a2e - O.T."},
{"language_id": "1098469639", "book_id": "2825898669", "book_name": "\u0a67 \u0a24\u0a35\u0a3e\u0a30\u0a40\u0a16\u0a3c   ", "testament_id": "old-testament", "testament_name": "\u0a2a\u0a41\u0a30\u0a3e\u0a23\u0a3e \u0a28\u0a47\u0a2e - O.T."},
{"language_id": "1098469639", "book_id": "410765037", "book_name": "\u0a68 \u0a24\u0a35\u0a3e\u0a30\u0a40\u0a16\u0a3c  ", "testament_id": "old-testament", "testament_name": "\u0a2a\u0a41\u0a30\u0a3e\u0a23\u0a3e \u0a28\u0a47\u0a2e - O.T."},
{"language_id": "1098469639", "book_id": "2471752526", "book_name": "\u0a05\u0a1c\u0a3c\u0a30\u0a3e  ", "testament_id": "old-testament", "testament_name": "\u0a2a\u0a41\u0a30\u0a3e\u0a23\u0a3e \u0a28\u0a47\u0a2e - O.T."},
{"language_id": "1098469639", "book_id": "4217649061", "book_name": "\u0a28\u0a39\u0a2e\u0a3f\u0a06\u0a39  ", "testament_id": "old-testament", "testament_name": "\u0a2a\u0a41\u0a30\u0a3e\u0a23\u0a3e \u0a28\u0a47\u0a2e - O.T."},
{"language_id": "1098469639", "book_id": "1149988073", "book_name": "\u0a06 \u0a38\u0a24\u0a30  ", "testament_id": "old-testament", "testament_name": "\u0a2a\u0a41\u0a30\u0a3e\u0a23\u0a3e \u0a28\u0a47\u0a2e - O.T."},
{"language_id": "1098469639", "book_id": "292836977", "book_name": " \u0a05\u0a71\u0a2f\u0a42\u0a2c  ", "testament_id": "old-testament", "testament_name": "\u0a2a\u0a41\u0a30\u0a3e\u0a23\u0a3e \u0a28\u0a47\u0a2e - O.T."},
{"language_id": "1098469639", "book_id": "1887923323", "book_name": " \u0a1c\u0a3c\u0a2c\u0a42\u0a30  ", "testament_id": "old-testament", "testament_name": "\u0a2a\u0a41\u0a30\u0a3e\u0a23\u0a3e \u0a28\u0a47\u0a2e - O.T."},
{"language_id": "1098469639", "book_id": "3250160628", "book_name": "\u0a05\u0a2e\u0a38\u0a3e\u0a32  ", "testament_id": "old-testament", "testament_name": "\u0a2a\u0a41\u0a30\u0a3e\u0a23\u0a3e \u0a28\u0a47\u0a2e - O.T."},
{"language_id": "1098469639", "book_id": "3598165205", "book_name": "\u0a35\u0a3e\u0a08\u0a1c\u0a3c  ", "testament_id": "old-testament", "testament_name": "\u0a2a\u0a41\u0a30\u0a3e\u0a23\u0a3e \u0a28\u0a47\u0a2e - O.T."},
{"language_id": "1098469639", "book_id": "2602680484", "book_name": "\u0a17\u0a3c\u0a1c\u0a3c\u0a32 \u0a05\u0a32\u0a17\u0a3c\u0a1c\u0a3c\u0a32\u0a3e\u0a24  ", "testament_id": "old-testament", "testament_name": "\u0a2a\u0a41\u0a30\u0a3e\u0a23\u0a3e \u0a28\u0a47\u0a2e - O.T."},
{"language_id": "1098469639", "book_id": "2822292688", "book_name": "\u0a2f\u0a38\u0a08\u0a06\u0a39  ", "testament_id": "old-testament", "testament_name": "\u0a2a\u0a41\u0a30\u0a3e\u0a23\u0a3e \u0a28\u0a47\u0a2e - O.T."},
{"language_id": "1098469639", "book_id": "420437198", "book_name": "\u0a2f\u0a30\u0a2e\u0a3f\u0a06\u0a39  ", "testament_id": "old-testament", "testament_name": "\u0a2a\u0a41\u0a30\u0a3e\u0a23\u0a3e \u0a28\u0a47\u0a2e - O.T."},
{"language_id": "1098469639", "book_id": "1296360273", "book_name": " \u0a28\u0a42\u0a39  ", "testament_id": "old-testament", "testament_name": "\u0a2a\u0a41\u0a30\u0a3e\u0a23\u0a3e \u0a28\u0a47\u0a2e - O.T."},
{"language_id": "1098469639", "book_id": "1952121060", "book_name": "\u0a39\u0a3f\u0a1c\u0a3c \u0a15\u0a40 \u0a10\u0a32  ", "testament_id": "old-testament", "testament_name": "\u0a2a\u0a41\u0a30\u0a3e\u0a23\u0a3e \u0a28\u0a47\u0a2e - O.T."},
{"language_id": "1098469639", "book_id": "2926171678", "book_name": " \u0a26\u0a3e\u0a28\u0a40 \u0a10\u0a32  ", "testament_id": "old-testament", "testament_name": "\u0a2a\u0a41\u0a30\u0a3e\u0a23\u0a3e \u0a28\u0a47\u0a2e - O.T."},
{"language_id": "1098469639", "book_id": "3768049324", "book_name": "\u0a39\u0a4b \u0a38\u0a40\u0a05  ", "testament_id": "old-testament", "testament_name": "\u0a2a\u0a41\u0a30\u0a3e\u0a23\u0a3e \u0a28\u0a47\u0a2e - O.T."},
{"language_id": "1098469639", "book_id": "2280144108", "book_name": "\u0a2f\u0a35\u0a3e\u0a10\u0a32  ", "testament_id": "old-testament", "testament_name": "\u0a2a\u0a41\u0a30\u0a3e\u0a23\u0a3e \u0a28\u0a47\u0a2e - O.T."},
{"language_id": "1098469639", "book_id": "799338917", "book_name": "\u0a06\u0a2e\u0a4b\u0a38  ", "testament_id": "old-testament", "testament_name": "\u0a2a\u0a41\u0a30\u0a3e\u0a23\u0a3e \u0a28\u0a47\u0a2e - O.T."},
{"language_id": "1098469639", "book_id": "840230092", "book_name": "\u0a05\u0a2c\u0a26 \u0a2f\u0a3e\u0a39  ", "testament_id": "old-testament", "testament_name": "\u0a2a\u0a41\u0a30\u0a3e\u0a23\u0a3e \u0a28\u0a47\u0a2e - O.T."},
{"language_id": "1098469639", "book_id": "805064489", "book_name": "\u0a2f\u0a35\u0a28\u0a3e\u0a39  ", "testament_id": "old-testament", "testament_name": "\u0a2a\u0a41\u0a30\u0a3e\u0a23\u0a3e \u0a28\u0a47\u0a2e - O.T."},
{"language_id": "1098469639", "book_id": "232743609", "book_name": "\u0a2e\u0a40\u0a15\u0a3e\u0a39  ", "testament_id": "old-testament", "testament_name": "\u0a2a\u0a41\u0a30\u0a3e\u0a23\u0a3e \u0a28\u0a47\u0a2e - O.T."},
{"language_id": "1098469639", "book_id": "1156431044", "book_name": "\u0a28\u0a3e \u0a39\u0a4b\u0a2e  ", "testament_id": "old-testament", "testament_name": "\u0a2a\u0a41\u0a30\u0a3e\u0a23\u0a3e \u0a28\u0a47\u0a2e - O.T."},
{"language_id": "1098469639", "book_id": "1578076485", "book_name": "\u0a39\u0a2c\u0a15\u0a4b\u0a15  ", "testament_id": "old-testament", "testament_name": "\u0a2a\u0a41\u0a30\u0a3e\u0a23\u0a3e \u0a28\u0a47\u0a2e - O.T."},
{"language_id": "1098469639", "book_id": "2411418783", "book_name": "\u0a38\u0a2b\u0a3c\u0a28\u0a3f\u0a06\u0a39  ", "testament_id": "old-testament", "testament_name": "\u0a2a\u0a41\u0a30\u0a3e\u0a23\u0a3e \u0a28\u0a47\u0a2e - O.T."},
{"language_id": "1098469639", "book_id": "2893933211", "book_name": "\u0a39\u0a1c\u0a3f  ", "testament_id": "old-testament", "testament_name": "\u0a2a\u0a41\u0a30\u0a3e\u0a23\u0a3e \u0a28\u0a47\u0a2e - O.T."},
{"language_id": "1098469639", "book_id": "375974456", "book_name": "\u0a1c\u0a3c\u0a3f\u0a15\u0a30 \u0a2f\u0a3e\u0a39  ", "testament_id": "old-testament", "testament_name": "\u0a2a\u0a41\u0a30\u0a3e\u0a23\u0a3e \u0a28\u0a47\u0a2e - O.T."},
{"language_id": "1098469639", "book_id": "2364772660", "book_name": "\u0a2e\u0a32\u0a3e\u0a15\u0a40  ", "testament_id": "old-testament", "testament_name": "\u0a2a\u0a41\u0a30\u0a3e\u0a23\u0a3e \u0a28\u0a47\u0a2e - O.T."},
{"language_id": "1098469639", "book_id": "3591258894", "book_name": "\u0a2e\u0a71\u0a24\u0a40  ", "testament_id": "new-testament", "testament_name": "\u0a28\u0a35\u0a3e\u0a02 \u0a28\u0a47\u0a2e - N.T."},
{"language_id": "1098469639", "book_id": "2594377510", "book_name": " \u0a2e\u0a30\u0a15\u0a41\u0a38  ", "testament_id": "new-testament", "testament_name": "\u0a28\u0a35\u0a3e\u0a02 \u0a28\u0a47\u0a2e - N.T."},
{"language_id": "1098469639", "book_id": "930836657", "book_name": "\u0a32\u0a4b\u0a15\u0a3e   ", "testament_id": "new-testament", "testament_name": "\u0a28\u0a35\u0a3e\u0a02 \u0a28\u0a47\u0a2e - N.T."},
{"language_id": "1098469639", "book_id": "1331625188", "book_name": "\u0a2f\u0a42\u0a39\u0a70\u0a28\u0a3e   ", "testament_id": "new-testament", "testament_name": "\u0a28\u0a35\u0a3e\u0a02 \u0a28\u0a47\u0a2e - N.T."},
{"language_id": "1098469639", "book_id": "2058070192", "book_name": "\u0a30\u0a38\u0a42\u0a32\u0a3e\u0a02 \u0a26\u0a47 \u0a15\u0a30\u0a24\u0a71\u0a2c  ", "testament_id": "new-testament", "testament_name": "\u0a28\u0a35\u0a3e\u0a02 \u0a28\u0a47\u0a2e - N.T."},
{"language_id": "1098469639", "book_id": "1628918693", "book_name": "\u0a30\u0a4b\u0a2e\u0a40\u0a06\u0a02  ", "testament_id": "new-testament", "testament_name": "\u0a28\u0a35\u0a3e\u0a02 \u0a28\u0a47\u0a2e - N.T."},
{"language_id": "1098469639", "book_id": "2889306046", "book_name": "\u0a67 \u0a15\u0a41\u0a30\u0a3f\u0a70\u0a25\u0a40\u0a06\u0a02  ", "testament_id": "new-testament", "testament_name": "\u0a28\u0a35\u0a3e\u0a02 \u0a28\u0a47\u0a2e - N.T."},
{"language_id": "1098469639", "book_id": "2439074624", "book_name": "\u0a68 \u0a15\u0a41\u0a30\u0a3f\u0a70\u0a25\u0a40\u0a06\u0a02  ", "testament_id": "new-testament", "testament_name": "\u0a28\u0a35\u0a3e\u0a02 \u0a28\u0a47\u0a2e - N.T."},
{"language_id": "1098469639", "book_id": "4161336982", "book_name": "\u0a17\u0a32\u0a3e\u0a24\u0a40\u0a06\u0a02  ", "testament_id": "new-testament", "testament_name": "\u0a28\u0a35\u0a3e\u0a02 \u0a28\u0a47\u0a2e - N.T."},
{"language_id": "1098469639", "book_id": "4287103522", "book_name": " \u0a05\u0a2b\u0a3c\u0a38\u0a40\u0a06\u0a02  ", "testament_id": "new-testament", "testament_name": "\u0a28\u0a35\u0a3e\u0a02 \u0a28\u0a47\u0a2e - N.T."},
{"language_id": "1098469639", "book_id": "2013654678", "book_name": "\u0a2b\u0a3c\u0a3f\u0a32\u0a3f\u0a71\u0a2a\u0a40\u0a06\u0a02  ", "testament_id": "new-testament", "testament_name": "\u0a28\u0a35\u0a3e\u0a02 \u0a28\u0a47\u0a2e - N.T."},
{"language_id": "1098469639", "book_id": "2838889771", "book_name": "\u0a15\u0a41\u0a32\u0a41\u0a71\u0a38\u0a40\u0a06\u0a02  ", "testament_id": "new-testament", "testament_name": "\u0a28\u0a35\u0a3e\u0a02 \u0a28\u0a47\u0a2e - N.T."},
{"language_id": "1098469639", "book_id": "207096251", "book_name": "\u0a67 \u0a25\u0a71\u0a38\u0a32\u0a41\u0a28\u0a40\u0a15\u0a40\u0a06\u0a02  ", "testament_id": "new-testament", "testament_name": "\u0a28\u0a35\u0a3e\u0a02 \u0a28\u0a47\u0a2e - N.T."},
{"language_id": "1098469639", "book_id": "2611627805", "book_name": "\u0a68 \u0a25\u0a71\u0a38\u0a32\u0a41\u0a28\u0a40\u0a15\u0a40\u0a06\u0a02  ", "testament_id": "new-testament", "testament_name": "\u0a28\u0a35\u0a3e\u0a02 \u0a28\u0a47\u0a2e - N.T."},
{"language_id": "1098469639", "book_id": "716891690", "book_name": "\u0a67 \u0a24\u0a3f\u0a2e\u0a4b\u0a25\u0a3f\u0a09\u0a38  ", "testament_id": "new-testament", "testament_name": "\u0a28\u0a35\u0a3e\u0a02 \u0a28\u0a47\u0a2e - N.T."},
{"language_id": "1098469639", "book_id": "687025972", "book_name": "\u0a68 \u0a24\u0a3f\u0a2e\u0a4b\u0a25\u0a3f\u0a09\u0a38  ", "testament_id": "new-testament", "testament_name": "\u0a28\u0a35\u0a3e\u0a02 \u0a28\u0a47\u0a2e - N.T."},
{"language_id": "1098469639", "book_id": "2963504023", "book_name": "\u0a24\u0a40\u0a24\u0a41\u0a38  ", "testament_id": "new-testament", "testament_name": "\u0a28\u0a35\u0a3e\u0a02 \u0a28\u0a47\u0a2e - N.T."},
{"language_id": "1098469639", "book_id": "1250173695", "book_name": "\u0a2b\u0a3c\u0a3f\u0a32\u0a47\u0a2e\u0a4b\u0a28  ", "testament_id": "new-testament", "testament_name": "\u0a28\u0a35\u0a3e\u0a02 \u0a28\u0a47\u0a2e - N.T."},
{"language_id": "1098469639", "book_id": "1932969433", "book_name": "\u0a07\u0a2c\u0a30\u0a3e\u0a28\u0a40\u0a06\u0a02  ", "testament_id": "new-testament", "testament_name": "\u0a28\u0a35\u0a3e\u0a02 \u0a28\u0a47\u0a2e - N.T."},
{"language_id": "1098469639", "book_id": "5295515", "book_name": "\u0a2f\u0a3e\u0a15\u0a42\u0a2c  ", "testament_id": "new-testament", "testament_name": "\u0a28\u0a35\u0a3e\u0a02 \u0a28\u0a47\u0a2e - N.T."},
{"language_id": "1098469639", "book_id": "377567254", "book_name": "\u0a67 \u0a2a\u0a24\u0a30\u0a38  ", "testament_id": "new-testament", "testament_name": "\u0a28\u0a35\u0a3e\u0a02 \u0a28\u0a47\u0a2e - N.T."},
{"language_id": "1098469639", "book_id": "1519334336", "book_name": "\u0a68 \u0a2a\u0a24\u0a30\u0a38  ", "testament_id": "new-testament", "testament_name": "\u0a28\u0a35\u0a3e\u0a02 \u0a28\u0a47\u0a2e - N.T."},
{"language_id": "1098469639", "book_id": "3821263552", "book_name": "\u0a67 \u0a2f\u0a42\u0a39\u0a70\u0a28\u0a3e  ", "testament_id": "new-testament", "testament_name": "\u0a28\u0a35\u0a3e\u0a02 \u0a28\u0a47\u0a2e - N.T."},
{"language_id": "1098469639", "book_id": "1425888678", "book_name": "\u0a68 \u0a2f\u0a42\u0a39\u0a70\u0a28\u0a3e  ", "testament_id": "new-testament", "testament_name": "\u0a28\u0a35\u0a3e\u0a02 \u0a28\u0a47\u0a2e - N.T."},
{"language_id": "1098469639", "book_id": "2348102784", "book_name": "\u0a69 \u0a2f\u0a42\u0a39\u0a70\u0a28\u0a3e  ", "testament_id": "new-testament", "testament_name": "\u0a28\u0a35\u0a3e\u0a02 \u0a28\u0a47\u0a2e - N.T."},
{"language_id": "1098469639", "book_id": "3399541467", "book_name": "\u0a2f\u0a39\u0a42 \u0a26\u0a3e\u0a39  ", "testament_id": "new-testament", "testament_name": "\u0a28\u0a35\u0a3e\u0a02 \u0a28\u0a47\u0a2e - N.T."},
{"language_id": "1098469639", "book_id": "2182344678", "book_name": "\u0a2a\u0a30\u0a15\u0a3e\u0a38\u0a3c \u0a26\u0a40 \u0a2a\u0a4b\u0a25\u0a40  ", "testament_id": "new-testament", "testament_name": "\u0a28\u0a35\u0a3e\u0a02 \u0a28\u0a47\u0a2e - N.T."}
]