[
{"language_id": "786473274", "book_id": "103639832", "book_name": "Genesis ", "testament_id": "old-testament", "testament_name": "Lumang Tipan -  O.T. "},
{"language_id": "786473274", "book_id": "1255931306", "book_name": "Exodo", "testament_id": "old-testament", "testament_name": "Lumang Tipan -  O.T. "},
{"language_id": "786473274", "book_id": "3375397865", "book_name": "Levitico ", "testament_id": "old-testament", "testament_name": "Lumang Tipan -  O.T. "},
{"language_id": "786473274", "book_id": "1399848733", "book_name": "Mga Bilang ", "testament_id": "old-testament", "testament_name": "Lumang Tipan -  O.T. "},
{"language_id": "786473274", "book_id": "3614979758", "book_name": "Deuteronomio", "testament_id": "old-testament", "testament_name": "Lumang Tipan -  O.T. "},
{"language_id": "786473274", "book_id": "2707674573", "book_name": "Josue", "testament_id": "old-testament", "testament_name": "Lumang Tipan -  O.T. "},
{"language_id": "786473274", "book_id": "2083012945", "book_name": "Mga Hukomt", "testament_id": "old-testament", "testament_name": "Lumang Tipan -  O.T. "},
{"language_id": "786473274", "book_id": "1879811946", "book_name": "Ruth", "testament_id": "old-testament", "testament_name": "Lumang Tipan -  O.T. "},
{"language_id": "786473274", "book_id": "318438402", "book_name": "1 Samuel ", "testament_id": "old-testament", "testament_name": "Lumang Tipan -  O.T. "},
{"language_id": "786473274", "book_id": "4013831973", "book_name": "2 Samuel", "testament_id": "old-testament", "testament_name": "Lumang Tipan -  O.T. "},
{"language_id": "786473274", "book_id": "1232930941", "book_name": "1 Mga Hari ", "testament_id": "old-testament", "testament_name": "Lumang Tipan -  O.T. "},
{"language_id": "786473274", "book_id": "183136141", "book_name": "2 Mga Hari", "testament_id": "old-testament", "testament_name": "Lumang Tipan -  O.T. "},
{"language_id": "786473274", "book_id": "2751106426", "book_name": "1 Mga Cronica", "testament_id": "old-testament", "testament_name": "Lumang Tipan -  O.T. "},
{"language_id": "786473274", "book_id": "4212420630", "book_name": "2 Mga Cronica", "testament_id": "old-testament", "testament_name": "Lumang Tipan -  O.T. "},
{"language_id": "786473274", "book_id": "2576734877", "book_name": "Ezra ", "testament_id": "old-testament", "testament_name": "Lumang Tipan -  O.T. "},
{"language_id": "786473274", "book_id": "3909714854", "book_name": "Nehemias", "testament_id": "old-testament", "testament_name": "Lumang Tipan -  O.T. "},
{"language_id": "786473274", "book_id": "2061083322", "book_name": "Ester", "testament_id": "old-testament", "testament_name": "Lumang Tipan -  O.T. "},
{"language_id": "786473274", "book_id": "2672754339", "book_name": "Job", "testament_id": "old-testament", "testament_name": "Lumang Tipan -  O.T. "},
{"language_id": "786473274", "book_id": "3776611365", "book_name": "Mga Awit", "testament_id": "old-testament", "testament_name": "Lumang Tipan -  O.T. "},
{"language_id": "786473274", "book_id": "4081932493", "book_name": "Mga Kawikaan", "testament_id": "old-testament", "testament_name": "Lumang Tipan -  O.T. "},
{"language_id": "786473274", "book_id": "1678723677", "book_name": "Ang Mangangaral ", "testament_id": "old-testament", "testament_name": "Lumang Tipan -  O.T. "},
{"language_id": "786473274", "book_id": "1533130302", "book_name": "Ang Awit ni Solomon ", "testament_id": "old-testament", "testament_name": "Lumang Tipan -  O.T. "},
{"language_id": "786473274", "book_id": "1772543520", "book_name": "Isaias ", "testament_id": "old-testament", "testament_name": "Lumang Tipan -  O.T. "},
{"language_id": "786473274", "book_id": "2505416589", "book_name": "Jeremias", "testament_id": "old-testament", "testament_name": "Lumang Tipan -  O.T. "},
{"language_id": "786473274", "book_id": "3868292162", "book_name": "Mga Panaghoy", "testament_id": "old-testament", "testament_name": "Lumang Tipan -  O.T. "},
{"language_id": "786473274", "book_id": "649070316", "book_name": "Ezekiel ", "testament_id": "old-testament", "testament_name": "Lumang Tipan -  O.T. "},
{"language_id": "786473274", "book_id": "200705707", "book_name": "Daniel ", "testament_id": "old-testament", "testament_name": "Lumang Tipan -  O.T. "},
{"language_id": "786473274", "book_id": "361293087", "book_name": "Hosea ", "testament_id": "old-testament", "testament_name": "Lumang Tipan -  O.T. "},
{"language_id": "786473274", "book_id": "291163726", "book_name": "Joel", "testament_id": "old-testament", "testament_name": "Lumang Tipan -  O.T. "},
{"language_id": "786473274", "book_id": "1288305194", "book_name": "Amos ", "testament_id": "old-testament", "testament_name": "Lumang Tipan -  O.T. "},
{"language_id": "786473274", "book_id": "324023480", "book_name": "Obadias", "testament_id": "old-testament", "testament_name": "Lumang Tipan -  O.T. "},
{"language_id": "786473274", "book_id": "1638632805", "book_name": "Jonas", "testament_id": "old-testament", "testament_name": "Lumang Tipan -  O.T. "},
{"language_id": "786473274", "book_id": "2967059900", "book_name": "Mikas", "testament_id": "old-testament", "testament_name": "Lumang Tipan -  O.T. "},
{"language_id": "786473274", "book_id": "1329676245", "book_name": "Nahum ", "testament_id": "old-testament", "testament_name": "Lumang Tipan -  O.T. "},
{"language_id": "786473274", "book_id": "3807741623", "book_name": "Habakkuk ", "testament_id": "old-testament", "testament_name": "Lumang Tipan -  O.T. "},
{"language_id": "786473274", "book_id": "3528306493", "book_name": "Zefanias", "testament_id": "old-testament", "testament_name": "Lumang Tipan -  O.T. "},
{"language_id": "786473274", "book_id": "4078923767", "book_name": "Hagai", "testament_id": "old-testament", "testament_name": "Lumang Tipan -  O.T. "},
{"language_id": "786473274", "book_id": "1280505490", "book_name": "Zacarias", "testament_id": "old-testament", "testament_name": "Lumang Tipan -  O.T. "},
{"language_id": "786473274", "book_id": "1745001890", "book_name": "Malakias", "testament_id": "old-testament", "testament_name": "Lumang Tipan -  O.T. "},
{"language_id": "786473274", "book_id": "1651452099", "book_name": "Mateo", "testament_id": "new-testament", "testament_name": "Bagong Tipan -N.T. "},
{"language_id": "786473274", "book_id": "796092873", "book_name": "Marcos", "testament_id": "new-testament", "testament_name": "Bagong Tipan -N.T. "},
{"language_id": "786473274", "book_id": "506351499", "book_name": "Lucas", "testament_id": "new-testament", "testament_name": "Bagong Tipan -N.T. "},
{"language_id": "786473274", "book_id": "2042354726", "book_name": "Juan", "testament_id": "new-testament", "testament_name": "Bagong Tipan -N.T. "},
{"language_id": "786473274", "book_id": "2173594602", "book_name": "Mga Gawa", "testament_id": "new-testament", "testament_name": "Bagong Tipan -N.T. "},
{"language_id": "786473274", "book_id": "865856948", "book_name": "Mga Taga-Roma", "testament_id": "new-testament", "testament_name": "Bagong Tipan -N.T. "},
{"language_id": "786473274", "book_id": "3844818041", "book_name": "1 Mga Taga-Corinto ", "testament_id": "new-testament", "testament_name": "Bagong Tipan -N.T. "},
{"language_id": "786473274", "book_id": "1674642715", "book_name": "2 Mga Taga-Corinto", "testament_id": "new-testament", "testament_name": "Bagong Tipan -N.T. "},
{"language_id": "786473274", "book_id": "3504026576", "book_name": "Mga Taga-Galacia", "testament_id": "new-testament", "testament_name": "Bagong Tipan -N.T. "},
{"language_id": "786473274", "book_id": "645066983", "book_name": "Mga Taga-Efeso", "testament_id": "new-testament", "testament_name": "Bagong Tipan -N.T. "},
{"language_id": "786473274", "book_id": "2992761155", "book_name": "Mga Taga-Filipos", "testament_id": "new-testament", "testament_name": "Bagong Tipan -N.T. "},
{"language_id": "786473274", "book_id": "2005790934", "book_name": "Mga Taga-Colosas", "testament_id": "new-testament", "testament_name": "Bagong Tipan -N.T. "},
{"language_id": "786473274", "book_id": "3513045627", "book_name": "1 Mga Taga-Tesalonica", "testament_id": "new-testament", "testament_name": "Bagong Tipan -N.T. "},
{"language_id": "786473274", "book_id": "1475588697", "book_name": "2 Mga Taga-Tesalonica", "testament_id": "new-testament", "testament_name": "Bagong Tipan -N.T. "},
{"language_id": "786473274", "book_id": "525372912", "book_name": "1 Timoteo", "testament_id": "new-testament", "testament_name": "Bagong Tipan -N.T. "},
{"language_id": "786473274", "book_id": "3754299898", "book_name": "2 Timoteo", "testament_id": "new-testament", "testament_name": "Bagong Tipan -N.T. "},
{"language_id": "786473274", "book_id": "122632772", "book_name": "Tito", "testament_id": "new-testament", "testament_name": "Bagong Tipan -N.T. "},
{"language_id": "786473274", "book_id": "1088710037", "book_name": "Filemon", "testament_id": "new-testament", "testament_name": "Bagong Tipan -N.T. "},
{"language_id": "786473274", "book_id": "2556903064", "book_name": "Mga Hebreo", "testament_id": "new-testament", "testament_name": "Bagong Tipan -N.T. "},
{"language_id": "786473274", "book_id": "674327761", "book_name": "Santiago", "testament_id": "new-testament", "testament_name": "Bagong Tipan -N.T. "},
{"language_id": "786473274", "book_id": "260912346", "book_name": "1 Pedro", "testament_id": "new-testament", "testament_name": "Bagong Tipan -N.T. "},
{"language_id": "786473274", "book_id": "3395081304", "book_name": "2 Pedro ", "testament_id": "new-testament", "testament_name": "Bagong Tipan -N.T. "},
{"language_id": "786473274", "book_id": "807655876", "book_name": "1 Juan ", "testament_id": "new-testament", "testament_name": "Bagong Tipan -N.T. "},
{"language_id": "786473274", "book_id": "1948708294", "book_name": "2 Juan", "testament_id": "new-testament", "testament_name": "Bagong Tipan -N.T. "},
{"language_id": "786473274", "book_id": "901540064", "book_name": "3 Juan", "testament_id": "new-testament", "testament_name": "Bagong Tipan -N.T. "},
{"language_id": "786473274", "book_id": "1605998831", "book_name": "Judas", "testament_id": "new-testament", "testament_name": "Bagong Tipan -N.T. "},
{"language_id": "786473274", "book_id": "3672049758", "book_name": "Pahayag", "testament_id": "new-testament", "testament_name": "Bagong Tipan -N.T. "}
]