[
{"language_id": 1064758232, "book_id": 4289649783, "book_name": "S\u00e1ng-th\u1ebf K\u00fd", "testament_id": "old-testament", "testament_name": "C\u1ef1u \u01af\u1edbc - O.T."},
{"language_id": 1064758232, "book_id": 1472444658, "book_name": "Xu\u1ea5t \u00ca-d\u00edp-t\u00f4 K\u00fd", "testament_id": "old-testament", "testament_name": "C\u1ef1u \u01af\u1edbc - O.T."},
{"language_id": 1064758232, "book_id": 1910056800, "book_name": "L\u00ea-vi K\u00fd", "testament_id": "old-testament", "testament_name": "C\u1ef1u \u01af\u1edbc - O.T."},
{"language_id": 1064758232, "book_id": 587229900, "book_name": "D\u00e2n-s\u1ed1 K\u00fd", "testament_id": "old-testament", "testament_name": "C\u1ef1u \u01af\u1edbc - O.T."},
{"language_id": 1064758232, "book_id": 1205401906, "book_name": "Ph\u1ee5c-truy\u1ec1n Lu\u1eadt-l\u1ec7 K\u00fd", "testament_id": "old-testament", "testament_name": "C\u1ef1u \u01af\u1edbc - O.T."},
{"language_id": 1064758232, "book_id": 3394400044, "book_name": "Gi\u00f4-su\u00ea", "testament_id": "old-testament", "testament_name": "C\u1ef1u \u01af\u1edbc - O.T."},
{"language_id": 1064758232, "book_id": 2163916797, "book_name": "C\u00e1c Quan X\u00e9t", "testament_id": "old-testament", "testament_name": "C\u1ef1u \u01af\u1edbc - O.T."},
{"language_id": 1064758232, "book_id": 2726735398, "book_name": "Ru-t\u01a1", "testament_id": "old-testament", "testament_name": "C\u1ef1u \u01af\u1edbc - O.T."},
{"language_id": 1064758232, "book_id": 1728384787, "book_name": "1 Sa-mu-\u00ean", "testament_id": "old-testament", "testament_name": "C\u1ef1u \u01af\u1edbc - O.T."},
{"language_id": 1064758232, "book_id": 3849177620, "book_name": "2 Sa-mu-\u00ean", "testament_id": "old-testament", "testament_name": "C\u1ef1u \u01af\u1edbc - O.T."},
{"language_id": 1064758232, "book_id": 2965533951, "book_name": "1 C\u00e1c Vua", "testament_id": "old-testament", "testament_name": "C\u1ef1u \u01af\u1edbc - O.T."},
{"language_id": 1064758232, "book_id": 3333262455, "book_name": "2 C\u00e1c Vua", "testament_id": "old-testament", "testament_name": "C\u1ef1u \u01af\u1edbc - O.T."},
{"language_id": 1064758232, "book_id": 1783159099, "book_name": "1 S\u1eed-k\u00fd", "testament_id": "old-testament", "testament_name": "C\u1ef1u \u01af\u1edbc - O.T."},
{"language_id": 1064758232, "book_id": 2228034327, "book_name": "2 S\u1eed-k\u00fd", "testament_id": "old-testament", "testament_name": "C\u1ef1u \u01af\u1edbc - O.T."},
{"language_id": 1064758232, "book_id": 2732929457, "book_name": "\u00ca-x\u01a1-ra", "testament_id": "old-testament", "testament_name": "C\u1ef1u \u01af\u1edbc - O.T."},
{"language_id": 1064758232, "book_id": 3431408764, "book_name": "N\u00ea-h\u00ea-mi", "testament_id": "old-testament", "testament_name": "C\u1ef1u \u01af\u1edbc - O.T."},
{"language_id": 1064758232, "book_id": 833298722, "book_name": "\u00ca-x\u01a1-t\u00ea", "testament_id": "old-testament", "testament_name": "C\u1ef1u \u01af\u1edbc - O.T."},
{"language_id": 1064758232, "book_id": 2281173449, "book_name": "Gi\u00f3p", "testament_id": "old-testament", "testament_name": "C\u1ef1u \u01af\u1edbc - O.T."},
{"language_id": 1064758232, "book_id": 3038519160, "book_name": "Thi-thi\u00ean", "testament_id": "old-testament", "testament_name": "C\u1ef1u \u01af\u1edbc - O.T."},
{"language_id": 1064758232, "book_id": 2138631597, "book_name": "Ch\u00e2m-ng\u00f4n", "testament_id": "old-testament", "testament_name": "C\u1ef1u \u01af\u1edbc - O.T."},
{"language_id": 1064758232, "book_id": 907469761, "book_name": "Truy\u1ec1n-\u0111\u1ea1o", "testament_id": "old-testament", "testament_name": "C\u1ef1u \u01af\u1edbc - O.T."},
{"language_id": 1064758232, "book_id": 2455668167, "book_name": "Nh\u00e3-ca", "testament_id": "old-testament", "testament_name": "C\u1ef1u \u01af\u1edbc - O.T."},
{"language_id": 1064758232, "book_id": 1436111132, "book_name": "\u00ca-sai", "testament_id": "old-testament", "testament_name": "C\u1ef1u \u01af\u1edbc - O.T."},
{"language_id": 1064758232, "book_id": 2767498331, "book_name": "Gi\u00ea-r\u00ea-mi", "testament_id": "old-testament", "testament_name": "C\u1ef1u \u01af\u1edbc - O.T."},
{"language_id": 1064758232, "book_id": 3062413825, "book_name": "Ca-th\u01b0\u01a1ng", "testament_id": "old-testament", "testament_name": "C\u1ef1u \u01af\u1edbc - O.T."},
{"language_id": 1064758232, "book_id": 2560069982, "book_name": "\u00ca-x\u00ea-chi-\u00ean", "testament_id": "old-testament", "testament_name": "C\u1ef1u \u01af\u1edbc - O.T."},
{"language_id": 1064758232, "book_id": 1870557630, "book_name": "\u0110a-ni-\u00ean", "testament_id": "old-testament", "testament_name": "C\u1ef1u \u01af\u1edbc - O.T."},
{"language_id": 1064758232, "book_id": 2180837599, "book_name": "\u00d4-s\u00ea", "testament_id": "old-testament", "testament_name": "C\u1ef1u \u01af\u1edbc - O.T."},
{"language_id": 1064758232, "book_id": 2838490429, "book_name": "Gi\u00f4-\u00ean", "testament_id": "old-testament", "testament_name": "C\u1ef1u \u01af\u1edbc - O.T."},
{"language_id": 1064758232, "book_id": 4248641806, "book_name": "A-m\u1ed1t", "testament_id": "old-testament", "testament_name": "C\u1ef1u \u01af\u1edbc - O.T."},
{"language_id": 1064758232, "book_id": 411999918, "book_name": "\u00c1p-\u0111ia", "testament_id": "old-testament", "testament_name": "C\u1ef1u \u01af\u1edbc - O.T."},
{"language_id": 1064758232, "book_id": 3249842368, "book_name": "Gi\u00f4-na", "testament_id": "old-testament", "testament_name": "C\u1ef1u \u01af\u1edbc - O.T."},
{"language_id": 1064758232, "book_id": 3518065261, "book_name": "Mi-ch\u00ea", "testament_id": "old-testament", "testament_name": "C\u1ef1u \u01af\u1edbc - O.T."},
{"language_id": 1064758232, "book_id": 3013190540, "book_name": "Na-hum", "testament_id": "old-testament", "testament_name": "C\u1ef1u \u01af\u1edbc - O.T."},
{"language_id": 1064758232, "book_id": 1004788043, "book_name": "Ha-ba-c\u00fac", "testament_id": "old-testament", "testament_name": "C\u1ef1u \u01af\u1edbc - O.T."},
{"language_id": 1064758232, "book_id": 3119789736, "book_name": "S\u00f4-ph\u00f4-ni", "testament_id": "old-testament", "testament_name": "C\u1ef1u \u01af\u1edbc - O.T."},
{"language_id": 1064758232, "book_id": 2776815780, "book_name": "A-gh\u00ea", "testament_id": "old-testament", "testament_name": "C\u1ef1u \u01af\u1edbc - O.T."},
{"language_id": 1064758232, "book_id": 2036605170, "book_name": "Xa-cha-ri", "testament_id": "old-testament", "testament_name": "C\u1ef1u \u01af\u1edbc - O.T."},
{"language_id": 1064758232, "book_id": 2471326248, "book_name": "Ma-la-chi", "testament_id": "old-testament", "testament_name": "C\u1ef1u \u01af\u1edbc - O.T."},
{"language_id": 1064758232, "book_id": 3024814353, "book_name": "Ma-thi-\u01a1", "testament_id": "new-testament", "testament_name": "T\u00e2n \u01af\u1edbc - N.T."},
{"language_id": 1064758232, "book_id": 1172813215, "book_name": "M\u00e1c", "testament_id": "new-testament", "testament_name": "T\u00e2n \u01af\u1edbc - N.T."},
{"language_id": 1064758232, "book_id": 314813045, "book_name": "Lu-ca", "testament_id": "new-testament", "testament_name": "T\u00e2n \u01af\u1edbc - N.T."},
{"language_id": 1064758232, "book_id": 3803784810, "book_name": "Gi\u0103ng", "testament_id": "new-testament", "testament_name": "T\u00e2n \u01af\u1edbc - N.T."},
{"language_id": 1064758232, "book_id": 3820242273, "book_name": "C\u00f4ng-v\u1ee5 c\u00e1c S\u1ee9-\u0111\u1ed3", "testament_id": "new-testament", "testament_name": "T\u00e2n \u01af\u1edbc - N.T."},
{"language_id": 1064758232, "book_id": 2736184355, "book_name": "R\u00f4-ma", "testament_id": "new-testament", "testament_name": "T\u00e2n \u01af\u1edbc - N.T."},
{"language_id": 1064758232, "book_id": 1360127936, "book_name": "1 C\u00f4-rinh-t\u00f4 ", "testament_id": "new-testament", "testament_name": "T\u00e2n \u01af\u1edbc - N.T."},
{"language_id": 1064758232, "book_id": 782669098, "book_name": "2 C\u00f4-rinh-t\u00f4", "testament_id": "new-testament", "testament_name": "T\u00e2n \u01af\u1edbc - N.T."},
{"language_id": 1064758232, "book_id": 1999065839, "book_name": "Ga-la-ti", "testament_id": "new-testament", "testament_name": "T\u00e2n \u01af\u1edbc - N.T."},
{"language_id": 1064758232, "book_id": 270929199, "book_name": "\u00ca-ph\u00ea-s\u00f4", "testament_id": "new-testament", "testament_name": "T\u00e2n \u01af\u1edbc - N.T."},
{"language_id": 1064758232, "book_id": 3890321189, "book_name": "Phi-l\u00edp", "testament_id": "new-testament", "testament_name": "T\u00e2n \u01af\u1edbc - N.T."},
{"language_id": 1064758232, "book_id": 1074351284, "book_name": "C\u00f4-l\u00f4-se", "testament_id": "new-testament", "testament_name": "T\u00e2n \u01af\u1edbc - N.T."},
{"language_id": 1064758232, "book_id": 3335542870, "book_name": "1 T\u00ea-sa-l\u00f4-ni-ca", "testament_id": "new-testament", "testament_name": "T\u00e2n \u01af\u1edbc - N.T."},
{"language_id": 1064758232, "book_id": 1048445252, "book_name": "2 T\u00ea-sa-l\u00f4-ni-ca", "testament_id": "new-testament", "testament_name": "T\u00e2n \u01af\u1edbc - N.T."},
{"language_id": 1064758232, "book_id": 1913055367, "book_name": "1 Ti-m\u00f4-th\u00ea", "testament_id": "new-testament", "testament_name": "T\u00e2n \u01af\u1edbc - N.T."},
{"language_id": 1064758232, "book_id": 2754314349, "book_name": "2 Ti-m\u00f4-th\u00ea", "testament_id": "new-testament", "testament_name": "T\u00e2n \u01af\u1edbc - N.T."},
{"language_id": 1064758232, "book_id": 1015615195, "book_name": "T\u00edt", "testament_id": "new-testament", "testament_name": "T\u00e2n \u01af\u1edbc - N.T."},
{"language_id": 1064758232, "book_id": 2598108519, "book_name": "Phi-l\u00ea-m\u00f4n", "testament_id": "new-testament", "testament_name": "T\u00e2n \u01af\u1edbc - N.T."},
{"language_id": 1064758232, "book_id": 3036301822, "book_name": "H\u00ea-b\u01a1-r\u01a1", "testament_id": "new-testament", "testament_name": "T\u00e2n \u01af\u1edbc - N.T."},
{"language_id": 1064758232, "book_id": 216051545, "book_name": "Gia-c\u01a1", "testament_id": "new-testament", "testament_name": "T\u00e2n \u01af\u1edbc - N.T."},
{"language_id": 1064758232, "book_id": 2002037773, "book_name": "1 Phi-e-r\u01a1", "testament_id": "new-testament", "testament_name": "T\u00e2n \u01af\u1edbc - N.T."},
{"language_id": 1064758232, "book_id": 676737631, "book_name": "2 Phi-e-r\u01a1", "testament_id": "new-testament", "testament_name": "T\u00e2n \u01af\u1edbc - N.T."},
{"language_id": 1064758232, "book_id": 3647572664, "book_name": "1 Gi\u0103ng", "testament_id": "new-testament", "testament_name": "T\u00e2n \u01af\u1edbc - N.T."},
{"language_id": 1064758232, "book_id": 4229278922, "book_name": "2 Gi\u0103ng", "testament_id": "new-testament", "testament_name": "T\u00e2n \u01af\u1edbc - N.T."},
{"language_id": 1064758232, "book_id": 14775420, "book_name": "3 Gi\u0103ng", "testament_id": "new-testament", "testament_name": "T\u00e2n \u01af\u1edbc - N.T."},
{"language_id": 1064758232, "book_id": 3181568312, "book_name": "Giu-\u0111e", "testament_id": "new-testament", "testament_name": "T\u00e2n \u01af\u1edbc - N.T."},
{"language_id": 1064758232, "book_id": 2314729654, "book_name": "Kh\u1ea3i-huy\u1ec1n", "testament_id": "new-testament", "testament_name": "T\u00e2n \u01af\u1edbc - N.T."}
]