[
{"language_id": "3835679860", "book_id": "2537118808", "book_name": "\u0909\u0924\u094d\u092a\u0924\u094d\u0924\u093f ", "testament_id": "old-testament", "testament_name": "\u091c\u0941\u0928\u093e \u0915\u0930\u093e\u0930 - O.T."},
{"language_id": "3835679860", "book_id": "2012815288", "book_name": "\u0928\u093f\u0930\u094d\u0917\u092e ", "testament_id": "old-testament", "testament_name": "\u091c\u0941\u0928\u093e \u0915\u0930\u093e\u0930 - O.T."},
{"language_id": "3835679860", "book_id": "1587899097", "book_name": "\u0932\u0947\u0935\u0940\u092f ", "testament_id": "old-testament", "testament_name": "\u091c\u0941\u0928\u093e \u0915\u0930\u093e\u0930 - O.T."},
{"language_id": "3835679860", "book_id": "1952019483", "book_name": "\u0917\u0923\u0928\u093e ", "testament_id": "old-testament", "testament_name": "\u091c\u0941\u0928\u093e \u0915\u0930\u093e\u0930 - O.T."},
{"language_id": "3835679860", "book_id": "373844841", "book_name": "\u0905\u0928\u0941\u0935\u093e\u0926 ", "testament_id": "old-testament", "testament_name": "\u091c\u0941\u0928\u093e \u0915\u0930\u093e\u0930 - O.T."},
{"language_id": "3835679860", "book_id": "1885433107", "book_name": "\u092f\u0939\u094b\u0936\u0935\u093e ", "testament_id": "old-testament", "testament_name": "\u091c\u0941\u0928\u093e \u0915\u0930\u093e\u0930 - O.T."},
{"language_id": "3835679860", "book_id": "3720756664", "book_name": "\u0936\u093e\u0938\u094d\u0924\u0947 ", "testament_id": "old-testament", "testament_name": "\u091c\u0941\u0928\u093e \u0915\u0930\u093e\u0930 - O.T."},
{"language_id": "3835679860", "book_id": "2444723798", "book_name": " \u0930\u0942\u0925 ", "testament_id": "old-testament", "testament_name": "\u091c\u0941\u0928\u093e \u0915\u0930\u093e\u0930 - O.T."},
{"language_id": "3835679860", "book_id": "2838537792", "book_name": "1 \u0936\u092e\u0941\u0935\u0947\u0932 ", "testament_id": "old-testament", "testament_name": "\u091c\u0941\u0928\u093e \u0915\u0930\u093e\u0930 - O.T."},
{"language_id": "3835679860", "book_id": "4120066887", "book_name": "2 \u0936\u092e\u0941\u0935\u0947\u0932  ", "testament_id": "old-testament", "testament_name": "\u091c\u0941\u0928\u093e \u0915\u0930\u093e\u0930 - O.T."},
{"language_id": "3835679860", "book_id": "423059945", "book_name": "1 \u0930\u093e\u091c\u0947 ", "testament_id": "old-testament", "testament_name": "\u091c\u0941\u0928\u093e \u0915\u0930\u093e\u0930 - O.T."},
{"language_id": "3835679860", "book_id": "3482344945", "book_name": "2 \u0930\u093e\u091c\u0947 ", "testament_id": "old-testament", "testament_name": "\u091c\u0941\u0928\u093e \u0915\u0930\u093e\u0930 - O.T."},
{"language_id": "3835679860", "book_id": "1696456821", "book_name": "1 \u0907\u0924\u093f\u0939\u093e\u0938 ", "testament_id": "old-testament", "testament_name": "\u091c\u0941\u0928\u093e \u0915\u0930\u093e\u0930 - O.T."},
{"language_id": "3835679860", "book_id": "1506960585", "book_name": "2 \u0907\u0924\u093f\u0939\u093e\u0938 ", "testament_id": "old-testament", "testament_name": "\u091c\u0941\u0928\u093e \u0915\u0930\u093e\u0930 - O.T."},
{"language_id": "3835679860", "book_id": "1591654457", "book_name": "\u090f\u091c\u094d\u0930\u093e ", "testament_id": "old-testament", "testament_name": "\u091c\u0941\u0928\u093e \u0915\u0930\u093e\u0930 - O.T."},
{"language_id": "3835679860", "book_id": "1315091762", "book_name": "\u0928\u0939\u0947\u092e\u094d\u092f\u093e ", "testament_id": "old-testament", "testament_name": "\u091c\u0941\u0928\u093e \u0915\u0930\u093e\u0930 - O.T."},
{"language_id": "3835679860", "book_id": "1170156638", "book_name": "\u090f\u0938\u094d\u0924\u0947\u0930 ", "testament_id": "old-testament", "testament_name": "\u091c\u0941\u0928\u093e \u0915\u0930\u093e\u0930 - O.T."},
{"language_id": "3835679860", "book_id": "993618824", "book_name": " \u0908\u092f\u094b\u092c ", "testament_id": "old-testament", "testament_name": "\u091c\u0941\u0928\u093e \u0915\u0930\u093e\u0930 - O.T."},
{"language_id": "3835679860", "book_id": "3005922124", "book_name": "\u0938\u094d\u0924\u094b\u0924\u094d\u0930\u0938\u0902\u0939\u093f\u0924\u093e ", "testament_id": "old-testament", "testament_name": "\u091c\u0941\u0928\u093e \u0915\u0930\u093e\u0930 - O.T."},
{"language_id": "3835679860", "book_id": "2637211684", "book_name": "\u0928\u0940\u0924\u093f\u0938\u0942\u0924\u094d\u0930\u0947 ", "testament_id": "old-testament", "testament_name": "\u091c\u0941\u0928\u093e \u0915\u0930\u093e\u0930 - O.T."},
{"language_id": "3835679860", "book_id": "803068439", "book_name": "\u0909\u092a\u0926\u0947\u0936\u0915 ", "testament_id": "old-testament", "testament_name": "\u091c\u0941\u0928\u093e \u0915\u0930\u093e\u0930 - O.T."},
{"language_id": "3835679860", "book_id": "1029359327", "book_name": "\u0917\u0940\u0924\u0930\u0924\u094d\u0928 ", "testament_id": "old-testament", "testament_name": "\u091c\u0941\u0928\u093e \u0915\u0930\u093e\u0930 - O.T."},
{"language_id": "3835679860", "book_id": "2988522432", "book_name": "\u092f\u0936\u092f\u093e ", "testament_id": "old-testament", "testament_name": "\u091c\u0941\u0928\u093e \u0915\u0930\u093e\u0930 - O.T."},
{"language_id": "3835679860", "book_id": "3929752985", "book_name": "\u092f\u093f\u0930\u094d\u092e\u092f\u093e", "testament_id": "old-testament", "testament_name": "\u091c\u0941\u0928\u093e \u0915\u0930\u093e\u0930 - O.T."},
{"language_id": "3835679860", "book_id": "4068056845", "book_name": "\u0935\u093f\u0932\u093e\u092a\u0917\u0940\u0924", "testament_id": "old-testament", "testament_name": "\u091c\u0941\u0928\u093e \u0915\u0930\u093e\u0930 - O.T."},
{"language_id": "3835679860", "book_id": "1786613585", "book_name": "\u092f\u0939\u0947\u091c\u094d\u0915\u0947\u0932", "testament_id": "old-testament", "testament_name": "\u091c\u0941\u0928\u093e \u0915\u0930\u093e\u0930 - O.T."},
{"language_id": "3835679860", "book_id": "1579381181", "book_name": "\u0926\u093e\u0928\u0940\u090f\u0932", "testament_id": "old-testament", "testament_name": "\u091c\u0941\u0928\u093e \u0915\u0930\u093e\u0930 - O.T."},
{"language_id": "3835679860", "book_id": "1912754211", "book_name": "\u0939\u094b\u0936\u0947\u092f ", "testament_id": "old-testament", "testament_name": "\u091c\u0941\u0928\u093e \u0915\u0930\u093e\u0930 - O.T."},
{"language_id": "3835679860", "book_id": "1870171679", "book_name": "\u092f\u094b\u090f\u0932 ", "testament_id": "old-testament", "testament_name": "\u091c\u0941\u0928\u093e \u0915\u0930\u093e\u0930 - O.T."},
{"language_id": "3835679860", "book_id": "1668272845", "book_name": "\u0906\u092e\u094b\u0938 ", "testament_id": "old-testament", "testament_name": "\u091c\u0941\u0928\u093e \u0915\u0930\u093e\u0930 - O.T."},
{"language_id": "3835679860", "book_id": "3479276526", "book_name": "\u0913\u092c\u0926\u094d\u092f\u093e ", "testament_id": "old-testament", "testament_name": "\u091c\u0941\u0928\u093e \u0915\u0930\u093e\u0930 - O.T."},
{"language_id": "3835679860", "book_id": "1611216650", "book_name": "\u092f\u094b\u0928\u093e ", "testament_id": "old-testament", "testament_name": "\u091c\u0941\u0928\u093e \u0915\u0930\u093e\u0930 - O.T."},
{"language_id": "3835679860", "book_id": "2186877859", "book_name": "\u092e\u0940\u0916\u093e ", "testament_id": "old-testament", "testament_name": "\u091c\u0941\u0928\u093e \u0915\u0930\u093e\u0930 - O.T."},
{"language_id": "3835679860", "book_id": "1239598863", "book_name": "\u0928\u0939\u0942\u092e ", "testament_id": "old-testament", "testament_name": "\u091c\u0941\u0928\u093e \u0915\u0930\u093e\u0930 - O.T."},
{"language_id": "3835679860", "book_id": "3144048288", "book_name": "\u0939\u092c\u0915\u094d\u0915\u0942\u0915 ", "testament_id": "old-testament", "testament_name": "\u091c\u0941\u0928\u093e \u0915\u0930\u093e\u0930 - O.T."},
{"language_id": "3835679860", "book_id": "1266143903", "book_name": "\u0938\u092b\u0928\u094d\u092f\u093e ", "testament_id": "old-testament", "testament_name": "\u091c\u0941\u0928\u093e \u0915\u0930\u093e\u0930 - O.T."},
{"language_id": "3835679860", "book_id": "1557259184", "book_name": "\u0939\u093e\u0917\u094d\u0917\u092f ", "testament_id": "old-testament", "testament_name": "\u091c\u0941\u0928\u093e \u0915\u0930\u093e\u0930 - O.T."},
{"language_id": "3835679860", "book_id": "2976582193", "book_name": "\u091c\u0916\u0931\u094d\u092f\u093e ", "testament_id": "old-testament", "testament_name": "\u091c\u0941\u0928\u093e \u0915\u0930\u093e\u0930 - O.T."},
{"language_id": "3835679860", "book_id": "3910415651", "book_name": "\u092e\u0932\u093e\u0916\u0940 ", "testament_id": "old-testament", "testament_name": "\u091c\u0941\u0928\u093e \u0915\u0930\u093e\u0930 - O.T."},
{"language_id": "3835679860", "book_id": "64566581", "book_name": "\u092e\u0924\u094d\u0924\u092f ", "testament_id": "new-testament", "testament_name": " \u0928\u0935\u093e \u0915\u0930\u093e\u0930 - N.T."},
{"language_id": "3835679860", "book_id": "66296044", "book_name": "\u092e\u093e\u0930\u094d\u0915 ", "testament_id": "new-testament", "testament_name": " \u0928\u0935\u093e \u0915\u0930\u093e\u0930 - N.T."},
{"language_id": "3835679860", "book_id": "325026914", "book_name": "\u0932\u0942\u0915 ", "testament_id": "new-testament", "testament_name": " \u0928\u0935\u093e \u0915\u0930\u093e\u0930 - N.T."},
{"language_id": "3835679860", "book_id": "2615809705", "book_name": "\u092f\u094b\u0939\u093e\u0928 ", "testament_id": "new-testament", "testament_name": " \u0928\u0935\u093e \u0915\u0930\u093e\u0930 - N.T."},
{"language_id": "3835679860", "book_id": "3997076820", "book_name": "\u092a\u094d\u0930\u0947\u0937\u093f\u0924\u093e\u0902\u091a\u0940\u0902 \u0915\u0943\u0924\u094d\u092f\u0947\u0902 ", "testament_id": "new-testament", "testament_name": " \u0928\u0935\u093e \u0915\u0930\u093e\u0930 - N.T."},
{"language_id": "3835679860", "book_id": "1738598396", "book_name": "\u0930\u094b\u092e\u0915\u0930\u093e\u0902\u0938 ", "testament_id": "new-testament", "testament_name": " \u0928\u0935\u093e \u0915\u0930\u093e\u0930 - N.T."},
{"language_id": "3835679860", "book_id": "254440398", "book_name": "1 \u0915\u0930\u093f\u0902\u0925\u0915\u0930\u093e\u0902\u0938 ", "testament_id": "new-testament", "testament_name": " \u0928\u0935\u093e \u0915\u0930\u093e\u0930 - N.T."},
{"language_id": "3835679860", "book_id": "3945747444", "book_name": "2 \u0915\u0930\u093f\u0902\u0925\u0915\u0930\u093e\u0902\u0938 ", "testament_id": "new-testament", "testament_name": " \u0928\u0935\u093e \u0915\u0930\u093e\u0930 - N.T."},
{"language_id": "3835679860", "book_id": "2932053841", "book_name": "\u0917\u0932\u0924\u0940\u0915\u0930\u093e\u0902\u0938 ", "testament_id": "new-testament", "testament_name": " \u0928\u0935\u093e \u0915\u0930\u093e\u0930 - N.T."},
{"language_id": "3835679860", "book_id": "2209533254", "book_name": "\u0907\u092b\u093f\u0938\u0915\u0930\u093e\u0902\u0938 ", "testament_id": "new-testament", "testament_name": " \u0928\u0935\u093e \u0915\u0930\u093e\u0930 - N.T."},
{"language_id": "3835679860", "book_id": "3669198165", "book_name": "\u092b\u093f\u0932\u093f\u092a\u094d\u092a\u0948\u0915\u0930\u093e\u0902\u0938 ", "testament_id": "new-testament", "testament_name": " \u0928\u0935\u093e \u0915\u0930\u093e\u0930 - N.T."},
{"language_id": "3835679860", "book_id": "2256079358", "book_name": "\u0915\u0932\u0938\u094d\u0938\u0948\u0915\u0930\u093e\u0902\u0938 ", "testament_id": "new-testament", "testament_name": " \u0928\u0935\u093e \u0915\u0930\u093e\u0930 - N.T."},
{"language_id": "3835679860", "book_id": "3098042504", "book_name": "1 \u0925\u0947\u0938\u094d\u0938\u0932\u0928\u0940\u0915\u093e\u0915\u0930\u093e\u0902\u0938 ", "testament_id": "new-testament", "testament_name": " \u0928\u0935\u093e \u0915\u0930\u093e\u0930 - N.T."},
{"language_id": "3835679860", "book_id": "965263162", "book_name": "2 \u0925\u0947\u0938\u094d\u0938\u0932\u0928\u0940\u0915\u093e\u0915\u0930\u093e\u0902\u0938 ", "testament_id": "new-testament", "testament_name": " \u0928\u0935\u093e \u0915\u0930\u093e\u0930 - N.T."},
{"language_id": "3835679860", "book_id": "1065603094", "book_name": "1 \u0924\u0940\u092e\u0925\u094d\u092f\u093e\u0932\u093e ", "testament_id": "new-testament", "testament_name": " \u0928\u0935\u093e \u0915\u0930\u093e\u0930 - N.T."},
{"language_id": "3835679860", "book_id": "1456501198", "book_name": "2 \u0924\u0940\u092e\u0925\u094d\u0925\u093e\u0932\u093e ", "testament_id": "new-testament", "testament_name": " \u0928\u0935\u093e \u0915\u0930\u093e\u0930 - N.T."},
{"language_id": "3835679860", "book_id": "2273877080", "book_name": "\u0924\u0940\u0924\u093e\u0932\u093e ", "testament_id": "new-testament", "testament_name": " \u0928\u0935\u093e \u0915\u0930\u093e\u0930 - N.T."},
{"language_id": "3835679860", "book_id": "1691346085", "book_name": "\u092b\u093f\u0932\u0947\u092e\u094b\u0928\u093e ", "testament_id": "new-testament", "testament_name": " \u0928\u0935\u093e \u0915\u0930\u093e\u0930 - N.T."},
{"language_id": "3835679860", "book_id": "993855154", "book_name": "\u0907\u092c\u094d\u0930\u0940 \u0932\u094b\u0915\u093e\u0902\u0938 ", "testament_id": "new-testament", "testament_name": " \u0928\u0935\u093e \u0915\u0930\u093e\u0930 - N.T."},
{"language_id": "3835679860", "book_id": "2746504918", "book_name": " \u092f\u093e\u0915\u094b\u092c ", "testament_id": "new-testament", "testament_name": " \u0928\u0935\u093e \u0915\u0930\u093e\u0930 - N.T."},
{"language_id": "3835679860", "book_id": "1698189178", "book_name": "1 \u092a\u0947\u0924\u094d\u0930 ", "testament_id": "new-testament", "testament_name": " \u0928\u0935\u093e \u0915\u0930\u093e\u0930 - N.T."},
{"language_id": "3835679860", "book_id": "2662482152", "book_name": "2 \u092a\u0947\u0924\u094d\u0930 ", "testament_id": "new-testament", "testament_name": " \u0928\u0935\u093e \u0915\u0930\u093e\u0930 - N.T."},
{"language_id": "3835679860", "book_id": "2330948267", "book_name": "1 \u092f\u094b\u0939\u093e\u0928 ", "testament_id": "new-testament", "testament_name": " \u0928\u0935\u093e \u0915\u0930\u093e\u0930 - N.T."},
{"language_id": "3835679860", "book_id": "579500745", "book_name": "2 \u092f\u094b\u0939\u093e\u0928 ", "testament_id": "new-testament", "testament_name": " \u0928\u0935\u093e \u0915\u0930\u093e\u0930 - N.T."},
{"language_id": "3835679860", "book_id": "2805940047", "book_name": "3 \u092f\u094b\u0939\u093e\u0928 ", "testament_id": "new-testament", "testament_name": " \u0928\u0935\u093e \u0915\u0930\u093e\u0930 - N.T."},
{"language_id": "3835679860", "book_id": "2838290262", "book_name": " \u092f\u0939\u0942\u0926\u093e ", "testament_id": "new-testament", "testament_name": " \u0928\u0935\u093e \u0915\u0930\u093e\u0930 - N.T."},
{"language_id": "3835679860", "book_id": "2263990210", "book_name": "\u092a\u094d\u0930\u0915\u091f\u0940\u0915\u0930\u0923 ", "testament_id": "new-testament", "testament_name": " \u0928\u0935\u093e \u0915\u0930\u093e\u0930 - N.T."}
]