[
{"language_id": "549066475", "book_id": "2070570008", "book_name": "\u0c06\u0c26\u0c3f\u0c15\u0c3e\u0c02\u0c21\u0c2e\u0c41", "testament_id": "old-testament", "testament_name": " \u0c2a\u0c3e\u0c24 \u0c28\u0c3f\u0c2c\u0c02\u0c27\u0c28 - O.T."},
{"language_id": "549066475", "book_id": "1971508755", "book_name": "\u0c28\u0c3f\u0c30\u0c4d\u0c17\u0c2e\u0c15\u0c3e\u0c02\u0c21\u0c2e\u0c41", "testament_id": "old-testament", "testament_name": " \u0c2a\u0c3e\u0c24 \u0c28\u0c3f\u0c2c\u0c02\u0c27\u0c28 - O.T."},
{"language_id": "549066475", "book_id": "1034686970", "book_name": "\u0c32\u0c47\u0c35\u0c40\u0c2f\u0c15\u0c3e\u0c02\u0c21\u0c2e\u0c41", "testament_id": "old-testament", "testament_name": " \u0c2a\u0c3e\u0c24 \u0c28\u0c3f\u0c2c\u0c02\u0c27\u0c28 - O.T."},
{"language_id": "549066475", "book_id": "2605264186", "book_name": "\u0c38\u0c02\u0c16\u0c4d\u0c2f\u0c3e\u0c15\u0c3e\u0c02\u0c21\u0c2e\u0c41", "testament_id": "old-testament", "testament_name": " \u0c2a\u0c3e\u0c24 \u0c28\u0c3f\u0c2c\u0c02\u0c27\u0c28 - O.T."},
{"language_id": "549066475", "book_id": "3496112102", "book_name": "\u0c26\u0c4d\u0c35\u0c3f\u0c24\u0c40\u0c2f\u0c4b\u0c2a\u0c26\u0c47\u0c36\u0c15\u0c3e\u0c02\u0c21\u0c2e", "testament_id": "old-testament", "testament_name": " \u0c2a\u0c3e\u0c24 \u0c28\u0c3f\u0c2c\u0c02\u0c27\u0c28 - O.T."},
{"language_id": "549066475", "book_id": "928882198", "book_name": "\u0c2f\u0c46\u0c39\u0c4a\u0c37\u0c41\u0c35", "testament_id": "old-testament", "testament_name": " \u0c2a\u0c3e\u0c24 \u0c28\u0c3f\u0c2c\u0c02\u0c27\u0c28 - O.T."},
{"language_id": "549066475", "book_id": "452754931", "book_name": "\u0c28\u0c4d\u0c2f\u0c3e\u0c2f\u0c3e\u0c27\u0c3f\u0c2a\u0c24\u0c41\u0c32\u0c41", "testament_id": "old-testament", "testament_name": " \u0c2a\u0c3e\u0c24 \u0c28\u0c3f\u0c2c\u0c02\u0c27\u0c28 - O.T."},
{"language_id": "549066475", "book_id": "991010542", "book_name": "\u0c30\u0c42\u0c24\u0c41", "testament_id": "old-testament", "testament_name": " \u0c2a\u0c3e\u0c24 \u0c28\u0c3f\u0c2c\u0c02\u0c27\u0c28 - O.T."},
{"language_id": "549066475", "book_id": "3517933747", "book_name": "\u0c38\u0c2e\u0c42\u0c2f\u0c47\u0c32\u0c41\u00a0\u0c2e\u0c4a\u0c26\u0c1f\u0c3f\u00a0\u0c17\u0c4d\u0c30\u0c02\u0c25\u0c2e\u0c41", "testament_id": "old-testament", "testament_name": " \u0c2a\u0c3e\u0c24 \u0c28\u0c3f\u0c2c\u0c02\u0c27\u0c28 - O.T."},
{"language_id": "549066475", "book_id": "945553937", "book_name": "\u0c38\u0c2e\u0c42\u0c2f\u0c47\u0c32\u0c41\u00a0\u0c30\u0c46\u0c02\u0c21\u0c35\u00a0\u0c17\u0c4d\u0c30\u0c02\u0c25\u0c2e\u0c41", "testament_id": "old-testament", "testament_name": " \u0c2a\u0c3e\u0c24 \u0c28\u0c3f\u0c2c\u0c02\u0c27\u0c28 - O.T."},
{"language_id": "549066475", "book_id": "1915952125", "book_name": "\u0c30\u0c3e\u0c1c\u0c41\u0c32\u0c41\u00a0\u0c2e\u0c4a\u0c26\u0c1f\u0c3f\u00a0\u0c17\u0c4d\u0c30\u0c02\u0c25\u0c2e\u0c41", "testament_id": "old-testament", "testament_name": " \u0c2a\u0c3e\u0c24 \u0c28\u0c3f\u0c2c\u0c02\u0c27\u0c28 - O.T."},
{"language_id": "549066475", "book_id": "1508668064", "book_name": "\u0c30\u0c3e\u0c1c\u0c41\u0c32\u0c41\u00a0\u0c30\u0c46\u0c02\u0c21\u0c35\u00a0\u0c17\u0c4d\u0c30\u0c02\u0c25\u0c2e\u0c41", "testament_id": "old-testament", "testament_name": " \u0c2a\u0c3e\u0c24 \u0c28\u0c3f\u0c2c\u0c02\u0c27\u0c28 - O.T."},
{"language_id": "549066475", "book_id": "722301233", "book_name": "\u0c26\u0c3f\u0c28\u0c35\u0c43\u0c24\u0c4d\u0c24\u0c3e\u0c02\u0c24\u0c2e\u0c41\u0c32\u0c41\u00a0\u0c2e\u0c4a\u0c26\u0c1f\u0c3f\u00a0\u0c17\u0c4d\u0c30\u0c02\u0c25\u0c2e\u0c41", "testament_id": "old-testament", "testament_name": " \u0c2a\u0c3e\u0c24 \u0c28\u0c3f\u0c2c\u0c02\u0c27\u0c28 - O.T."},
{"language_id": "549066475", "book_id": "3398836192", "book_name": "\u0c26\u0c3f\u0c28\u0c35\u0c43\u0c24\u0c4d\u0c24\u0c3e\u0c02\u0c24\u0c2e\u0c41\u0c32\u0c41\u00a0\u0c30\u0c46\u0c02\u0c21\u0c35\u00a0\u0c17\u0c4d\u0c30\u0c02\u0c25\u0c2e\u0c41", "testament_id": "old-testament", "testament_name": " \u0c2a\u0c3e\u0c24 \u0c28\u0c3f\u0c2c\u0c02\u0c27\u0c28 - O.T."},
{"language_id": "549066475", "book_id": "3344373852", "book_name": "\u0c0e\u0c1c\u0c4d\u0c30\u0c3e", "testament_id": "old-testament", "testament_name": " \u0c2a\u0c3e\u0c24 \u0c28\u0c3f\u0c2c\u0c02\u0c27\u0c28 - O.T."},
{"language_id": "549066475", "book_id": "3869986209", "book_name": "\u0c28\u0c46\u0c39\u0c46\u0c2e\u0c4d\u0c2f\u0c3e", "testament_id": "old-testament", "testament_name": " \u0c2a\u0c3e\u0c24 \u0c28\u0c3f\u0c2c\u0c02\u0c27\u0c28 - O.T."},
{"language_id": "549066475", "book_id": "2702686966", "book_name": "\u0c0e\u0c38\u0c4d\u0c24\u0c47\u0c30\u0c41", "testament_id": "old-testament", "testament_name": " \u0c2a\u0c3e\u0c24 \u0c28\u0c3f\u0c2c\u0c02\u0c27\u0c28 - O.T."},
{"language_id": "549066475", "book_id": "3777576815", "book_name": "\u0c2f\u0c4b\u0c2c\u0c41\u00a0\u0c17\u0c4d\u0c30\u0c02\u0c25\u0c2e\u0c41", "testament_id": "old-testament", "testament_name": " \u0c2a\u0c3e\u0c24 \u0c28\u0c3f\u0c2c\u0c02\u0c27\u0c28 - O.T."},
{"language_id": "549066475", "book_id": "2998592297", "book_name": "\u0c15\u0c40\u0c30\u0c4d\u0c24\u0c28\u0c32\u00a0\u0c17\u0c4d\u0c30\u0c02\u0c25\u0c2e\u0c41", "testament_id": "old-testament", "testament_name": " \u0c2a\u0c3e\u0c24 \u0c28\u0c3f\u0c2c\u0c02\u0c27\u0c28 - O.T."},
{"language_id": "549066475", "book_id": "2755909698", "book_name": "\u0c38\u0c3e\u0c2e\u0c46\u0c24\u0c32\u0c41", "testament_id": "old-testament", "testament_name": " \u0c2a\u0c3e\u0c24 \u0c28\u0c3f\u0c2c\u0c02\u0c27\u0c28 - O.T."},
{"language_id": "549066475", "book_id": "604497579", "book_name": "\u0c2a\u0c4d\u0c30\u0c38\u0c02\u0c17\u0c3f", "testament_id": "old-testament", "testament_name": " \u0c2a\u0c3e\u0c24 \u0c28\u0c3f\u0c2c\u0c02\u0c27\u0c28 - O.T."},
{"language_id": "549066475", "book_id": "1479989909", "book_name": "\u0c2a\u0c30\u0c2e\u0c17\u0c40\u0c24\u0c2e\u0c41 ", "testament_id": "old-testament", "testament_name": " \u0c2a\u0c3e\u0c24 \u0c28\u0c3f\u0c2c\u0c02\u0c27\u0c28 - O.T."},
{"language_id": "549066475", "book_id": "1317597769", "book_name": "\u0c2f\u0c46\u0c37\u0c2f\u0c3e\u00a0\u0c17\u0c4d\u0c30\u0c02\u0c25\u0c2e\u0c41 ", "testament_id": "old-testament", "testament_name": " \u0c2a\u0c3e\u0c24 \u0c28\u0c3f\u0c2c\u0c02\u0c27\u0c28 - O.T."},
{"language_id": "549066475", "book_id": "247495097", "book_name": "\u0c2f\u0c3f\u0c30\u0c4d\u0c2e\u0c40\u0c2f\u0c3e", "testament_id": "old-testament", "testament_name": " \u0c2a\u0c3e\u0c24 \u0c28\u0c3f\u0c2c\u0c02\u0c27\u0c28 - O.T."},
{"language_id": "549066475", "book_id": "1906191410", "book_name": "\u0c35\u0c3f\u0c32\u0c3e\u0c2a\u0c35\u0c3e\u0c15\u0c4d\u0c2f\u0c2e\u0c41\u0c32\u0c41", "testament_id": "old-testament", "testament_name": " \u0c2a\u0c3e\u0c24 \u0c28\u0c3f\u0c2c\u0c02\u0c27\u0c28 - O.T."},
{"language_id": "549066475", "book_id": "4251207871", "book_name": "\u0c2f\u0c46\u0c39\u0c46\u0c1c\u0c4d\u0c15\u0c47\u0c32\u0c41", "testament_id": "old-testament", "testament_name": " \u0c2a\u0c3e\u0c24 \u0c28\u0c3f\u0c2c\u0c02\u0c27\u0c28 - O.T."},
{"language_id": "549066475", "book_id": "320028752", "book_name": "\u0c26\u0c3e\u0c28\u0c3f\u0c2f\u0c47\u0c32\u0c41", "testament_id": "old-testament", "testament_name": " \u0c2a\u0c3e\u0c24 \u0c28\u0c3f\u0c2c\u0c02\u0c27\u0c28 - O.T."},
{"language_id": "549066475", "book_id": "558088523", "book_name": "\u0c39\u0c4a\u0c37\u0c47\u0c2f", "testament_id": "old-testament", "testament_name": " \u0c2a\u0c3e\u0c24 \u0c28\u0c3f\u0c2c\u0c02\u0c27\u0c28 - O.T."},
{"language_id": "549066475", "book_id": "1409119347", "book_name": "\u0c2f\u0c4b\u0c35\u0c47\u0c32\u0c41", "testament_id": "old-testament", "testament_name": " \u0c2a\u0c3e\u0c24 \u0c28\u0c3f\u0c2c\u0c02\u0c27\u0c28 - O.T."},
{"language_id": "549066475", "book_id": "2863569224", "book_name": "\u0c06\u0c2e\u0c4b\u0c38\u0c41", "testament_id": "old-testament", "testament_name": " \u0c2a\u0c3e\u0c24 \u0c28\u0c3f\u0c2c\u0c02\u0c27\u0c28 - O.T."},
{"language_id": "549066475", "book_id": "1417746814", "book_name": "\u0c13\u0c2c\u0c26\u0c4d\u0c2f\u0c3e", "testament_id": "old-testament", "testament_name": " \u0c2a\u0c3e\u0c24 \u0c28\u0c3f\u0c2c\u0c02\u0c27\u0c28 - O.T."},
{"language_id": "549066475", "book_id": "101738042", "book_name": "\u0c2f\u0c4b\u0c28\u0c3e", "testament_id": "old-testament", "testament_name": " \u0c2a\u0c3e\u0c24 \u0c28\u0c3f\u0c2c\u0c02\u0c27\u0c28 - O.T."},
{"language_id": "549066475", "book_id": "1062603412", "book_name": "\u0c2e\u0c40\u0c15\u0c3e ", "testament_id": "old-testament", "testament_name": " \u0c2a\u0c3e\u0c24 \u0c28\u0c3f\u0c2c\u0c02\u0c27\u0c28 - O.T."},
{"language_id": "549066475", "book_id": "3767579786", "book_name": "\u0c28\u0c39\u0c42\u0c2e\u0c41", "testament_id": "old-testament", "testament_name": " \u0c2a\u0c3e\u0c24 \u0c28\u0c3f\u0c2c\u0c02\u0c27\u0c28 - O.T."},
{"language_id": "549066475", "book_id": "4194575909", "book_name": "\u0c39\u0c2c\u0c15\u0c4d\u0c15\u0c42\u0c15\u0c41", "testament_id": "old-testament", "testament_name": " \u0c2a\u0c3e\u0c24 \u0c28\u0c3f\u0c2c\u0c02\u0c27\u0c28 - O.T."},
{"language_id": "549066475", "book_id": "772237341", "book_name": "\u0c1c\u0c46\u0c2b\u0c28\u0c4d\u0c2f\u0c3e", "testament_id": "old-testament", "testament_name": " \u0c2a\u0c3e\u0c24 \u0c28\u0c3f\u0c2c\u0c02\u0c27\u0c28 - O.T."},
{"language_id": "549066475", "book_id": "750678125", "book_name": "\u0c39\u0c17\u0c4d\u0c17\u0c2f\u0c3f", "testament_id": "old-testament", "testament_name": " \u0c2a\u0c3e\u0c24 \u0c28\u0c3f\u0c2c\u0c02\u0c27\u0c28 - O.T."},
{"language_id": "549066475", "book_id": "435240269", "book_name": "\u0c1c\u0c46\u0c15\u0c30\u0c4d\u0c2f\u0c3e", "testament_id": "old-testament", "testament_name": " \u0c2a\u0c3e\u0c24 \u0c28\u0c3f\u0c2c\u0c02\u0c27\u0c28 - O.T."},
{"language_id": "549066475", "book_id": "1960906036", "book_name": "\u0c2e\u0c32\u0c3e\u0c15\u0c40", "testament_id": "old-testament", "testament_name": " \u0c2a\u0c3e\u0c24 \u0c28\u0c3f\u0c2c\u0c02\u0c27\u0c28 - O.T."},
{"language_id": "549066475", "book_id": "3669202841", "book_name": "\u0c2e\u0c24\u0c4d\u0c24\u0c2f\u0c3f\u00a0\u0c38\u0c41\u0c35\u0c3e\u0c30\u0c4d\u0c24", "testament_id": "new-testament", "testament_name": "\u0c15\u0c4a\u0c24\u0c4d\u0c24 \u0c28\u0c3f\u0c2c\u0c02\u0c27\u0c28 - N.T."},
{"language_id": "549066475", "book_id": "2383375486", "book_name": "\u0c2e\u0c3e\u0c30\u0c4d\u0c15\u0c41\u00a0\u0c38\u0c41\u0c35\u0c3e\u0c30\u0c4d\u0c24", "testament_id": "new-testament", "testament_name": "\u0c15\u0c4a\u0c24\u0c4d\u0c24 \u0c28\u0c3f\u0c2c\u0c02\u0c27\u0c28 - N.T."},
{"language_id": "549066475", "book_id": "797038883", "book_name": "\u0c32\u0c42\u0c15\u0c3e\u00a0\u0c38\u0c41\u0c35\u0c3e\u0c30\u0c4d\u0c24", "testament_id": "new-testament", "testament_name": "\u0c15\u0c4a\u0c24\u0c4d\u0c24 \u0c28\u0c3f\u0c2c\u0c02\u0c27\u0c28 - N.T."},
{"language_id": "549066475", "book_id": "1464660411", "book_name": "\u0c2f\u0c4b\u0c39\u0c3e\u0c28\u0c41\u00a0\u0c38\u0c41\u0c35\u0c3e\u0c30\u0c4d\u0c24", "testament_id": "new-testament", "testament_name": "\u0c15\u0c4a\u0c24\u0c4d\u0c24 \u0c28\u0c3f\u0c2c\u0c02\u0c27\u0c28 - N.T."},
{"language_id": "549066475", "book_id": "2960254205", "book_name": "\u0c05\u0c2a\u0c4a\u0c38\u0c4d\u0c24\u0c32\u0c41\u0c32\u00a0\u0c15\u0c3e\u0c30\u0c4d\u0c2f\u0c2e\u0c41\u0c32\u0c41", "testament_id": "new-testament", "testament_name": "\u0c15\u0c4a\u0c24\u0c4d\u0c24 \u0c28\u0c3f\u0c2c\u0c02\u0c27\u0c28 - N.T."},
{"language_id": "549066475", "book_id": "1790147185", "book_name": "\u0c30\u0c4b\u0c2e\u0c40\u0c2f\u0c41\u0c32\u0c15\u0c41", "testament_id": "new-testament", "testament_name": "\u0c15\u0c4a\u0c24\u0c4d\u0c24 \u0c28\u0c3f\u0c2c\u0c02\u0c27\u0c28 - N.T."},
{"language_id": "549066475", "book_id": "295235065", "book_name": "1\u00a0\u0c15\u0c4a\u0c30\u0c3f\u0c02\u0c25\u0c40\u0c2f\u0c41\u0c32\u0c15\u0c41", "testament_id": "new-testament", "testament_name": "\u0c15\u0c4a\u0c24\u0c4d\u0c24 \u0c28\u0c3f\u0c2c\u0c02\u0c27\u0c28 - N.T."},
{"language_id": "549066475", "book_id": "948330451", "book_name": "2\u00a0\u0c15\u0c4a\u0c30\u0c3f\u0c02\u0c25\u0c40\u0c2f\u0c41\u0c32\u0c15\u0c41", "testament_id": "new-testament", "testament_name": "\u0c15\u0c4a\u0c24\u0c4d\u0c24 \u0c28\u0c3f\u0c2c\u0c02\u0c27\u0c28 - N.T."},
{"language_id": "549066475", "book_id": "1647352364", "book_name": "\u0c17\u0c32\u0c24\u0c40\u0c2f\u0c41\u0c32\u0c15\u0c41", "testament_id": "new-testament", "testament_name": "\u0c15\u0c4a\u0c24\u0c4d\u0c24 \u0c28\u0c3f\u0c2c\u0c02\u0c27\u0c28 - N.T."},
{"language_id": "549066475", "book_id": "680286907", "book_name": "\u0c0e\u0c2b\u0c46\u0c38\u0c40\u0c2f\u0c41\u0c32\u0c15\u0c41", "testament_id": "new-testament", "testament_name": "\u0c15\u0c4a\u0c24\u0c4d\u0c24 \u0c28\u0c3f\u0c2c\u0c02\u0c27\u0c28 - N.T."},
{"language_id": "549066475", "book_id": "2264130176", "book_name": "\u0c2b\u0c3f\u0c32\u0c3f\u0c2a\u0c4d\u0c2a\u0c40\u0c2f\u0c41\u0c32\u0c15\u0c41", "testament_id": "new-testament", "testament_name": "\u0c15\u0c4a\u0c24\u0c4d\u0c24 \u0c28\u0c3f\u0c2c\u0c02\u0c27\u0c28 - N.T."},
{"language_id": "549066475", "book_id": "2930478491", "book_name": "\u0c15\u0c4a\u0c32\u0c4a\u0c38\u0c4d\u0c38\u0c2f\u0c41\u0c32\u0c15\u0c41", "testament_id": "new-testament", "testament_name": "\u0c15\u0c4a\u0c24\u0c4d\u0c24 \u0c28\u0c3f\u0c2c\u0c02\u0c27\u0c28 - N.T."},
{"language_id": "549066475", "book_id": "1177313908", "book_name": "1\u00a0\u0c25\u0c46\u0c38\u0c4d\u0c38\u0c32\u0c4a\u0c28\u0c40\u0c15\u0c2f\u0c41\u0c32\u0c15\u0c41", "testament_id": "new-testament", "testament_name": "\u0c15\u0c4a\u0c24\u0c4d\u0c24 \u0c28\u0c3f\u0c2c\u0c02\u0c27\u0c28 - N.T."},
{"language_id": "549066475", "book_id": "4039225238", "book_name": "2\u00a0\u0c25\u0c46\u0c38\u0c4d\u0c38\u0c32\u0c4a\u0c28\u0c40\u0c15\u0c2f\u0c41\u0c32\u0c15\u0c41", "testament_id": "new-testament", "testament_name": "\u0c15\u0c4a\u0c24\u0c4d\u0c24 \u0c28\u0c3f\u0c2c\u0c02\u0c27\u0c28 - N.T."},
{"language_id": "549066475", "book_id": "3693382126", "book_name": "1\u00a0\u0c24\u0c3f\u0c2e\u0c4b\u0c24\u0c3f\u0c15\u0c3f", "testament_id": "new-testament", "testament_name": "\u0c15\u0c4a\u0c24\u0c4d\u0c24 \u0c28\u0c3f\u0c2c\u0c02\u0c27\u0c28 - N.T."},
{"language_id": "549066475", "book_id": "1410491108", "book_name": "2\u00a0\u0c24\u0c3f\u0c2e\u0c4b\u0c24\u0c3f\u0c15\u0c3f", "testament_id": "new-testament", "testament_name": "\u0c15\u0c4a\u0c24\u0c4d\u0c24 \u0c28\u0c3f\u0c2c\u0c02\u0c27\u0c28 - N.T."},
{"language_id": "549066475", "book_id": "4239449603", "book_name": "\u0c24\u0c40\u0c24\u0c41\u0c15\u0c41", "testament_id": "new-testament", "testament_name": "\u0c15\u0c4a\u0c24\u0c4d\u0c24 \u0c28\u0c3f\u0c2c\u0c02\u0c27\u0c28 - N.T."},
{"language_id": "549066475", "book_id": "2013355370", "book_name": "\u0c2b\u0c3f\u0c32\u0c47\u0c2e\u0c4b\u0c28\u0c41\u0c15\u0c41", "testament_id": "new-testament", "testament_name": "\u0c15\u0c4a\u0c24\u0c4d\u0c24 \u0c28\u0c3f\u0c2c\u0c02\u0c27\u0c28 - N.T."},
{"language_id": "549066475", "book_id": "212154266", "book_name": "\u0c39\u0c46\u0c2c\u0c4d\u0c30\u0c40\u0c2f\u0c41\u0c32\u0c15\u0c41", "testament_id": "new-testament", "testament_name": "\u0c15\u0c4a\u0c24\u0c4d\u0c24 \u0c28\u0c3f\u0c2c\u0c02\u0c27\u0c28 - N.T."},
{"language_id": "549066475", "book_id": "443559083", "book_name": "\u0c2f\u0c3e\u0c15\u0c4b\u0c2c\u0c41", "testament_id": "new-testament", "testament_name": "\u0c15\u0c4a\u0c24\u0c4d\u0c24 \u0c28\u0c3f\u0c2c\u0c02\u0c27\u0c28 - N.T."},
{"language_id": "549066475", "book_id": "99933115", "book_name": "1\u00a0\u0c2a\u0c47\u0c24\u0c41\u0c30\u0c41", "testament_id": "new-testament", "testament_name": "\u0c15\u0c4a\u0c24\u0c4d\u0c24 \u0c28\u0c3f\u0c2c\u0c02\u0c27\u0c28 - N.T."},
{"language_id": "549066475", "book_id": "2634269481", "book_name": "2\u00a0\u0c2a\u0c47\u0c24\u0c41\u0c30\u0c41", "testament_id": "new-testament", "testament_name": "\u0c15\u0c4a\u0c24\u0c4d\u0c24 \u0c28\u0c3f\u0c2c\u0c02\u0c27\u0c28 - N.T."},
{"language_id": "549066475", "book_id": "1092901806", "book_name": "1\u00a0\u0c2f\u0c4b\u0c39\u0c3e\u0c28\u0c41", "testament_id": "new-testament", "testament_name": "\u0c15\u0c4a\u0c24\u0c4d\u0c24 \u0c28\u0c3f\u0c2c\u0c02\u0c27\u0c28 - N.T."},
{"language_id": "549066475", "book_id": "2256195788", "book_name": "2\u00a0\u0c2f\u0c4b\u0c39\u0c3e\u0c28\u0c41", "testament_id": "new-testament", "testament_name": "\u0c15\u0c4a\u0c24\u0c4d\u0c24 \u0c28\u0c3f\u0c2c\u0c02\u0c27\u0c28 - N.T."},
{"language_id": "549066475", "book_id": "2673144138", "book_name": "3\u00a0\u0c2f\u0c4b\u0c39\u0c3e\u0c28\u0c41", "testament_id": "new-testament", "testament_name": "\u0c15\u0c4a\u0c24\u0c4d\u0c24 \u0c28\u0c3f\u0c2c\u0c02\u0c27\u0c28 - N.T."},
{"language_id": "549066475", "book_id": "1764727627", "book_name": "\u0c2f\u0c42\u0c26\u0c3e", "testament_id": "new-testament", "testament_name": "\u0c15\u0c4a\u0c24\u0c4d\u0c24 \u0c28\u0c3f\u0c2c\u0c02\u0c27\u0c28 - N.T."},
{"language_id": "549066475", "book_id": "2130388726", "book_name": "\u0c2a\u0c4d\u0c30\u0c15\u0c1f\u0c28\u00a0\u0c17\u0c4d\u0c30\u0c02\u0c25\u0c2e\u0c41", "testament_id": "new-testament", "testament_name": "\u0c15\u0c4a\u0c24\u0c4d\u0c24 \u0c28\u0c3f\u0c2c\u0c02\u0c27\u0c28 - N.T."}
]