[
{"language_id": "258459902", "book_id": "3909000584", "book_name": "BILOWGII", "testament_id": "old-testament", "testament_name": " Axdigii Hore - O.T."},
{"language_id": "258459902", "book_id": "3507850116", "book_name": "BAXNIINTII", "testament_id": "old-testament", "testament_name": " Axdigii Hore - O.T."},
{"language_id": "258459902", "book_id": "1268919759", "book_name": "LAAWIYIINTII", "testament_id": "old-testament", "testament_name": " Axdigii Hore - O.T."},
{"language_id": "258459902", "book_id": "116089869", "book_name": "TIRINTII", "testament_id": "old-testament", "testament_name": " Axdigii Hore - O.T."},
{"language_id": "258459902", "book_id": "3029804965", "book_name": "SHARCIGA KUNOQO", "testament_id": "old-testament", "testament_name": " Axdigii Hore - O.T."},
{"language_id": "258459902", "book_id": "1638888326", "book_name": "YASHUUCA", "testament_id": "old-testament", "testament_name": " Axdigii Hore - O.T."},
{"language_id": "258459902", "book_id": "1192328552", "book_name": "XAAKINNADA", "testament_id": "old-testament", "testament_name": " Axdigii Hore - O.T."},
{"language_id": "258459902", "book_id": "23904019", "book_name": "RUUD", "testament_id": "old-testament", "testament_name": " Axdigii Hore - O.T."},
{"language_id": "258459902", "book_id": "1437805611", "book_name": "SAMUU'EEL KOWAA", "testament_id": "old-testament", "testament_name": " Axdigii Hore - O.T."},
{"language_id": "258459902", "book_id": "3430699639", "book_name": "SAMUU'EEL LABAA", "testament_id": "old-testament", "testament_name": " Axdigii Hore - O.T."},
{"language_id": "258459902", "book_id": "3523096337", "book_name": "BOQORRADII KOWA", "testament_id": "old-testament", "testament_name": " Axdigii Hore - O.T."},
{"language_id": "258459902", "book_id": "656017306", "book_name": "BOQORRADII LABA", "testament_id": "old-testament", "testament_name": " Axdigii Hore - O.T."},
{"language_id": "258459902", "book_id": "2328204941", "book_name": "TAARIIKHDII KOW", "testament_id": "old-testament", "testament_name": " Axdigii Hore - O.T."},
{"language_id": "258459902", "book_id": "1020269474", "book_name": "TAARIIKHDII LAB", "testament_id": "old-testament", "testament_name": " Axdigii Hore - O.T."},
{"language_id": "258459902", "book_id": "4059568722", "book_name": "CESRAA", "testament_id": "old-testament", "testament_name": " Axdigii Hore - O.T."},
{"language_id": "258459902", "book_id": "1688352084", "book_name": "NEXEMYAAH", "testament_id": "old-testament", "testament_name": " Axdigii Hore - O.T."},
{"language_id": "258459902", "book_id": "2128585899", "book_name": "ESTEER", "testament_id": "old-testament", "testament_name": " Axdigii Hore - O.T."},
{"language_id": "258459902", "book_id": "3941218778", "book_name": "AYUUB", "testament_id": "old-testament", "testament_name": " Axdigii Hore - O.T."},
{"language_id": "258459902", "book_id": "2054596404", "book_name": "SABUURRADII", "testament_id": "old-testament", "testament_name": " Axdigii Hore - O.T."},
{"language_id": "258459902", "book_id": "3212972515", "book_name": "MAAHMAAHYADII", "testament_id": "old-testament", "testament_name": " Axdigii Hore - O.T."},
{"language_id": "258459902", "book_id": "3723535434", "book_name": "WACDIYAHII", "testament_id": "old-testament", "testament_name": " Axdigii Hore - O.T."},
{"language_id": "258459902", "book_id": "3180579537", "book_name": "GABAYGII SULAYM", "testament_id": "old-testament", "testament_name": " Axdigii Hore - O.T."},
{"language_id": "258459902", "book_id": "4171188813", "book_name": "ISHACYAAH", "testament_id": "old-testament", "testament_name": " Axdigii Hore - O.T."},
{"language_id": "258459902", "book_id": "1648124152", "book_name": "YEREMYAAH", "testament_id": "old-testament", "testament_name": " Axdigii Hore - O.T."},
{"language_id": "258459902", "book_id": "1703764407", "book_name": "BAROORASHADII Y", "testament_id": "old-testament", "testament_name": " Axdigii Hore - O.T."},
{"language_id": "258459902", "book_id": "2287671522", "book_name": "YEXESQEEL", "testament_id": "old-testament", "testament_name": " Axdigii Hore - O.T."},
{"language_id": "258459902", "book_id": "3892547679", "book_name": "DAANYEEL", "testament_id": "old-testament", "testament_name": " Axdigii Hore - O.T."},
{"language_id": "258459902", "book_id": "151123826", "book_name": "HOOSHEECA", "testament_id": "old-testament", "testament_name": " Axdigii Hore - O.T."},
{"language_id": "258459902", "book_id": "297796624", "book_name": "YOO'EEL", "testament_id": "old-testament", "testament_name": " Axdigii Hore - O.T."},
{"language_id": "258459902", "book_id": "3992260787", "book_name": "CAAMOOS", "testament_id": "old-testament", "testament_name": " Axdigii Hore - O.T."},
{"language_id": "258459902", "book_id": "2329968253", "book_name": "COBADYAAH", "testament_id": "old-testament", "testament_name": " Axdigii Hore - O.T."},
{"language_id": "258459902", "book_id": "1343413121", "book_name": "YOONIS", "testament_id": "old-testament", "testament_name": " Axdigii Hore - O.T."},
{"language_id": "258459902", "book_id": "177042667", "book_name": "MIIKAAH", "testament_id": "old-testament", "testament_name": " Axdigii Hore - O.T."},
{"language_id": "258459902", "book_id": "1125175196", "book_name": "NAXUUM", "testament_id": "old-testament", "testament_name": " Axdigii Hore - O.T."},
{"language_id": "258459902", "book_id": "146097441", "book_name": "XABAQUUQ", "testament_id": "old-testament", "testament_name": " Axdigii Hore - O.T."},
{"language_id": "258459902", "book_id": "3442455786", "book_name": "SEFANYAAH", "testament_id": "old-testament", "testament_name": " Axdigii Hore - O.T."},
{"language_id": "258459902", "book_id": "3434706508", "book_name": "XAGGAY", "testament_id": "old-testament", "testament_name": " Axdigii Hore - O.T."},
{"language_id": "258459902", "book_id": "2776364825", "book_name": "SEKARYAAH", "testament_id": "old-testament", "testament_name": " Axdigii Hore - O.T."},
{"language_id": "258459902", "book_id": "3381102112", "book_name": "MALAAKII", "testament_id": "old-testament", "testament_name": " Axdigii Hore - O.T."},
{"language_id": "258459902", "book_id": "4271535813", "book_name": "MATAYOS", "testament_id": "new-testament", "testament_name": "Axdiga Cusub - "},
{"language_id": "258459902", "book_id": "480228353", "book_name": "MARKOS", "testament_id": "new-testament", "testament_name": "Axdiga Cusub - "},
{"language_id": "258459902", "book_id": "3077656540", "book_name": "LUUKOS", "testament_id": "new-testament", "testament_name": "Axdiga Cusub - "},
{"language_id": "258459902", "book_id": "1195883760", "book_name": "YOOXANAA", "testament_id": "new-testament", "testament_name": "Axdiga Cusub - "},
{"language_id": "258459902", "book_id": "1482433322", "book_name": "FALIMAHA RASUUL", "testament_id": "new-testament", "testament_name": "Axdiga Cusub - "},
{"language_id": "258459902", "book_id": "3227123486", "book_name": "ROOMA", "testament_id": "new-testament", "testament_name": "Axdiga Cusub - "},
{"language_id": "258459902", "book_id": "1690755951", "book_name": "1 KORINTOS ", "testament_id": "new-testament", "testament_name": "Axdiga Cusub - "},
{"language_id": "258459902", "book_id": "1055231997", "book_name": "2 KORINTOS", "testament_id": "new-testament", "testament_name": "Axdiga Cusub - "},
{"language_id": "258459902", "book_id": "3271224703", "book_name": "GALATIYA", "testament_id": "new-testament", "testament_name": "Axdiga Cusub - "},
{"language_id": "258459902", "book_id": "1710952793", "book_name": "EFESOS", "testament_id": "new-testament", "testament_name": "Axdiga Cusub - "},
{"language_id": "258459902", "book_id": "3748167706", "book_name": "FILIBOY", "testament_id": "new-testament", "testament_name": "Axdiga Cusub - "},
{"language_id": "258459902", "book_id": "3697983573", "book_name": "KOLOSAY", "testament_id": "new-testament", "testament_name": "Axdiga Cusub - "},
{"language_id": "258459902", "book_id": "1072983631", "book_name": "1 TESALONIIKA", "testament_id": "new-testament", "testament_name": "Axdiga Cusub - "},
{"language_id": "258459902", "book_id": "266789997", "book_name": "2 TESALONIIKA", "testament_id": "new-testament", "testament_name": "Axdiga Cusub - "},
{"language_id": "258459902", "book_id": "749201930", "book_name": "1 TIMOTEYOS", "testament_id": "new-testament", "testament_name": "Axdiga Cusub - "},
{"language_id": "258459902", "book_id": "3079246672", "book_name": "2 TIMOTEYOS", "testament_id": "new-testament", "testament_name": "Axdiga Cusub - "},
{"language_id": "258459902", "book_id": "3870448742", "book_name": "TIITOS", "testament_id": "new-testament", "testament_name": "Axdiga Cusub - "},
{"language_id": "258459902", "book_id": "238350869", "book_name": "FILEMON", "testament_id": "new-testament", "testament_name": "Axdiga Cusub - "},
{"language_id": "258459902", "book_id": "1958349564", "book_name": "CIBRAANIYADA", "testament_id": "new-testament", "testament_name": "Axdiga Cusub - "},
{"language_id": "258459902", "book_id": "956170089", "book_name": "YACQUUB", "testament_id": "new-testament", "testament_name": "Axdiga Cusub - "},
{"language_id": "258459902", "book_id": "2772531343", "book_name": "1 BUTROS", "testament_id": "new-testament", "testament_name": "Axdiga Cusub - "},
{"language_id": "258459902", "book_id": "283824541", "book_name": "2 BUTROS", "testament_id": "new-testament", "testament_name": "Axdiga Cusub - "},
{"language_id": "258459902", "book_id": "2586940306", "book_name": "1 YOOXANAA", "testament_id": "new-testament", "testament_name": "Axdiga Cusub - "},
{"language_id": "258459902", "book_id": "2617242704", "book_name": "2 YOOXANAA", "testament_id": "new-testament", "testament_name": "Axdiga Cusub - "},
{"language_id": "258459902", "book_id": "2060859446", "book_name": "3 YOOXANAA", "testament_id": "new-testament", "testament_name": "Axdiga Cusub - "},
{"language_id": "258459902", "book_id": "298100849", "book_name": " YUUDAS", "testament_id": "new-testament", "testament_name": "Axdiga Cusub - "},
{"language_id": "258459902", "book_id": "404978041", "book_name": "MUUJINTII", "testament_id": "new-testament", "testament_name": "Axdiga Cusub - "}
]