[
{"language_id": "1290763820", "book_id": "801553700", "book_name": "Utpaati ", "testament_id": "old-testament", "testament_name": "old taistamaint - O.T. "},
{"language_id": "1290763820", "book_id": "3260428482", "book_name": "Nirgaman ", "testament_id": "old-testament", "testament_name": "old taistamaint - O.T. "},
{"language_id": "1290763820", "book_id": "3049066206", "book_name": " Laaivyavyavastha", "testament_id": "old-testament", "testament_name": "old taistamaint - O.T. "},
{"language_id": "1290763820", "book_id": "265629261", "book_name": "Ginatee\t", "testament_id": "old-testament", "testament_name": "old taistamaint - O.T. "},
{"language_id": "1290763820", "book_id": "3956614059", "book_name": "Vyavasthaavivaran", "testament_id": "old-testament", "testament_name": "old taistamaint - O.T. "},
{"language_id": "1290763820", "book_id": "3392729223", "book_name": "Yahoshoo", "testament_id": "old-testament", "testament_name": "old taistamaint - O.T. "},
{"language_id": "1290763820", "book_id": "3433724248", "book_name": "Nyayiyon", "testament_id": "old-testament", "testament_name": "old taistamaint - O.T. "},
{"language_id": "1290763820", "book_id": "1637193043", "book_name": "Root", "testament_id": "old-testament", "testament_name": "old taistamaint - O.T. "},
{"language_id": "1290763820", "book_id": "2741642990", "book_name": "1 Shamooael", "testament_id": "old-testament", "testament_name": "old taistamaint - O.T. "},
{"language_id": "1290763820", "book_id": "1355801393", "book_name": "2 Shamooael", "testament_id": "old-testament", "testament_name": "old taistamaint - O.T. "},
{"language_id": "1290763820", "book_id": "1940301920", "book_name": "1 Raja", "testament_id": "old-testament", "testament_name": "old taistamaint - O.T. "},
{"language_id": "1290763820", "book_id": "2899439688", "book_name": "2 Raja", "testament_id": "old-testament", "testament_name": "old taistamaint - O.T. "},
{"language_id": "1290763820", "book_id": "1426130460", "book_name": "1 Itihas", "testament_id": "old-testament", "testament_name": "old taistamaint - O.T. "},
{"language_id": "1290763820", "book_id": "2032961120", "book_name": "2 Itihas", "testament_id": "old-testament", "testament_name": "old taistamaint - O.T. "},
{"language_id": "1290763820", "book_id": "3105484280", "book_name": "Aejra", "testament_id": "old-testament", "testament_name": "old taistamaint - O.T. "},
{"language_id": "1290763820", "book_id": "239463613", "book_name": "Nahemyah", "testament_id": "old-testament", "testament_name": "old taistamaint - O.T. "},
{"language_id": "1290763820", "book_id": "1834636079", "book_name": "Aester", "testament_id": "old-testament", "testament_name": "old taistamaint - O.T. "},
{"language_id": "1290763820", "book_id": "1474784703", "book_name": "Ayyoob", "testament_id": "old-testament", "testament_name": "old taistamaint - O.T. "},
{"language_id": "1290763820", "book_id": "863871390", "book_name": "Bhjan ", "testament_id": "old-testament", "testament_name": "old taistamaint - O.T. "},
{"language_id": "1290763820", "book_id": "1699571255", "book_name": "Neetivachan", "testament_id": "old-testament", "testament_name": "old taistamaint - O.T. "},
{"language_id": "1290763820", "book_id": "2686312068", "book_name": "Sabhopadeshak", "testament_id": "old-testament", "testament_name": "old taistamaint - O.T. "},
{"language_id": "1290763820", "book_id": "3362510103", "book_name": "Reshthageet", "testament_id": "old-testament", "testament_name": "old taistamaint - O.T. "},
{"language_id": "1290763820", "book_id": "3107899759", "book_name": "Ashaayaah", "testament_id": "old-testament", "testament_name": "old taistamaint - O.T. "},
{"language_id": "1290763820", "book_id": "1432427477", "book_name": "Yirmayah", "testament_id": "old-testament", "testament_name": "old taistamaint - O.T. "},
{"language_id": "1290763820", "book_id": "2638098886", "book_name": "Vilapageet", "testament_id": "old-testament", "testament_name": "old taistamaint - O.T. "},
{"language_id": "1290763820", "book_id": "2233312920", "book_name": "Yahejakel\t", "testament_id": "old-testament", "testament_name": "old taistamaint - O.T. "},
{"language_id": "1290763820", "book_id": "2257359782", "book_name": "Daaniyyel", "testament_id": "old-testament", "testament_name": "old taistamaint - O.T. "},
{"language_id": "1290763820", "book_id": "3578872432", "book_name": "Hosho", "testament_id": "old-testament", "testament_name": "old taistamaint - O.T. "},
{"language_id": "1290763820", "book_id": "1146403820", "book_name": "Yoael", "testament_id": "old-testament", "testament_name": "old taistamaint - O.T. "},
{"language_id": "1290763820", "book_id": "1028651546", "book_name": "Amos", "testament_id": "old-testament", "testament_name": "old taistamaint - O.T. "},
{"language_id": "1290763820", "book_id": "259858423", "book_name": "Obadhah\t", "testament_id": "old-testament", "testament_name": "old taistamaint - O.T. "},
{"language_id": "1290763820", "book_id": "4285479949", "book_name": "Yona", "testament_id": "old-testament", "testament_name": "old taistamaint - O.T. "},
{"language_id": "1290763820", "book_id": "3393707982", "book_name": "Meeka", "testament_id": "old-testament", "testament_name": "old taistamaint - O.T. "},
{"language_id": "1290763820", "book_id": "1790211580", "book_name": "Nahoom", "testament_id": "old-testament", "testament_name": "old taistamaint - O.T. "},
{"language_id": "1290763820", "book_id": "1741651790", "book_name": "Habakkook", "testament_id": "old-testament", "testament_name": "old taistamaint - O.T. "},
{"language_id": "1290763820", "book_id": "3494345885", "book_name": "Sapanyah", "testament_id": "old-testament", "testament_name": "old taistamaint - O.T. "},
{"language_id": "1290763820", "book_id": "909545161", "book_name": "Haggaai", "testament_id": "old-testament", "testament_name": "old taistamaint - O.T. "},
{"language_id": "1290763820", "book_id": "849304685", "book_name": "Jakaryah", "testament_id": "old-testament", "testament_name": "old taistamaint - O.T. "},
{"language_id": "1290763820", "book_id": "1701747469", "book_name": "Malakee", "testament_id": "old-testament", "testament_name": "old taistamaint - O.T. "},
{"language_id": "1290763820", "book_id": "3395330989", "book_name": "Mattee", "testament_id": "new-testament", "testament_name": "Naee taistamaint - N.T. "},
{"language_id": "1290763820", "book_id": "1493865715", "book_name": "Marakus\t", "testament_id": "new-testament", "testament_name": "Naee taistamaint - N.T. "},
{"language_id": "1290763820", "book_id": "3569952453", "book_name": "Looka", "testament_id": "new-testament", "testament_name": "Naee taistamaint - N.T. "},
{"language_id": "1290763820", "book_id": "3273380122", "book_name": "Yuhanna", "testament_id": "new-testament", "testament_name": "Naee taistamaint - N.T. "},
{"language_id": "1290763820", "book_id": "2320281840", "book_name": "Praeriton Ke Kam", "testament_id": "new-testament", "testament_name": "Naee taistamaint - N.T. "},
{"language_id": "1290763820", "book_id": "3003012789", "book_name": "Romiyon", "testament_id": "new-testament", "testament_name": "Naee taistamaint - N.T. "},
{"language_id": "1290763820", "book_id": "57808988", "book_name": "1 Kurinthiayon\t", "testament_id": "new-testament", "testament_name": "Naee taistamaint - N.T. "},
{"language_id": "1290763820", "book_id": "1144292211", "book_name": "2 Kurinthiayon", "testament_id": "new-testament", "testament_name": "Naee taistamaint - N.T. "},
{"language_id": "1290763820", "book_id": "3824861583", "book_name": "Galatiyon", "testament_id": "new-testament", "testament_name": "Naee taistamaint - N.T. "},
{"language_id": "1290763820", "book_id": "3856041421", "book_name": "Iafisiyon", "testament_id": "new-testament", "testament_name": "Naee taistamaint - N.T. "},
{"language_id": "1290763820", "book_id": "3683840251", "book_name": "Filippaiyon\t", "testament_id": "new-testament", "testament_name": "Naee taistamaint - N.T. "},
{"language_id": "1290763820", "book_id": "3933196570", "book_name": "Kulussaiyon", "testament_id": "new-testament", "testament_name": "Naee taistamaint - N.T. "},
{"language_id": "1290763820", "book_id": "3252960283", "book_name": "1 Thaissaluneekiyon ", "testament_id": "new-testament", "testament_name": "Naee taistamaint - N.T. "},
{"language_id": "1290763820", "book_id": "407118633", "book_name": "2 Thaissaluneekiyon ", "testament_id": "new-testament", "testament_name": "Naee taistamaint - N.T. "},
{"language_id": "1290763820", "book_id": "730934835", "book_name": "1 Teemuathaiyus", "testament_id": "new-testament", "testament_name": "Naee taistamaint - N.T. "},
{"language_id": "1290763820", "book_id": "2407597337", "book_name": "2 Teemuathaiyus", "testament_id": "new-testament", "testament_name": "Naee taistamaint - N.T. "},
{"language_id": "1290763820", "book_id": "2612238196", "book_name": "Teetus", "testament_id": "new-testament", "testament_name": "Naee taistamaint - N.T. "},
{"language_id": "1290763820", "book_id": "1088710037", "book_name": "Filemon", "testament_id": "new-testament", "testament_name": "Naee taistamaint - N.T. "},
{"language_id": "1290763820", "book_id": "711836386", "book_name": "Ibraaaniyon\t", "testament_id": "new-testament", "testament_name": "Naee taistamaint - N.T. "},
{"language_id": "1290763820", "book_id": "1146575596", "book_name": "Yakoob", "testament_id": "new-testament", "testament_name": "Naee taistamaint - N.T. "},
{"language_id": "1290763820", "book_id": "1243353602", "book_name": "1 Pataras", "testament_id": "new-testament", "testament_name": "Naee taistamaint - N.T. "},
{"language_id": "1290763820", "book_id": "2468835936", "book_name": "2 Pataras", "testament_id": "new-testament", "testament_name": "Naee taistamaint - N.T. "},
{"language_id": "1290763820", "book_id": "3115013017", "book_name": "1 Yoohanna", "testament_id": "new-testament", "testament_name": "Naee taistamaint - N.T. "},
{"language_id": "1290763820", "book_id": "3695415995", "book_name": "2 Yoohanna", "testament_id": "new-testament", "testament_name": "Naee taistamaint - N.T. "},
{"language_id": "1290763820", "book_id": "1958630973", "book_name": "3 Yoohanna", "testament_id": "new-testament", "testament_name": "Naee taistamaint - N.T. "},
{"language_id": "1290763820", "book_id": "939685579", "book_name": "Yahooda", "testament_id": "new-testament", "testament_name": "Naee taistamaint - N.T. "},
{"language_id": "1290763820", "book_id": "2788648954", "book_name": "Prakashaitavakya", "testament_id": "new-testament", "testament_name": "Naee taistamaint - N.T. "}
]