[
{"language_id": "2173075152", "book_id": "1903999515", "book_name": "G\u00eanesis", "testament_id": "old-testament", "testament_name": "Velho Testamento - O.T. "},
{"language_id": "2173075152", "book_id": "1255931306", "book_name": "Exodo", "testament_id": "old-testament", "testament_name": "Velho Testamento - O.T. "},
{"language_id": "2173075152", "book_id": "2393643341", "book_name": "Lev\u00edtico", "testament_id": "old-testament", "testament_name": "Velho Testamento - O.T. "},
{"language_id": "2173075152", "book_id": "4133415619", "book_name": "N\u00fameros", "testament_id": "old-testament", "testament_name": "Velho Testamento - O.T. "},
{"language_id": "2173075152", "book_id": "1849494810", "book_name": "Deuteron\u00f3mio", "testament_id": "old-testament", "testament_name": "Velho Testamento - O.T. "},
{"language_id": "2173075152", "book_id": "2707544057", "book_name": "Josu\u00e9", "testament_id": "old-testament", "testament_name": "Velho Testamento - O.T. "},
{"language_id": "2173075152", "book_id": "1283827232", "book_name": "Ju\u00edzes", "testament_id": "old-testament", "testament_name": "Velho Testamento - O.T. "},
{"language_id": "2173075152", "book_id": "1879817019", "book_name": "Rute", "testament_id": "old-testament", "testament_name": "Velho Testamento - O.T. "},
{"language_id": "2173075152", "book_id": "3008474826", "book_name": "I Samuel", "testament_id": "old-testament", "testament_name": "Velho Testamento - O.T. "},
{"language_id": "2173075152", "book_id": "2824017159", "book_name": "II Samuel", "testament_id": "old-testament", "testament_name": "Velho Testamento - O.T. "},
{"language_id": "2173075152", "book_id": "2085816505", "book_name": "I Reis", "testament_id": "old-testament", "testament_name": "Velho Testamento - O.T. "},
{"language_id": "2173075152", "book_id": "3504509707", "book_name": "II Reis", "testament_id": "old-testament", "testament_name": "Velho Testamento - O.T. "},
{"language_id": "2173075152", "book_id": "3554939678", "book_name": "I Cr\u00f3nicas", "testament_id": "old-testament", "testament_name": "Velho Testamento - O.T. "},
{"language_id": "2173075152", "book_id": "2380387560", "book_name": "II Cr\u00f3nicas", "testament_id": "old-testament", "testament_name": "Velho Testamento - O.T. "},
{"language_id": "2173075152", "book_id": "1466998491", "book_name": "Esdras", "testament_id": "old-testament", "testament_name": "Velho Testamento - O.T. "},
{"language_id": "2173075152", "book_id": "1221452438", "book_name": "Neemias", "testament_id": "old-testament", "testament_name": "Velho Testamento - O.T. "},
{"language_id": "2173075152", "book_id": "2061083322", "book_name": "Ester", "testament_id": "old-testament", "testament_name": "Velho Testamento - O.T. "},
{"language_id": "2173075152", "book_id": "758586725", "book_name": "J\u00f3", "testament_id": "old-testament", "testament_name": "Velho Testamento - O.T. "},
{"language_id": "2173075152", "book_id": "2838577310", "book_name": "Salmos", "testament_id": "old-testament", "testament_name": "Velho Testamento - O.T. "},
{"language_id": "2173075152", "book_id": "2274452580", "book_name": "Prov\u00e9rbios ", "testament_id": "old-testament", "testament_name": "Velho Testamento - O.T. "},
{"language_id": "2173075152", "book_id": "1673170211", "book_name": "Eclesiastes", "testament_id": "old-testament", "testament_name": "Velho Testamento - O.T. "},
{"language_id": "2173075152", "book_id": "2736132985", "book_name": "Cantares de Salom\u00e3o", "testament_id": "old-testament", "testament_name": "Velho Testamento - O.T. "},
{"language_id": "2173075152", "book_id": "3077754268", "book_name": "Isa\u00edas ", "testament_id": "old-testament", "testament_name": "Velho Testamento - O.T. "},
{"language_id": "2173075152", "book_id": "2505416589", "book_name": "Jeremias", "testament_id": "old-testament", "testament_name": "Velho Testamento - O.T. "},
{"language_id": "2173075152", "book_id": "3028760388", "book_name": "Lamenta\u00e7\u00f5es", "testament_id": "old-testament", "testament_name": "Velho Testamento - O.T. "},
{"language_id": "2173075152", "book_id": "2552988943", "book_name": "Ezequiel", "testament_id": "old-testament", "testament_name": "Velho Testamento - O.T. "},
{"language_id": "2173075152", "book_id": "1559741635", "book_name": "Daniel", "testament_id": "old-testament", "testament_name": "Velho Testamento - O.T. "},
{"language_id": "2173075152", "book_id": "2484334141", "book_name": "Oseias", "testament_id": "old-testament", "testament_name": "Velho Testamento - O.T. "},
{"language_id": "2173075152", "book_id": "291163726", "book_name": "Joel", "testament_id": "old-testament", "testament_name": "Velho Testamento - O.T. "},
{"language_id": "2173075152", "book_id": "1065328430", "book_name": "Am\u00f3s", "testament_id": "old-testament", "testament_name": "Velho Testamento - O.T. "},
{"language_id": "2173075152", "book_id": "324023480", "book_name": "Obadias", "testament_id": "old-testament", "testament_name": "Velho Testamento - O.T. "},
{"language_id": "2173075152", "book_id": "1638632805", "book_name": "Jonas", "testament_id": "old-testament", "testament_name": "Velho Testamento - O.T. "},
{"language_id": "2173075152", "book_id": "3439295771", "book_name": "Miqueias", "testament_id": "old-testament", "testament_name": "Velho Testamento - O.T. "},
{"language_id": "2173075152", "book_id": "3150504189", "book_name": "Naum", "testament_id": "old-testament", "testament_name": "Velho Testamento - O.T. "},
{"language_id": "2173075152", "book_id": "2876804970", "book_name": "Habacuque", "testament_id": "old-testament", "testament_name": "Velho Testamento - O.T. "},
{"language_id": "2173075152", "book_id": "160452788", "book_name": "Sofonias", "testament_id": "old-testament", "testament_name": "Velho Testamento - O.T. "},
{"language_id": "2173075152", "book_id": "2637852687", "book_name": "Ageu", "testament_id": "old-testament", "testament_name": "Velho Testamento - O.T. "},
{"language_id": "2173075152", "book_id": "1280505490", "book_name": "Zacarias", "testament_id": "old-testament", "testament_name": "Velho Testamento - O.T. "},
{"language_id": "2173075152", "book_id": "3509683961", "book_name": "Malaquias", "testament_id": "old-testament", "testament_name": "Velho Testamento - O.T. "},
{"language_id": "2173075152", "book_id": "205444326", "book_name": "Mateus", "testament_id": "new-testament", "testament_name": "Novo Testamento - N.T. "},
{"language_id": "2173075152", "book_id": "796092873", "book_name": "Marcos", "testament_id": "new-testament", "testament_name": "Novo Testamento - N.T. "},
{"language_id": "2173075152", "book_id": "506351499", "book_name": "Lucas", "testament_id": "new-testament", "testament_name": "Novo Testamento - N.T. "},
{"language_id": "2173075152", "book_id": "1577864723", "book_name": "Jo\u00e3o", "testament_id": "new-testament", "testament_name": "Novo Testamento - N.T. "},
{"language_id": "2173075152", "book_id": "1766215160", "book_name": "Atos", "testament_id": "new-testament", "testament_name": "Novo Testamento - N.T. "},
{"language_id": "2173075152", "book_id": "212095903", "book_name": "Romanos", "testament_id": "new-testament", "testament_name": "Novo Testamento - N.T. "},
{"language_id": "2173075152", "book_id": "3580057166", "book_name": "I Cor\u00edntios", "testament_id": "new-testament", "testament_name": "Novo Testamento - N.T. "},
{"language_id": "2173075152", "book_id": "620972718", "book_name": "II Cor\u00edntios", "testament_id": "new-testament", "testament_name": "Novo Testamento - N.T. "},
{"language_id": "2173075152", "book_id": "1158131312", "book_name": "G\u00e1latas", "testament_id": "new-testament", "testament_name": "Novo Testamento - N.T. "},
{"language_id": "2173075152", "book_id": "2317636680", "book_name": "Ef\u00e9sios", "testament_id": "new-testament", "testament_name": "Novo Testamento - N.T. "},
{"language_id": "2173075152", "book_id": "3948826080", "book_name": "Filipenses", "testament_id": "new-testament", "testament_name": "Novo Testamento - N.T. "},
{"language_id": "2173075152", "book_id": "377709972", "book_name": "Colossenses", "testament_id": "new-testament", "testament_name": "Novo Testamento - N.T. "},
{"language_id": "2173075152", "book_id": "5390870", "book_name": "I Tessalonicenses", "testament_id": "new-testament", "testament_name": "Novo Testamento - N.T. "},
{"language_id": "2173075152", "book_id": "3404976166", "book_name": "II Tessalonicenses", "testament_id": "new-testament", "testament_name": "Novo Testamento - N.T. "},
{"language_id": "2173075152", "book_id": "4124873452", "book_name": "I Tim\u00f3teo", "testament_id": "new-testament", "testament_name": "Novo Testamento - N.T. "},
{"language_id": "2173075152", "book_id": "2211474020", "book_name": "II Tim\u00f3teo", "testament_id": "new-testament", "testament_name": "Novo Testamento - N.T. "},
{"language_id": "2173075152", "book_id": "122632772", "book_name": "Tito", "testament_id": "new-testament", "testament_name": "Novo Testamento - N.T. "},
{"language_id": "2173075152", "book_id": "1088708978", "book_name": "Filemom", "testament_id": "new-testament", "testament_name": "Novo Testamento - N.T. "},
{"language_id": "2173075152", "book_id": "3719265898", "book_name": "Hebreus", "testament_id": "new-testament", "testament_name": "Novo Testamento - N.T. "},
{"language_id": "2173075152", "book_id": "3333743549", "book_name": "Tiago", "testament_id": "new-testament", "testament_name": "Novo Testamento - N.T. "},
{"language_id": "2173075152", "book_id": "450561746", "book_name": "I Pedro", "testament_id": "new-testament", "testament_name": "Novo Testamento - N.T. "},
{"language_id": "2173075152", "book_id": "3506431834", "book_name": "II Pedro", "testament_id": "new-testament", "testament_name": "Novo Testamento - N.T. "},
{"language_id": "2173075152", "book_id": "2212870393", "book_name": "I Jo\u00e3o", "testament_id": "new-testament", "testament_name": "Novo Testamento - N.T. "},
{"language_id": "2173075152", "book_id": "1169386337", "book_name": "II Jo\u00e3o", "testament_id": "new-testament", "testament_name": "Novo Testamento - N.T. "},
{"language_id": "2173075152", "book_id": "2773370799", "book_name": "III Jo\u00e3o", "testament_id": "new-testament", "testament_name": "Novo Testamento - N.T. "},
{"language_id": "2173075152", "book_id": "1605998831", "book_name": "Judas", "testament_id": "new-testament", "testament_name": "Novo Testamento - N.T. "},
{"language_id": "2173075152", "book_id": "1712980358", "book_name": "Apocalipse", "testament_id": "new-testament", "testament_name": "Novo Testamento - N.T. "}
]