[
{"language_id": "1713151157", "book_id": "4098596972", "book_name": "G\u00e9nesis", "testament_id": "old-testament", "testament_name": "El Antiguo Testamento - O.T."},
{"language_id": "1713151157", "book_id": "2755307118", "book_name": "\u00c9xodo ", "testament_id": "old-testament", "testament_name": "El Antiguo Testamento - O.T."},
{"language_id": "1713151157", "book_id": "2393643341", "book_name": "Lev\u00edtico", "testament_id": "old-testament", "testament_name": "El Antiguo Testamento - O.T."},
{"language_id": "1713151157", "book_id": "4133415619", "book_name": "N\u00fameros", "testament_id": "old-testament", "testament_name": "El Antiguo Testamento - O.T."},
{"language_id": "1713151157", "book_id": "3275699308", "book_name": "Deuterenomio", "testament_id": "old-testament", "testament_name": "El Antiguo Testamento - O.T."},
{"language_id": "1713151157", "book_id": "2707544057", "book_name": "Josu\u00e9", "testament_id": "old-testament", "testament_name": "El Antiguo Testamento - O.T."},
{"language_id": "1713151157", "book_id": "1884734565", "book_name": "Jueces", "testament_id": "old-testament", "testament_name": "El Antiguo Testamento - O.T."},
{"language_id": "1713151157", "book_id": "327665586", "book_name": "Rut", "testament_id": "old-testament", "testament_name": "El Antiguo Testamento - O.T."},
{"language_id": "1713151157", "book_id": "3394310130", "book_name": "1 Samuel", "testament_id": "old-testament", "testament_name": "El Antiguo Testamento - O.T."},
{"language_id": "1713151157", "book_id": "4013831973", "book_name": "2 Samuel", "testament_id": "old-testament", "testament_name": "El Antiguo Testamento - O.T."},
{"language_id": "1713151157", "book_id": "2769405968", "book_name": "1 Reyes", "testament_id": "old-testament", "testament_name": "El Antiguo Testamento - O.T."},
{"language_id": "1713151157", "book_id": "825445080", "book_name": "2 Reyes", "testament_id": "old-testament", "testament_name": "El Antiguo Testamento - O.T."},
{"language_id": "1713151157", "book_id": "2000831046", "book_name": "1 Cr\u00f3nicas", "testament_id": "old-testament", "testament_name": "El Antiguo Testamento - O.T."},
{"language_id": "1713151157", "book_id": "3143180458", "book_name": "2 Cr\u00f3nicas", "testament_id": "old-testament", "testament_name": "El Antiguo Testamento - O.T."},
{"language_id": "1713151157", "book_id": "1466998491", "book_name": "Esdras", "testament_id": "old-testament", "testament_name": "El Antiguo Testamento - O.T."},
{"language_id": "1713151157", "book_id": "1401544506", "book_name": "Nehem\u00edas", "testament_id": "old-testament", "testament_name": "El Antiguo Testamento - O.T."},
{"language_id": "1713151157", "book_id": "2061083322", "book_name": "Ester", "testament_id": "old-testament", "testament_name": "El Antiguo Testamento - O.T."},
{"language_id": "1713151157", "book_id": "2672754339", "book_name": "Job", "testament_id": "old-testament", "testament_name": "El Antiguo Testamento - O.T."},
{"language_id": "1713151157", "book_id": "2838577310", "book_name": "Salmos", "testament_id": "old-testament", "testament_name": "El Antiguo Testamento - O.T."},
{"language_id": "1713151157", "book_id": "1055100880", "book_name": "Proverbios", "testament_id": "old-testament", "testament_name": "El Antiguo Testamento - O.T."},
{"language_id": "1713151157", "book_id": "1709879799", "book_name": "Eclesiast\u00e9s", "testament_id": "old-testament", "testament_name": "El Antiguo Testamento - O.T."},
{"language_id": "1713151157", "book_id": "73505908", "book_name": "Cantares", "testament_id": "old-testament", "testament_name": "El Antiguo Testamento - O.T."},
{"language_id": "1713151157", "book_id": "2181363356", "book_name": "Isa\u00edas", "testament_id": "old-testament", "testament_name": "El Antiguo Testamento - O.T."},
{"language_id": "1713151157", "book_id": "4215579185", "book_name": "Jerem\u00edas", "testament_id": "old-testament", "testament_name": "El Antiguo Testamento - O.T."},
{"language_id": "1713151157", "book_id": "375234313", "book_name": "Lamentaciones", "testament_id": "old-testament", "testament_name": "El Antiguo Testamento - O.T."},
{"language_id": "1713151157", "book_id": "2552988943", "book_name": "Ezequiel", "testament_id": "old-testament", "testament_name": "El Antiguo Testamento - O.T."},
{"language_id": "1713151157", "book_id": "1559741635", "book_name": "Daniel", "testament_id": "old-testament", "testament_name": "El Antiguo Testamento - O.T."},
{"language_id": "1713151157", "book_id": "3303293328", "book_name": "Oseas", "testament_id": "old-testament", "testament_name": "El Antiguo Testamento - O.T."},
{"language_id": "1713151157", "book_id": "291163726", "book_name": "Joel", "testament_id": "old-testament", "testament_name": "El Antiguo Testamento - O.T."},
{"language_id": "1713151157", "book_id": "1065328430", "book_name": "Am\u00f3s", "testament_id": "old-testament", "testament_name": "El Antiguo Testamento - O.T."},
{"language_id": "1713151157", "book_id": "1133689999", "book_name": "Abd\u00edas", "testament_id": "old-testament", "testament_name": "El Antiguo Testamento - O.T."},
{"language_id": "1713151157", "book_id": "1673864933", "book_name": "Jon\u00e1s", "testament_id": "old-testament", "testament_name": "El Antiguo Testamento - O.T."},
{"language_id": "1713151157", "book_id": "3213871142", "book_name": "Miqueas", "testament_id": "old-testament", "testament_name": "El Antiguo Testamento - O.T."},
{"language_id": "1713151157", "book_id": "3780023485", "book_name": "Nahum", "testament_id": "old-testament", "testament_name": "El Antiguo Testamento - O.T."},
{"language_id": "1713151157", "book_id": "2549218984", "book_name": "Habacuc ", "testament_id": "old-testament", "testament_name": "El Antiguo Testamento - O.T."},
{"language_id": "1713151157", "book_id": "1898156296", "book_name": "Sofon\u00edas", "testament_id": "old-testament", "testament_name": "El Antiguo Testamento - O.T."},
{"language_id": "1713151157", "book_id": "2849507302", "book_name": "Haggeo", "testament_id": "old-testament", "testament_name": "El Antiguo Testamento - O.T."},
{"language_id": "1713151157", "book_id": "3089626222", "book_name": "Zacar\u00edas", "testament_id": "old-testament", "testament_name": "El Antiguo Testamento - O.T."},
{"language_id": "1713151157", "book_id": "1709779749", "book_name": "Malaqu\u00edas", "testament_id": "old-testament", "testament_name": "El Antiguo Testamento - O.T."},
{"language_id": "1713151157", "book_id": "1651452099", "book_name": "Mateo", "testament_id": "new-testament", "testament_name": "El Nuevo Testamento - N.T. "},
{"language_id": "1713151157", "book_id": "796092873", "book_name": "Marcos", "testament_id": "new-testament", "testament_name": "El Nuevo Testamento - N.T. "},
{"language_id": "1713151157", "book_id": "506351499", "book_name": "Lucas", "testament_id": "new-testament", "testament_name": "El Nuevo Testamento - N.T. "},
{"language_id": "1713151157", "book_id": "2042354726", "book_name": "Juan", "testament_id": "new-testament", "testament_name": "El Nuevo Testamento - N.T. "},
{"language_id": "1713151157", "book_id": "1270159039", "book_name": "Hechos", "testament_id": "new-testament", "testament_name": "El Nuevo Testamento - N.T. "},
{"language_id": "1713151157", "book_id": "212095903", "book_name": "Romanos", "testament_id": "new-testament", "testament_name": "El Nuevo Testamento - N.T. "},
{"language_id": "1713151157", "book_id": "547885642", "book_name": "1 Corintios", "testament_id": "new-testament", "testament_name": "El Nuevo Testamento - N.T. "},
{"language_id": "1713151157", "book_id": "162910928", "book_name": "2 Corintios", "testament_id": "new-testament", "testament_name": "El Nuevo Testamento - N.T. "},
{"language_id": "1713151157", "book_id": "1158131312", "book_name": "G\u00e1latas", "testament_id": "new-testament", "testament_name": "El Nuevo Testamento - N.T. "},
{"language_id": "1713151157", "book_id": "1010953244", "book_name": "Efesios", "testament_id": "new-testament", "testament_name": "El Nuevo Testamento - N.T. "},
{"language_id": "1713151157", "book_id": "3948826080", "book_name": "Filipenses", "testament_id": "new-testament", "testament_name": "El Nuevo Testamento - N.T. "},
{"language_id": "1713151157", "book_id": "3084725739", "book_name": "Colosenses", "testament_id": "new-testament", "testament_name": "El Nuevo Testamento - N.T. "},
{"language_id": "1713151157", "book_id": "323107801", "book_name": "I Tesalonicenses", "testament_id": "new-testament", "testament_name": "El Nuevo Testamento - N.T. "},
{"language_id": "1713151157", "book_id": "2778133385", "book_name": "II Tesalonicenses", "testament_id": "new-testament", "testament_name": "El Nuevo Testamento - N.T. "},
{"language_id": "1713151157", "book_id": "975609592", "book_name": "I Timoteo", "testament_id": "new-testament", "testament_name": "El Nuevo Testamento - N.T. "},
{"language_id": "1713151157", "book_id": "33094544", "book_name": "II Timoteo", "testament_id": "new-testament", "testament_name": "El Nuevo Testamento - N.T. "},
{"language_id": "1713151157", "book_id": "122632772", "book_name": "Tito", "testament_id": "new-testament", "testament_name": "El Nuevo Testamento - N.T. "},
{"language_id": "1713151157", "book_id": "1125891457", "book_name": "Filem\u00f3n", "testament_id": "new-testament", "testament_name": "El Nuevo Testamento - N.T. "},
{"language_id": "1713151157", "book_id": "3727039192", "book_name": "Hebreos", "testament_id": "new-testament", "testament_name": "El Nuevo Testamento - N.T. "},
{"language_id": "1713151157", "book_id": "674327761", "book_name": "Santiago", "testament_id": "new-testament", "testament_name": "El Nuevo Testamento - N.T. "},
{"language_id": "1713151157", "book_id": "260912346", "book_name": "1 Pedro", "testament_id": "new-testament", "testament_name": "El Nuevo Testamento - N.T. "},
{"language_id": "1713151157", "book_id": "3649812408", "book_name": "2 Pedro", "testament_id": "new-testament", "testament_name": "El Nuevo Testamento - N.T. "},
{"language_id": "1713151157", "book_id": "3747596548", "book_name": "1 Juan", "testament_id": "new-testament", "testament_name": "El Nuevo Testamento - N.T. "},
{"language_id": "1713151157", "book_id": "1948708294", "book_name": "2 Juan", "testament_id": "new-testament", "testament_name": "El Nuevo Testamento - N.T. "},
{"language_id": "1713151157", "book_id": "901540064", "book_name": "3 Juan", "testament_id": "new-testament", "testament_name": "El Nuevo Testamento - N.T. "},
{"language_id": "1713151157", "book_id": "1605998831", "book_name": "Judas", "testament_id": "new-testament", "testament_name": "El Nuevo Testamento - N.T. "},
{"language_id": "1713151157", "book_id": "312113469", "book_name": "Apocalipsis", "testament_id": "new-testament", "testament_name": "El Nuevo Testamento - N.T. "}
]