[
{"language_id": "3610973575", "book_id": "2486635078", "book_name": " \u0d09\u0d32\u0d4d\u0d2a\u0d24\u0d4d\u0d24\u0d3f", "testament_id": "old-testament", "testament_name": "\u0d2a\u0d34\u0d2f \u0d28\u0d3f\u0d2f\u0d2e\u0d02.   - O.T."},
{"language_id": "3610973575", "book_id": "369091389", "book_name": " \u0d2a\u0d41\u0d31\u0d2a\u0d4d\u0d2a\u0d3e\u0d1f\u0d41\u0d4d", "testament_id": "old-testament", "testament_name": "\u0d2a\u0d34\u0d2f \u0d28\u0d3f\u0d2f\u0d2e\u0d02.   - O.T."},
{"language_id": "3610973575", "book_id": "273852937", "book_name": " \u0d32\u0d47\u0d35\u0d4d\u0d2f\u0d2a\u0d41\u0d38\u0d4d\u0d24\u0d15\u0d02", "testament_id": "old-testament", "testament_name": "\u0d2a\u0d34\u0d2f \u0d28\u0d3f\u0d2f\u0d2e\u0d02.   - O.T."},
{"language_id": "3610973575", "book_id": "3570055008", "book_name": " \u0d38\u0d02\u0d16\u0d4d\u0d2f\u0d3e\u0d2a\u0d41\u0d38\u0d4d\u0d24\u0d15\u0d02", "testament_id": "old-testament", "testament_name": "\u0d2a\u0d34\u0d2f \u0d28\u0d3f\u0d2f\u0d2e\u0d02.   - O.T."},
{"language_id": "3610973575", "book_id": "799519780", "book_name": " \u0d06\u0d35\u0d7c\u0d24\u0d4d\u0d24\u0d28\u0d02", "testament_id": "old-testament", "testament_name": "\u0d2a\u0d34\u0d2f \u0d28\u0d3f\u0d2f\u0d2e\u0d02.   - O.T."},
{"language_id": "3610973575", "book_id": "3296186061", "book_name": " \u0d2f\u0d4b\u0d36\u0d41\u0d35", "testament_id": "old-testament", "testament_name": "\u0d2a\u0d34\u0d2f \u0d28\u0d3f\u0d2f\u0d2e\u0d02.   - O.T."},
{"language_id": "3610973575", "book_id": "3179485160", "book_name": " \u0d28\u0d4d\u0d2f\u0d3e\u0d2f\u0d3e\u0d27\u0d3f\u0d2a\u0d28\u0d4d\u0d2e\u0d3e\u0d7c", "testament_id": "old-testament", "testament_name": "\u0d2a\u0d34\u0d2f \u0d28\u0d3f\u0d2f\u0d2e\u0d02.   - O.T."},
{"language_id": "3610973575", "book_id": "3053327239", "book_name": " \u0d30\u0d42\u0d24\u0d4d\u0d24\u0d4d", "testament_id": "old-testament", "testament_name": "\u0d2a\u0d34\u0d2f \u0d28\u0d3f\u0d2f\u0d2e\u0d02.   - O.T."},
{"language_id": "3610973575", "book_id": "1392790557", "book_name": " \u0d36\u0d2e\u0d42\u0d35\u0d47\u0d7d-1", "testament_id": "old-testament", "testament_name": "\u0d2a\u0d34\u0d2f \u0d28\u0d3f\u0d2f\u0d2e\u0d02.   - O.T."},
{"language_id": "3610973575", "book_id": "80747402", "book_name": " \u0d36\u0d2e\u0d42\u0d35\u0d47\u0d7d -2", "testament_id": "old-testament", "testament_name": "\u0d2a\u0d34\u0d2f \u0d28\u0d3f\u0d2f\u0d2e\u0d02.   - O.T."},
{"language_id": "3610973575", "book_id": "434270616", "book_name": " \u0d30\u0d3e\u0d1c\u0d3e\u0d15\u0d4d\u0d15\u0d28\u0d4d\u0d2e\u0d3e\u0d7c 1", "testament_id": "old-testament", "testament_name": "\u0d2a\u0d34\u0d2f \u0d28\u0d3f\u0d2f\u0d2e\u0d02.   - O.T."},
{"language_id": "3610973575", "book_id": "3110873344", "book_name": " \u0d30\u0d3e\u0d1c\u0d3e\u0d15\u0d4d\u0d15\u0d28\u0d4d\u0d2e\u0d3e\u0d7c 2", "testament_id": "old-testament", "testament_name": "\u0d2a\u0d34\u0d2f \u0d28\u0d3f\u0d2f\u0d2e\u0d02.   - O.T."},
{"language_id": "3610973575", "book_id": "3111169217", "book_name": " \u0d26\u0d3f\u0d28\u0d35\u0d43\u0d24\u0d4d\u0d24\u0d3e\u0d28\u0d4d\u0d24\u0d02 1", "testament_id": "old-testament", "testament_name": "\u0d2a\u0d34\u0d2f \u0d28\u0d3f\u0d2f\u0d2e\u0d02.   - O.T."},
{"language_id": "3610973575", "book_id": "2874477861", "book_name": " \u0d26\u0d3f\u0d28\u0d35\u0d43\u0d24\u0d4d\u0d24\u0d3e\u0d28\u0d4d\u0d24\u0d02 2", "testament_id": "old-testament", "testament_name": "\u0d2a\u0d34\u0d2f \u0d28\u0d3f\u0d2f\u0d2e\u0d02.   - O.T."},
{"language_id": "3610973575", "book_id": "31479856", "book_name": " \u0d0e\u0d38\u0d4d\u0d30\u0d3e", "testament_id": "old-testament", "testament_name": "\u0d2a\u0d34\u0d2f \u0d28\u0d3f\u0d2f\u0d2e\u0d02.   - O.T."},
{"language_id": "3610973575", "book_id": "148253029", "book_name": " \u0d28\u0d46\u0d39\u0d46\u0d2e\u0d4d\u0d2f\u0d3e\u0d35\u0d41", "testament_id": "old-testament", "testament_name": "\u0d2a\u0d34\u0d2f \u0d28\u0d3f\u0d2f\u0d2e\u0d02.   - O.T."},
{"language_id": "3610973575", "book_id": "120412834", "book_name": " \u0d0e\u0d38\u0d4d\u0d25\u0d47\u0d7c", "testament_id": "old-testament", "testament_name": "\u0d2a\u0d34\u0d2f \u0d28\u0d3f\u0d2f\u0d2e\u0d02.   - O.T."},
{"language_id": "3610973575", "book_id": "2775497872", "book_name": " \u0d07\u0d2f\u0d4d\u0d2f\u0d4b\u0d2c\u0d4d", "testament_id": "old-testament", "testament_name": "\u0d2a\u0d34\u0d2f \u0d28\u0d3f\u0d2f\u0d2e\u0d02.   - O.T."},
{"language_id": "3610973575", "book_id": "1773966834", "book_name": " \u0d38\u0d19\u0d4d\u0d15\u0d40\u0d7c\u0d24\u0d4d\u0d24\u0d28\u0d19\u0d4d\u0d19\u0d7e", "testament_id": "old-testament", "testament_name": "\u0d2a\u0d34\u0d2f \u0d28\u0d3f\u0d2f\u0d2e\u0d02.   - O.T."},
{"language_id": "3610973575", "book_id": "584147377", "book_name": " \u0d38\u0d26\u0d43\u0d36\u0d4d\u0d2f\u0d35\u0d3e\u0d15\u0d4d\u0d2f\u0d19\u0d4d\u0d19\u0d7e", "testament_id": "old-testament", "testament_name": "\u0d2a\u0d34\u0d2f \u0d28\u0d3f\u0d2f\u0d2e\u0d02.   - O.T."},
{"language_id": "3610973575", "book_id": "502809380", "book_name": " \u0d38\u0d2d\u0d3e\u0d2a\u0d4d\u0d30\u0d38\u0d02\u0d17\u0d3f", "testament_id": "old-testament", "testament_name": "\u0d2a\u0d34\u0d2f \u0d28\u0d3f\u0d2f\u0d2e\u0d02.   - O.T."},
{"language_id": "3610973575", "book_id": "3672135930", "book_name": " \u0d09\u0d24\u0d4d\u0d24\u0d2e \u0d17\u0d40\u0d24\u0d02", "testament_id": "old-testament", "testament_name": "\u0d2a\u0d34\u0d2f \u0d28\u0d3f\u0d2f\u0d2e\u0d02.   - O.T."},
{"language_id": "3610973575", "book_id": "1666063300", "book_name": " \u0d2f\u0d46\u0d36\u0d2f\u0d4d\u0d2f\u0d3e", "testament_id": "old-testament", "testament_name": "\u0d2a\u0d34\u0d2f \u0d28\u0d3f\u0d2f\u0d2e\u0d02.   - O.T."},
{"language_id": "3610973575", "book_id": "74689766", "book_name": " \u0d2f\u0d3f\u0d30\u0d47\u0d2e\u0d4d\u0d2f\u0d3e\u0d35\u0d41", "testament_id": "old-testament", "testament_name": "\u0d2a\u0d34\u0d2f \u0d28\u0d3f\u0d2f\u0d2e\u0d02.   - O.T."},
{"language_id": "3610973575", "book_id": "3835679181", "book_name": " \u0d35\u0d3f\u0d32\u0d3e\u0d2a\u0d19\u0d4d\u0d19\u0d7e", "testament_id": "old-testament", "testament_name": "\u0d2a\u0d34\u0d2f \u0d28\u0d3f\u0d2f\u0d2e\u0d02.   - O.T."},
{"language_id": "3610973575", "book_id": "3925447917", "book_name": " \u0d2f\u0d47\u0d39\u0d47\u0d38\u0d4d\u0d15\u0d47\u0d7d", "testament_id": "old-testament", "testament_name": "\u0d2a\u0d34\u0d2f \u0d28\u0d3f\u0d2f\u0d2e\u0d02.   - O.T."},
{"language_id": "3610973575", "book_id": "2650298773", "book_name": " \u0d26\u0d3e\u0d28\u0d40\u0d2f\u0d47\u0d7d", "testament_id": "old-testament", "testament_name": "\u0d2a\u0d34\u0d2f \u0d28\u0d3f\u0d2f\u0d2e\u0d02.   - O.T."},
{"language_id": "3610973575", "book_id": "990197331", "book_name": " \u0d39\u0d4b\u0d36\u0d47\u0d2f", "testament_id": "old-testament", "testament_name": "\u0d2a\u0d34\u0d2f \u0d28\u0d3f\u0d2f\u0d2e\u0d02.   - O.T."},
{"language_id": "3610973575", "book_id": "408846717", "book_name": " \u0d2f\u0d4b\u0d35\u0d47\u0d7d", "testament_id": "old-testament", "testament_name": "\u0d2a\u0d34\u0d2f \u0d28\u0d3f\u0d2f\u0d2e\u0d02.   - O.T."},
{"language_id": "3610973575", "book_id": "2110947644", "book_name": " \u0d06\u0d2e\u0d4b\u0d38\u0d4d", "testament_id": "old-testament", "testament_name": "\u0d2a\u0d34\u0d2f \u0d28\u0d3f\u0d2f\u0d2e\u0d02.   - O.T."},
{"language_id": "3610973575", "book_id": "2000530754", "book_name": " \u0d13\u0d2c\u0d26\u0d4d\u0d2f\u0d3e\u0d35\u0d41", "testament_id": "old-testament", "testament_name": "\u0d2a\u0d34\u0d2f \u0d28\u0d3f\u0d2f\u0d2e\u0d02.   - O.T."},
{"language_id": "3610973575", "book_id": "2604442650", "book_name": " \u0d2f\u0d4b\u0d28\u0d3e", "testament_id": "old-testament", "testament_name": "\u0d2a\u0d34\u0d2f \u0d28\u0d3f\u0d2f\u0d2e\u0d02.   - O.T."},
{"language_id": "3610973575", "book_id": "3255667011", "book_name": " \u0d2e\u0d40\u0d16\u0d3e", "testament_id": "old-testament", "testament_name": "\u0d2a\u0d34\u0d2f \u0d28\u0d3f\u0d2f\u0d2e\u0d02.   - O.T."},
{"language_id": "3610973575", "book_id": "2400004667", "book_name": " \u0d28\u0d39\u0d42\u0d02", "testament_id": "old-testament", "testament_name": "\u0d2a\u0d34\u0d2f \u0d28\u0d3f\u0d2f\u0d2e\u0d02.   - O.T."},
{"language_id": "3610973575", "book_id": "3514115904", "book_name": " \u0d39\u0d2c\u0d15\u0d4d\u0d15\u0d42\u0d15\u0d4d\u200d", "testament_id": "old-testament", "testament_name": "\u0d2a\u0d34\u0d2f \u0d28\u0d3f\u0d2f\u0d2e\u0d02.   - O.T."},
{"language_id": "3610973575", "book_id": "561934285", "book_name": " \u0d38\u0d46\u0d2b\u0d28\u0d4d\u0d2f\u0d3e\u0d35\u0d41", "testament_id": "old-testament", "testament_name": "\u0d2a\u0d34\u0d2f \u0d28\u0d3f\u0d2f\u0d2e\u0d02.   - O.T."},
{"language_id": "3610973575", "book_id": "3699627067", "book_name": " \u0d39\u0d17\u0d4d\u0d17\u0d3e\u0d2f\u0d3f", "testament_id": "old-testament", "testament_name": "\u0d2a\u0d34\u0d2f \u0d28\u0d3f\u0d2f\u0d2e\u0d02.   - O.T."},
{"language_id": "3610973575", "book_id": "1243437605", "book_name": " \u0d38\u0d46\u0d16\u0d7c\u0d2f\u0d4d\u0d2f\u0d3e\u0d35\u0d41", "testament_id": "old-testament", "testament_name": "\u0d2a\u0d34\u0d2f \u0d28\u0d3f\u0d2f\u0d2e\u0d02.   - O.T."},
{"language_id": "3610973575", "book_id": "4039960184", "book_name": " \u0d2e\u0d32\u0d3e\u0d16\u0d3f", "testament_id": "old-testament", "testament_name": "\u0d2a\u0d34\u0d2f \u0d28\u0d3f\u0d2f\u0d2e\u0d02.   - O.T."},
{"language_id": "3610973575", "book_id": "3506278720", "book_name": " \u0d2e\u0d24\u0d4d\u0d24\u0d3e\u0d2f\u0d3f", "testament_id": "new-testament", "testament_name": "\u0d2a\u0d41\u0d24\u0d3f\u0d2f \u0d28\u0d3f\u0d2f\u0d2e\u0d02 -cN.T."},
{"language_id": "3610973575", "book_id": "849080716", "book_name": " \u0d2e\u0d7c\u0d15\u0d4d\u0d15\u0d4a\u0d38\u0d4d", "testament_id": "new-testament", "testament_name": "\u0d2a\u0d41\u0d24\u0d3f\u0d2f \u0d28\u0d3f\u0d2f\u0d2e\u0d02 -cN.T."},
{"language_id": "3610973575", "book_id": "1425065972", "book_name": " \u0d32\u0d42\u0d15\u0d4d\u0d15\u0d4b\u0d38\u0d4d", "testament_id": "new-testament", "testament_name": "\u0d2a\u0d41\u0d24\u0d3f\u0d2f \u0d28\u0d3f\u0d2f\u0d2e\u0d02 -cN.T."},
{"language_id": "3610973575", "book_id": "3139864719", "book_name": " \u0d2f\u0d4b\u0d39\u0d28\u0d4d\u0d28\u0d3e\u0d7b", "testament_id": "new-testament", "testament_name": "\u0d2a\u0d41\u0d24\u0d3f\u0d2f \u0d28\u0d3f\u0d2f\u0d2e\u0d02 -cN.T."},
{"language_id": "3610973575", "book_id": "1264932533", "book_name": " \u0d2a\u0d4d\u0d30\u0d35\u0d43\u0d24\u0d4d\u0d24\u0d3f\u0d15\u0d7e", "testament_id": "new-testament", "testament_name": "\u0d2a\u0d41\u0d24\u0d3f\u0d2f \u0d28\u0d3f\u0d2f\u0d2e\u0d02 -cN.T."},
{"language_id": "3610973575", "book_id": "3736545264", "book_name": " \u0d31\u0d4b\u0d2e\u0d7c", "testament_id": "new-testament", "testament_name": "\u0d2a\u0d41\u0d24\u0d3f\u0d2f \u0d28\u0d3f\u0d2f\u0d2e\u0d02 -cN.T."},
{"language_id": "3610973575", "book_id": "1624399841", "book_name": " \u0d15\u0d4a\u0d30\u0d3f\u0d28\u0d4d\u0d24\u0d4d\u0d2f\u0d7c 1", "testament_id": "new-testament", "testament_name": "\u0d2a\u0d41\u0d24\u0d3f\u0d2f \u0d28\u0d3f\u0d2f\u0d2e\u0d02 -cN.T."},
{"language_id": "3610973575", "book_id": "1478022395", "book_name": " \u0d15\u0d4a\u0d30\u0d3f\u0d28\u0d4d\u0d24\u0d4d\u0d2f\u0d7c 2", "testament_id": "new-testament", "testament_name": "\u0d2a\u0d41\u0d24\u0d3f\u0d2f \u0d28\u0d3f\u0d2f\u0d2e\u0d02 -cN.T."},
{"language_id": "3610973575", "book_id": "1850922468", "book_name": " \u0d17\u0d32\u0d3e\u0d24\u0d4d\u0d2f\u0d7c", "testament_id": "new-testament", "testament_name": "\u0d2a\u0d41\u0d24\u0d3f\u0d2f \u0d28\u0d3f\u0d2f\u0d2e\u0d02 -cN.T."},
{"language_id": "3610973575", "book_id": "836237237", "book_name": " \u0d0e\u0d2b\u0d46\u0d38\u0d4d\u0d2f\u0d7c", "testament_id": "new-testament", "testament_name": "\u0d2a\u0d41\u0d24\u0d3f\u0d2f \u0d28\u0d3f\u0d2f\u0d2e\u0d02 -cN.T."},
{"language_id": "3610973575", "book_id": "4054241596", "book_name": " \u0d2b\u0d3f\u0d32\u0d3f\u0d2a\u0d4d\u0d2a\u0d3f\u0d2f\u0d7c", "testament_id": "new-testament", "testament_name": "\u0d2a\u0d41\u0d24\u0d3f\u0d2f \u0d28\u0d3f\u0d2f\u0d2e\u0d02 -cN.T."},
{"language_id": "3610973575", "book_id": "1919056373", "book_name": " \u0d15\u0d4a\u0d32\u0d4a\u0d38\u0d4d\u0d38\u0d4d\u0d2f\u0d7c", "testament_id": "new-testament", "testament_name": "\u0d2a\u0d41\u0d24\u0d3f\u0d2f \u0d28\u0d3f\u0d2f\u0d2e\u0d02 -cN.T."},
{"language_id": "3610973575", "book_id": "4231327679", "book_name": " \u0d24\u0d46\u0d38\u0d4d\u0d38\u0d32\u0d4a\u0d28\u0d40\u0d15\u0d4d\u0d2f\u0d7c 1", "testament_id": "new-testament", "testament_name": "\u0d2a\u0d41\u0d24\u0d3f\u0d2f \u0d28\u0d3f\u0d2f\u0d2e\u0d02 -cN.T."},
{"language_id": "3610973575", "book_id": "2913928197", "book_name": " \u0d24\u0d46\u0d38\u0d4d\u0d38\u0d32\u0d4a\u0d28\u0d40\u0d15\u0d4d\u0d2f\u0d7c 2", "testament_id": "new-testament", "testament_name": "\u0d2a\u0d41\u0d24\u0d3f\u0d2f \u0d28\u0d3f\u0d2f\u0d2e\u0d02 -cN.T."},
{"language_id": "3610973575", "book_id": "715784625", "book_name": " \u0d24\u0d3f\u0d2e\u0d4a\u0d25\u0d46\u0d2f\u0d4a\u0d38\u0d4d 1", "testament_id": "new-testament", "testament_name": "\u0d2a\u0d41\u0d24\u0d3f\u0d2f \u0d28\u0d3f\u0d2f\u0d2e\u0d02 -cN.T."},
{"language_id": "3610973575", "book_id": "1653655515", "book_name": " \u0d24\u0d3f\u0d2e\u0d4a\u0d25\u0d46\u0d2f\u0d4a\u0d38\u0d4d 2", "testament_id": "new-testament", "testament_name": "\u0d2a\u0d41\u0d24\u0d3f\u0d2f \u0d28\u0d3f\u0d2f\u0d2e\u0d02 -cN.T."},
{"language_id": "3610973575", "book_id": "1584980396", "book_name": " \u0d24\u0d40\u0d24\u0d4d\u0d24\u0d4a\u0d38\u0d4d", "testament_id": "new-testament", "testament_name": "\u0d2a\u0d41\u0d24\u0d3f\u0d2f \u0d28\u0d3f\u0d2f\u0d2e\u0d02 -cN.T."},
{"language_id": "3610973575", "book_id": "2423790916", "book_name": " \u0d2b\u0d3f\u0d32\u0d47\u0d2e\u0d4b\u0d7b", "testament_id": "new-testament", "testament_name": "\u0d2a\u0d41\u0d24\u0d3f\u0d2f \u0d28\u0d3f\u0d2f\u0d2e\u0d02 -cN.T."},
{"language_id": "3610973575", "book_id": "3166017878", "book_name": " \u0d0e\u0d2c\u0d4d\u0d30\u0d3e\u0d2f\u0d7c", "testament_id": "new-testament", "testament_name": "\u0d2a\u0d41\u0d24\u0d3f\u0d2f \u0d28\u0d3f\u0d2f\u0d2e\u0d02 -cN.T."},
{"language_id": "3610973575", "book_id": "2183613703", "book_name": " \u0d2f\u0d3e\u0d15\u0d4d\u0d15\u0d4b\u0d2c\u0d4d", "testament_id": "new-testament", "testament_name": "\u0d2a\u0d41\u0d24\u0d3f\u0d2f \u0d28\u0d3f\u0d2f\u0d2e\u0d02 -cN.T."},
{"language_id": "3610973575", "book_id": "1863156282", "book_name": " \u0d2a\u0d24\u0d4d\u0d30\u0d4a\u0d38\u0d4d 1", "testament_id": "new-testament", "testament_name": "\u0d2a\u0d41\u0d24\u0d3f\u0d2f \u0d28\u0d3f\u0d2f\u0d2e\u0d02 -cN.T."},
{"language_id": "3610973575", "book_id": "445594272", "book_name": " \u0d2a\u0d24\u0d4d\u0d30\u0d4a\u0d38\u0d4d 2", "testament_id": "new-testament", "testament_name": "\u0d2a\u0d41\u0d24\u0d3f\u0d2f \u0d28\u0d3f\u0d2f\u0d2e\u0d02 -cN.T."},
{"language_id": "3610973575", "book_id": "1071179629", "book_name": " \u0d2f\u0d4b\u0d39\u0d28\u0d4d\u0d28\u0d3e\u0d7b 1", "testament_id": "new-testament", "testament_name": "\u0d2a\u0d41\u0d24\u0d3f\u0d2f \u0d28\u0d3f\u0d2f\u0d2e\u0d02 -cN.T."},
{"language_id": "3610973575", "book_id": "3247751087", "book_name": " \u0d2f\u0d4b\u0d39\u0d28\u0d4d\u0d28\u0d3e\u0d7b 2", "testament_id": "new-testament", "testament_name": "\u0d2a\u0d41\u0d24\u0d3f\u0d2f \u0d28\u0d3f\u0d2f\u0d2e\u0d02 -cN.T."},
{"language_id": "3610973575", "book_id": "2941079961", "book_name": " \u0d2f\u0d4b\u0d39\u0d28\u0d4d\u0d28\u0d3e\u0d7b 3", "testament_id": "new-testament", "testament_name": "\u0d2a\u0d41\u0d24\u0d3f\u0d2f \u0d28\u0d3f\u0d2f\u0d2e\u0d02 -cN.T."},
{"language_id": "3610973575", "book_id": "1792706331", "book_name": " \u0d2f\u0d42\u0d26\u0d3e", "testament_id": "new-testament", "testament_name": "\u0d2a\u0d41\u0d24\u0d3f\u0d2f \u0d28\u0d3f\u0d2f\u0d2e\u0d02 -cN.T."},
{"language_id": "3610973575", "book_id": "1446621847", "book_name": " \u0d35\u0d46\u0d33\u0d3f\u0d2a\u0d4d\u0d2a\u0d3e\u0d1f\u0d41", "testament_id": "new-testament", "testament_name": "\u0d2a\u0d41\u0d24\u0d3f\u0d2f \u0d28\u0d3f\u0d2f\u0d2e\u0d02 -cN.T."}
]