[
{"language_id": "838604438", "book_id": "1734386442", "book_name": " Gen\u00e8se", "testament_id": "old-testament", "testament_name": "Ancien Testament - O.T."},
{"language_id": "838604438", "book_id": "3578995808", "book_name": " Exode", "testament_id": "old-testament", "testament_name": "Ancien Testament - O.T."},
{"language_id": "838604438", "book_id": "199511724", "book_name": " L\u00e9vitique", "testament_id": "old-testament", "testament_name": "Ancien Testament - O.T."},
{"language_id": "838604438", "book_id": "3024013571", "book_name": " Nombres", "testament_id": "old-testament", "testament_name": "Ancien Testament - O.T."},
{"language_id": "838604438", "book_id": "2447349677", "book_name": " Deut\u00e9ronome", "testament_id": "old-testament", "testament_name": "Ancien Testament - O.T."},
{"language_id": "838604438", "book_id": "2590748993", "book_name": " Josu\u00e9", "testament_id": "old-testament", "testament_name": "Ancien Testament - O.T."},
{"language_id": "838604438", "book_id": "2474134352", "book_name": " Juges", "testament_id": "old-testament", "testament_name": "Ancien Testament - O.T."},
{"language_id": "838604438", "book_id": "3707058962", "book_name": " Ruth", "testament_id": "old-testament", "testament_name": "Ancien Testament - O.T."},
{"language_id": "838604438", "book_id": "1691714578", "book_name": " 1 Samuel", "testament_id": "old-testament", "testament_name": "Ancien Testament - O.T."},
{"language_id": "838604438", "book_id": "3239307333", "book_name": " 2 Samuel", "testament_id": "old-testament", "testament_name": "Ancien Testament - O.T."},
{"language_id": "838604438", "book_id": "860917915", "book_name": " 1 Rois", "testament_id": "old-testament", "testament_name": "Ancien Testament - O.T."},
{"language_id": "838604438", "book_id": "3922277611", "book_name": " 2 Rois", "testament_id": "old-testament", "testament_name": "Ancien Testament - O.T."},
{"language_id": "838604438", "book_id": "293571765", "book_name": " 1 Chroniques", "testament_id": "old-testament", "testament_name": "Ancien Testament - O.T."},
{"language_id": "838604438", "book_id": "1566141361", "book_name": " 2 Chroniques", "testament_id": "old-testament", "testament_name": "Ancien Testament - O.T."},
{"language_id": "838604438", "book_id": "1842855891", "book_name": " Esdras", "testament_id": "old-testament", "testament_name": "Ancien Testament - O.T."},
{"language_id": "838604438", "book_id": "2002476237", "book_name": " N\u00e9h\u00e9mie", "testament_id": "old-testament", "testament_name": "Ancien Testament - O.T."},
{"language_id": "838604438", "book_id": "2306828226", "book_name": " Esther", "testament_id": "old-testament", "testament_name": "Ancien Testament - O.T."},
{"language_id": "838604438", "book_id": "2158254147", "book_name": " Job", "testament_id": "old-testament", "testament_name": "Ancien Testament - O.T."},
{"language_id": "838604438", "book_id": "2868333665", "book_name": " Psaumes", "testament_id": "old-testament", "testament_name": "Ancien Testament - O.T."},
{"language_id": "838604438", "book_id": "1216357167", "book_name": " Proverbes", "testament_id": "old-testament", "testament_name": "Ancien Testament - O.T."},
{"language_id": "838604438", "book_id": "3943818679", "book_name": " Eccl\u00e9siaste", "testament_id": "old-testament", "testament_name": "Ancien Testament - O.T."},
{"language_id": "838604438", "book_id": "3797728493", "book_name": " Cantique", "testament_id": "old-testament", "testament_name": "Ancien Testament - O.T."},
{"language_id": "838604438", "book_id": "2383166857", "book_name": " Esa\u00efe", "testament_id": "old-testament", "testament_name": "Ancien Testament - O.T."},
{"language_id": "838604438", "book_id": "3717539830", "book_name": " J\u00e9r\u00e9mie", "testament_id": "old-testament", "testament_name": "Ancien Testament - O.T."},
{"language_id": "838604438", "book_id": "4085532715", "book_name": " Lamentations", "testament_id": "old-testament", "testament_name": "Ancien Testament - O.T."},
{"language_id": "838604438", "book_id": "1509060880", "book_name": " Ez\u00e9chiel", "testament_id": "old-testament", "testament_name": "Ancien Testament - O.T."},
{"language_id": "838604438", "book_id": "1712446403", "book_name": " Daniel", "testament_id": "old-testament", "testament_name": "Ancien Testament - O.T."},
{"language_id": "838604438", "book_id": "4029444663", "book_name": " Os\u00e9e", "testament_id": "old-testament", "testament_name": "Ancien Testament - O.T."},
{"language_id": "838604438", "book_id": "2283402080", "book_name": " Jo\u00ebl", "testament_id": "old-testament", "testament_name": "Ancien Testament - O.T."},
{"language_id": "838604438", "book_id": "2096283850", "book_name": " Amos", "testament_id": "old-testament", "testament_name": "Ancien Testament - O.T."},
{"language_id": "838604438", "book_id": "2473726443", "book_name": " Abdias", "testament_id": "old-testament", "testament_name": "Ancien Testament - O.T."},
{"language_id": "838604438", "book_id": "389982341", "book_name": " Jonas", "testament_id": "old-testament", "testament_name": "Ancien Testament - O.T."},
{"language_id": "838604438", "book_id": "3846057962", "book_name": " Mich\u00e9e", "testament_id": "old-testament", "testament_name": "Ancien Testament - O.T."},
{"language_id": "838604438", "book_id": "4274549381", "book_name": " Nahum ", "testament_id": "old-testament", "testament_name": "Ancien Testament - O.T."},
{"language_id": "838604438", "book_id": "1892723264", "book_name": " Habacuc", "testament_id": "old-testament", "testament_name": "Ancien Testament - O.T."},
{"language_id": "838604438", "book_id": "457689177", "book_name": " Sophonie", "testament_id": "old-testament", "testament_name": "Ancien Testament - O.T."},
{"language_id": "838604438", "book_id": "903286808", "book_name": " Agg\u00e9e", "testament_id": "old-testament", "testament_name": "Ancien Testament - O.T."},
{"language_id": "838604438", "book_id": "838835585", "book_name": " Zacharie", "testament_id": "old-testament", "testament_name": "Ancien Testament - O.T."},
{"language_id": "838604438", "book_id": "534050608", "book_name": " Malachi", "testament_id": "old-testament", "testament_name": "Ancien Testament - O.T."},
{"language_id": "838604438", "book_id": "41354080", "book_name": " Matthieu", "testament_id": "new-testament", "testament_name": "Nouveau Testament O.T. "},
{"language_id": "838604438", "book_id": "4286390997", "book_name": " Marc", "testament_id": "new-testament", "testament_name": "Nouveau Testament O.T. "},
{"language_id": "838604438", "book_id": "971646129", "book_name": " Luc", "testament_id": "new-testament", "testament_name": "Nouveau Testament O.T. "},
{"language_id": "838604438", "book_id": "712063814", "book_name": " Jean", "testament_id": "new-testament", "testament_name": "Nouveau Testament O.T. "},
{"language_id": "838604438", "book_id": "3865548133", "book_name": " Actes", "testament_id": "new-testament", "testament_name": "Nouveau Testament O.T. "},
{"language_id": "838604438", "book_id": "536900801", "book_name": " Romains", "testament_id": "new-testament", "testament_name": "Nouveau Testament O.T. "},
{"language_id": "838604438", "book_id": "777285534", "book_name": " 1 Corinthiens", "testament_id": "new-testament", "testament_name": "Nouveau Testament O.T. "},
{"language_id": "838604438", "book_id": "1056205884", "book_name": " 2 Corinthiens", "testament_id": "new-testament", "testament_name": "Nouveau Testament O.T. "},
{"language_id": "838604438", "book_id": "3414329860", "book_name": " Galates", "testament_id": "new-testament", "testament_name": "Nouveau Testament O.T. "},
{"language_id": "838604438", "book_id": "2889137082", "book_name": " Eph\u00e9siens", "testament_id": "new-testament", "testament_name": "Nouveau Testament O.T. "},
{"language_id": "838604438", "book_id": "96110845", "book_name": " Philippiens", "testament_id": "new-testament", "testament_name": "Nouveau Testament O.T. "},
{"language_id": "838604438", "book_id": "3458854791", "book_name": " Colossiens", "testament_id": "new-testament", "testament_name": "Nouveau Testament O.T. "},
{"language_id": "838604438", "book_id": "2730832837", "book_name": " 1 Thessaloniciens", "testament_id": "new-testament", "testament_name": "Nouveau Testament O.T. "},
{"language_id": "838604438", "book_id": "1294008319", "book_name": " 2 Thessaloniciens", "testament_id": "new-testament", "testament_name": "Nouveau Testament O.T. "},
{"language_id": "838604438", "book_id": "492658910", "book_name": " 1 Timoth\u00e9e", "testament_id": "new-testament", "testament_name": "Nouveau Testament O.T. "},
{"language_id": "838604438", "book_id": "334221116", "book_name": " 2 Timoth\u00e9e", "testament_id": "new-testament", "testament_name": "Nouveau Testament O.T. "},
{"language_id": "838604438", "book_id": "3152934086", "book_name": " Tite", "testament_id": "new-testament", "testament_name": "Nouveau Testament O.T. "},
{"language_id": "838604438", "book_id": "2005108855", "book_name": " Phil\u00e9mon", "testament_id": "new-testament", "testament_name": "Nouveau Testament O.T. "},
{"language_id": "838604438", "book_id": "3851773945", "book_name": " H\u00e9breux", "testament_id": "new-testament", "testament_name": "Nouveau Testament O.T. "},
{"language_id": "838604438", "book_id": "1490400091", "book_name": " Jacques", "testament_id": "new-testament", "testament_name": "Nouveau Testament O.T. "},
{"language_id": "838604438", "book_id": "704601139", "book_name": " 1 Pierre", "testament_id": "new-testament", "testament_name": "Nouveau Testament O.T. "},
{"language_id": "838604438", "book_id": "3133569881", "book_name": " 2 Pierre", "testament_id": "new-testament", "testament_name": "Nouveau Testament O.T. "},
{"language_id": "838604438", "book_id": "358559100", "book_name": " 1 Jean", "testament_id": "new-testament", "testament_name": "Nouveau Testament O.T. "},
{"language_id": "838604438", "book_id": "1634260022", "book_name": " 2 Jean", "testament_id": "new-testament", "testament_name": "Nouveau Testament O.T. "},
{"language_id": "838604438", "book_id": "1394116536", "book_name": " 3 Jean", "testament_id": "new-testament", "testament_name": "Nouveau Testament O.T. "},
{"language_id": "838604438", "book_id": "3669708444", "book_name": " Jude", "testament_id": "new-testament", "testament_name": "Nouveau Testament O.T. "},
{"language_id": "838604438", "book_id": "718096174", "book_name": " Apocalypse", "testament_id": "new-testament", "testament_name": "Nouveau Testament O.T. "}
]