[
{"language_id": "3492533267", "book_id": "398678736", "book_name": " Facerea - Geneza ", "testament_id": "old-testament", "testament_name": "Vechiul Testament - O.T."},
{"language_id": "3492533267", "book_id": "2062078532", "book_name": " Ie\u015firea - Exod ", "testament_id": "old-testament", "testament_name": "Vechiul Testament - O.T."},
{"language_id": "3492533267", "book_id": "347749866", "book_name": " Levitic ", "testament_id": "old-testament", "testament_name": "Vechiul Testament - O.T."},
{"language_id": "3492533267", "book_id": "4051996497", "book_name": " Numeri ", "testament_id": "old-testament", "testament_name": "Vechiul Testament - O.T."},
{"language_id": "3492533267", "book_id": "2031966272", "book_name": " Deuteronom", "testament_id": "old-testament", "testament_name": "Vechiul Testament - O.T."},
{"language_id": "3492533267", "book_id": "1758140262", "book_name": " Iosua ", "testament_id": "old-testament", "testament_name": "Vechiul Testament - O.T."},
{"language_id": "3492533267", "book_id": "1343076072", "book_name": " Judec\u0103tori ", "testament_id": "old-testament", "testament_name": "Vechiul Testament - O.T."},
{"language_id": "3492533267", "book_id": "3707032250", "book_name": " Rut ", "testament_id": "old-testament", "testament_name": "Vechiul Testament - O.T."},
{"language_id": "3492533267", "book_id": "318438402", "book_name": "1 Samuel ", "testament_id": "old-testament", "testament_name": "Vechiul Testament - O.T."},
{"language_id": "3492533267", "book_id": "4007235357", "book_name": " 2 Samuel ", "testament_id": "old-testament", "testament_name": "Vechiul Testament - O.T."},
{"language_id": "3492533267", "book_id": "2937967549", "book_name": " 1 Regi ", "testament_id": "old-testament", "testament_name": "Vechiul Testament - O.T."},
{"language_id": "3492533267", "book_id": "1190791117", "book_name": " 2 Regi ", "testament_id": "old-testament", "testament_name": "Vechiul Testament - O.T."},
{"language_id": "3492533267", "book_id": "3465399549", "book_name": " 1 Cronici ", "testament_id": "old-testament", "testament_name": "Vechiul Testament - O.T."},
{"language_id": "3492533267", "book_id": "537710465", "book_name": " 2 Cronici", "testament_id": "old-testament", "testament_name": "Vechiul Testament - O.T."},
{"language_id": "3492533267", "book_id": "2576734877", "book_name": "Ezra ", "testament_id": "old-testament", "testament_name": "Vechiul Testament - O.T."},
{"language_id": "3492533267", "book_id": "1334105009", "book_name": "Neemia", "testament_id": "old-testament", "testament_name": "Vechiul Testament - O.T."},
{"language_id": "3492533267", "book_id": "3638749167", "book_name": "Estera", "testament_id": "old-testament", "testament_name": "Vechiul Testament - O.T."},
{"language_id": "3492533267", "book_id": "3419664504", "book_name": "Iov", "testament_id": "old-testament", "testament_name": "Vechiul Testament - O.T."},
{"language_id": "3492533267", "book_id": "1810141231", "book_name": "Psalmi ", "testament_id": "old-testament", "testament_name": "Vechiul Testament - O.T."},
{"language_id": "3492533267", "book_id": "2343628888", "book_name": "Proverbe ", "testament_id": "old-testament", "testament_name": "Vechiul Testament - O.T."},
{"language_id": "3492533267", "book_id": "3315518608", "book_name": "Ecleziast ", "testament_id": "old-testament", "testament_name": "Vechiul Testament - O.T."},
{"language_id": "3492533267", "book_id": "1467314539", "book_name": "C\u00e2ntarea C\u00e2nt\u0103rilor", "testament_id": "old-testament", "testament_name": "Vechiul Testament - O.T."},
{"language_id": "3492533267", "book_id": "3842655743", "book_name": "Isaia ", "testament_id": "old-testament", "testament_name": "Vechiul Testament - O.T."},
{"language_id": "3492533267", "book_id": "2845977621", "book_name": "Ieremia ", "testament_id": "old-testament", "testament_name": "Vechiul Testament - O.T."},
{"language_id": "3492533267", "book_id": "3500795944", "book_name": "Pl\u00e2ngerile lui Ieremia ", "testament_id": "old-testament", "testament_name": "Vechiul Testament - O.T."},
{"language_id": "3492533267", "book_id": "769912548", "book_name": " Ezechiel", "testament_id": "old-testament", "testament_name": "Vechiul Testament - O.T."},
{"language_id": "3492533267", "book_id": "1712446403", "book_name": " Daniel", "testament_id": "old-testament", "testament_name": "Vechiul Testament - O.T."},
{"language_id": "3492533267", "book_id": "905446375", "book_name": " Osea ", "testament_id": "old-testament", "testament_name": "Vechiul Testament - O.T."},
{"language_id": "3492533267", "book_id": "2958694225", "book_name": " Ioel ", "testament_id": "old-testament", "testament_name": "Vechiul Testament - O.T."},
{"language_id": "3492533267", "book_id": "2096283850", "book_name": " Amos", "testament_id": "old-testament", "testament_name": "Vechiul Testament - O.T."},
{"language_id": "3492533267", "book_id": "3632106647", "book_name": " Obadia", "testament_id": "old-testament", "testament_name": "Vechiul Testament - O.T."},
{"language_id": "3492533267", "book_id": "2799238581", "book_name": " Iona ", "testament_id": "old-testament", "testament_name": "Vechiul Testament - O.T."},
{"language_id": "3492533267", "book_id": "2655459491", "book_name": " Mica ", "testament_id": "old-testament", "testament_name": "Vechiul Testament - O.T."},
{"language_id": "3492533267", "book_id": "3700670277", "book_name": " Naum ", "testament_id": "old-testament", "testament_name": "Vechiul Testament - O.T."},
{"language_id": "3492533267", "book_id": "3574242528", "book_name": " Habacuc ", "testament_id": "old-testament", "testament_name": "Vechiul Testament - O.T."},
{"language_id": "3492533267", "book_id": "3195506010", "book_name": " \u0162efania ", "testament_id": "old-testament", "testament_name": "Vechiul Testament - O.T."},
{"language_id": "3492533267", "book_id": "2742852151", "book_name": " Hagai ", "testament_id": "old-testament", "testament_name": "Vechiul Testament - O.T."},
{"language_id": "3492533267", "book_id": "245986338", "book_name": " Zaharia ", "testament_id": "old-testament", "testament_name": "Vechiul Testament - O.T."},
{"language_id": "3492533267", "book_id": "3919360262", "book_name": " Maleahi", "testament_id": "old-testament", "testament_name": "Vechiul Testament - O.T."},
{"language_id": "3492533267", "book_id": "535542613", "book_name": " Matei ", "testament_id": "new-testament", "testament_name": "Noul Testament - N.T."},
{"language_id": "3492533267", "book_id": "1407153508", "book_name": " Marcu ", "testament_id": "new-testament", "testament_name": "Noul Testament - N.T."},
{"language_id": "3492533267", "book_id": "1167113228", "book_name": " Luca ", "testament_id": "new-testament", "testament_name": "Noul Testament - N.T."},
{"language_id": "3492533267", "book_id": "2646879867", "book_name": " Ioan ", "testament_id": "new-testament", "testament_name": "Noul Testament - N.T."},
{"language_id": "3492533267", "book_id": "4086647876", "book_name": " Faptele Apostolilor", "testament_id": "new-testament", "testament_name": "Noul Testament - N.T."},
{"language_id": "3492533267", "book_id": "808435574", "book_name": " Romani ", "testament_id": "new-testament", "testament_name": "Noul Testament - N.T."},
{"language_id": "3492533267", "book_id": "4144359209", "book_name": " 1 Corinteni ", "testament_id": "new-testament", "testament_name": "Noul Testament - N.T."},
{"language_id": "3492533267", "book_id": "1589034011", "book_name": " 2 Corinteni ", "testament_id": "new-testament", "testament_name": "Noul Testament - N.T."},
{"language_id": "3492533267", "book_id": "4131668600", "book_name": " Galateni ", "testament_id": "new-testament", "testament_name": "Noul Testament - N.T."},
{"language_id": "3492533267", "book_id": "949678247", "book_name": " Efeseni ", "testament_id": "new-testament", "testament_name": "Noul Testament - N.T."},
{"language_id": "3492533267", "book_id": "1593878476", "book_name": " Filipeni ", "testament_id": "new-testament", "testament_name": "Noul Testament - N.T."},
{"language_id": "3492533267", "book_id": "1650385175", "book_name": " Coloseni ", "testament_id": "new-testament", "testament_name": "Noul Testament - N.T."},
{"language_id": "3492533267", "book_id": "1652716133", "book_name": " 1 Tesaloniceni ", "testament_id": "new-testament", "testament_name": "Noul Testament - N.T."},
{"language_id": "3492533267", "book_id": "1452057391", "book_name": " 2 Tesaloniceni ", "testament_id": "new-testament", "testament_name": "Noul Testament - N.T."},
{"language_id": "3492533267", "book_id": "855080038", "book_name": " 1 Timotei ", "testament_id": "new-testament", "testament_name": "Noul Testament - N.T."},
{"language_id": "3492533267", "book_id": "302578692", "book_name": " 2 Timotei ", "testament_id": "new-testament", "testament_name": "Noul Testament - N.T."},
{"language_id": "3492533267", "book_id": "3152806207", "book_name": " Tit ", "testament_id": "new-testament", "testament_name": "Noul Testament - N.T."},
{"language_id": "3492533267", "book_id": "3643746073", "book_name": " Filimon", "testament_id": "new-testament", "testament_name": "Noul Testament - N.T."},
{"language_id": "3492533267", "book_id": "606705405", "book_name": " Evrei ", "testament_id": "new-testament", "testament_name": "Noul Testament - N.T."},
{"language_id": "3492533267", "book_id": "1060950695", "book_name": " Iacob", "testament_id": "new-testament", "testament_name": "Noul Testament - N.T."},
{"language_id": "3492533267", "book_id": "2129000480", "book_name": " 1 Petru ", "testament_id": "new-testament", "testament_name": "Noul Testament - N.T."},
{"language_id": "3492533267", "book_id": "3366586314", "book_name": " 2 Petru ", "testament_id": "new-testament", "testament_name": "Noul Testament - N.T."},
{"language_id": "3492533267", "book_id": "3021839985", "book_name": " 1 Ioan ", "testament_id": "new-testament", "testament_name": "Noul Testament - N.T."},
{"language_id": "3492533267", "book_id": "3247555819", "book_name": " 2 Ioan ", "testament_id": "new-testament", "testament_name": "Noul Testament - N.T."},
{"language_id": "3492533267", "book_id": "2545862357", "book_name": " 3 Ioan ", "testament_id": "new-testament", "testament_name": "Noul Testament - N.T."},
{"language_id": "3492533267", "book_id": "2906785959", "book_name": " Iuda", "testament_id": "new-testament", "testament_name": "Noul Testament - N.T."},
{"language_id": "3492533267", "book_id": "4147539202", "book_name": " Apocalipsa", "testament_id": "new-testament", "testament_name": "Noul Testament - N.T."}
]