[
{"language_id": "3999443662", "book_id": "4140358484", "book_name": " \u12a6\u122a\u1275 \u12d8\u134d\u1325\u1228\u1275", "testament_id": "old-testament", "testament_name": "\u1265\u1209\u12ed \u12aa\u12f3\u1295 - O.T."},
{"language_id": "3999443662", "book_id": "2933350611", "book_name": " \u12a6\u122a\u1275 \u12d8\u1338\u12a0\u1275 ", "testament_id": "old-testament", "testament_name": "\u1265\u1209\u12ed \u12aa\u12f3\u1295 - O.T."},
{"language_id": "3999443662", "book_id": "1849696699", "book_name": " \u12a6\u122a\u1275 \u12d8\u120c\u12cb\u12cd\u12eb\u1295 ", "testament_id": "old-testament", "testament_name": "\u1265\u1209\u12ed \u12aa\u12f3\u1295 - O.T."},
{"language_id": "3999443662", "book_id": "2413143709", "book_name": " \u12a6\u122a\u1275 \u12d8\u128d\u120d\u124d", "testament_id": "old-testament", "testament_name": "\u1265\u1209\u12ed \u12aa\u12f3\u1295 - O.T."},
{"language_id": "3999443662", "book_id": "548303734", "book_name": " \u12a6\u122a\u1275 \u12d8\u12f3\u130d\u121d", "testament_id": "old-testament", "testament_name": "\u1265\u1209\u12ed \u12aa\u12f3\u1295 - O.T."},
{"language_id": "3999443662", "book_id": "2903489167", "book_name": " \u1218\u133d\u1210\u1348 \u12a2\u12eb\u1231 \u12c8\u120d\u12f0 \u1290\u12cc", "testament_id": "old-testament", "testament_name": "\u1265\u1209\u12ed \u12aa\u12f3\u1295 - O.T."},
{"language_id": "3999443662", "book_id": "1657423209", "book_name": " \u1218\u133d\u1210\u1348 \u1218\u1223\u134d\u1295\u1275", "testament_id": "old-testament", "testament_name": "\u1265\u1209\u12ed \u12aa\u12f3\u1295 - O.T."},
{"language_id": "3999443662", "book_id": "226359920", "book_name": " \u1218\u133d\u1210\u1348 \u1229\u1275", "testament_id": "old-testament", "testament_name": "\u1265\u1209\u12ed \u12aa\u12f3\u1295 - O.T."},
{"language_id": "3999443662", "book_id": "42401012", "book_name": " \u1218\u133d\u1210\u1348 \u1233\u1219\u12a4\u120d \u1240\u12f3\u121b\u12ca", "testament_id": "old-testament", "testament_name": "\u1265\u1209\u12ed \u12aa\u12f3\u1295 - O.T."},
{"language_id": "3999443662", "book_id": "4192935624", "book_name": " \u1218\u133d\u1210\u1348 \u1233\u1219\u12a4\u120d \u12ab\u120d", "testament_id": "old-testament", "testament_name": "\u1265\u1209\u12ed \u12aa\u12f3\u1295 - O.T."},
{"language_id": "3999443662", "book_id": "1210364964", "book_name": " \u1218\u133d\u1210\u1348 \u1290\u1308\u1225\u1275 \u1240\u12f3\u121b\u12ca\u1362", "testament_id": "old-testament", "testament_name": "\u1265\u1209\u12ed \u12aa\u12f3\u1295 - O.T."},
{"language_id": "3999443662", "book_id": "3198483550", "book_name": " \u1218\u133d\u1210\u1348 \u1290\u1308\u1225\u1275 \u12ab\u120d\u12d5\u1362", "testament_id": "old-testament", "testament_name": "\u1265\u1209\u12ed \u12aa\u12f3\u1295 - O.T."},
{"language_id": "3999443662", "book_id": "3412319578", "book_name": " \u1218\u133d\u1210\u1348 \u12dc\u1293 \u1218\u12cb\u12d5\u120d \u1240\u12f3\u121b\u12ca\u1362", "testament_id": "old-testament", "testament_name": "\u1265\u1209\u12ed \u12aa\u12f3\u1295 - O.T."},
{"language_id": "3999443662", "book_id": "3183715196", "book_name": " \u1218\u133d\u1210\u1348 \u12dc\u1293 \u1218\u12cb\u12d5\u120d \u12ab\u120d\u12d5\u1362", "testament_id": "old-testament", "testament_name": "\u1265\u1209\u12ed \u12aa\u12f3\u1295 - O.T."},
{"language_id": "3999443662", "book_id": "3237969405", "book_name": " \u1218\u133d\u1210\u1348 \u12d5\u12dd\u122b\u1362 ", "testament_id": "old-testament", "testament_name": "\u1265\u1209\u12ed \u12aa\u12f3\u1295 - O.T."},
{"language_id": "3999443662", "book_id": "1821822922", "book_name": " \u1218\u133d\u1210\u1348 \u1290\u1205\u121d\u12eb\u1362 ", "testament_id": "old-testament", "testament_name": "\u1265\u1209\u12ed \u12aa\u12f3\u1295 - O.T."},
{"language_id": "3999443662", "book_id": "190328444", "book_name": " \u1218\u133d\u1210\u1348 \u12a0\u1235\u1274\u122d\u1362 ", "testament_id": "old-testament", "testament_name": "\u1265\u1209\u12ed \u12aa\u12f3\u1295 - O.T."},
{"language_id": "3999443662", "book_id": "37042150", "book_name": " \u1218\u133d\u1210\u1348 \u12a2\u12ee\u1265\u1362 ", "testament_id": "old-testament", "testament_name": "\u1265\u1209\u12ed \u12aa\u12f3\u1295 - O.T."},
{"language_id": "3999443662", "book_id": "2292723749", "book_name": " \u1218\u12dd\u1219\u1228 \u12f3\u12ca\u1275", "testament_id": "old-testament", "testament_name": "\u1265\u1209\u12ed \u12aa\u12f3\u1295 - O.T."},
{"language_id": "3999443662", "book_id": "1242143908", "book_name": " \u1218\u133d\u1210\u1348 \u121d\u1233\u120c", "testament_id": "old-testament", "testament_name": "\u1265\u1209\u12ed \u12aa\u12f3\u1295 - O.T."},
{"language_id": "3999443662", "book_id": "3483592682", "book_name": " \u1218\u133d\u1210\u1348 \u1218\u12ad\u1265\u1265", "testament_id": "old-testament", "testament_name": "\u1265\u1209\u12ed \u12aa\u12f3\u1295 - O.T."},
{"language_id": "3999443662", "book_id": "3682770357", "book_name": " \u1218\u1283\u120d\u12e8 \u1218\u1283\u120d\u12ed \u12d8\u1230\u120e\u121e\u1295", "testament_id": "old-testament", "testament_name": "\u1265\u1209\u12ed \u12aa\u12f3\u1295 - O.T."},
{"language_id": "3999443662", "book_id": "2909134640", "book_name": " \u1275\u1295\u1262\u1270 \u12a2\u1233\u12ed\u12eb\u1235", "testament_id": "old-testament", "testament_name": "\u1265\u1209\u12ed \u12aa\u12f3\u1295 - O.T."},
{"language_id": "3999443662", "book_id": "2721047427", "book_name": " \u1275\u1295\u1262\u1270 \u12a4\u122d\u121d\u12eb\u1235", "testament_id": "old-testament", "testament_name": "\u1265\u1209\u12ed \u12aa\u12f3\u1295 - O.T."},
{"language_id": "3999443662", "book_id": "1012085500", "book_name": " \u1230\u1246\u1243\u12cd \u12a4\u122d\u121d\u12eb\u1235", "testament_id": "old-testament", "testament_name": "\u1265\u1209\u12ed \u12aa\u12f3\u1295 - O.T."},
{"language_id": "3999443662", "book_id": "2662365231", "book_name": " \u1275\u1295\u1262\u1270 \u1215\u12dd\u1245\u12a4\u120d", "testament_id": "old-testament", "testament_name": "\u1265\u1209\u12ed \u12aa\u12f3\u1295 - O.T."},
{"language_id": "3999443662", "book_id": "1530977165", "book_name": " \u1275\u1295\u1262\u1270 \u12f3\u1295\u12a4\u120d", "testament_id": "old-testament", "testament_name": "\u1265\u1209\u12ed \u12aa\u12f3\u1295 - O.T."},
{"language_id": "3999443662", "book_id": "2938854454", "book_name": " \u1275\u1295\u1262\u1270 \u1206\u1234\u12d5", "testament_id": "old-testament", "testament_name": "\u1265\u1209\u12ed \u12aa\u12f3\u1295 - O.T."},
{"language_id": "3999443662", "book_id": "994601137", "book_name": " \u1275\u1295\u1262\u1270 \u12a2\u12ee\u12a4\u120d", "testament_id": "old-testament", "testament_name": "\u1265\u1209\u12ed \u12aa\u12f3\u1295 - O.T."},
{"language_id": "3999443662", "book_id": "3536330063", "book_name": " \u1275\u1295\u1262\u1270 \u12a0\u121e\u133d", "testament_id": "old-testament", "testament_name": "\u1265\u1209\u12ed \u12aa\u12f3\u1295 - O.T."},
{"language_id": "3999443662", "book_id": "1097479576", "book_name": " \u1275\u1295\u1262\u1270 \u12a0\u1265\u12f5\u12e9 ", "testament_id": "old-testament", "testament_name": "\u1265\u1209\u12ed \u12aa\u12f3\u1295 - O.T."},
{"language_id": "3999443662", "book_id": "3048271146", "book_name": " \u1275\u1295\u1262\u1270 \u12ee\u1293\u1235", "testament_id": "old-testament", "testament_name": "\u1265\u1209\u12ed \u12aa\u12f3\u1295 - O.T."},
{"language_id": "3999443662", "book_id": "3535570082", "book_name": " \u1275\u1295\u1262\u1270 \u121a\u12ad\u12eb\u1235", "testament_id": "old-testament", "testament_name": "\u1265\u1209\u12ed \u12aa\u12f3\u1295 - O.T."},
{"language_id": "3999443662", "book_id": "182626828", "book_name": " \u1275\u1295\u1262\u1270 \u1293\u1206\u121d", "testament_id": "old-testament", "testament_name": "\u1265\u1209\u12ed \u12aa\u12f3\u1295 - O.T."},
{"language_id": "3999443662", "book_id": "944390849", "book_name": " \u1275\u1295\u1262\u1270 \u12d5\u1295\u1263\u1246\u121d", "testament_id": "old-testament", "testament_name": "\u1265\u1209\u12ed \u12aa\u12f3\u1295 - O.T."},
{"language_id": "3999443662", "book_id": "3059532585", "book_name": " \u1275\u1295\u1262\u1270 \u1236\u134e\u1295\u12eb\u1235 ", "testament_id": "old-testament", "testament_name": "\u1265\u1209\u12ed \u12aa\u12f3\u1295 - O.T."},
{"language_id": "3999443662", "book_id": "2508975655", "book_name": " \u1275\u1295\u1262\u1270 \u1210\u130c", "testament_id": "old-testament", "testament_name": "\u1265\u1209\u12ed \u12aa\u12f3\u1295 - O.T."},
{"language_id": "3999443662", "book_id": "3907949456", "book_name": " \u1275\u1295\u1262\u1270 \u12d8\u12ab\u122d\u12eb\u1235", "testament_id": "old-testament", "testament_name": "\u1265\u1209\u12ed \u12aa\u12f3\u1295 - O.T."},
{"language_id": "3999443662", "book_id": "3082400024", "book_name": " \u1275\u1295\u1262\u1270 \u121a\u120d\u12ad\u12eb", "testament_id": "old-testament", "testament_name": "\u1265\u1209\u12ed \u12aa\u12f3\u1295 - O.T."},
{"language_id": "3999443662", "book_id": "2457798322", "book_name": " \ufeff\u12e8\u121b\u1274\u12ce\u1235 \u12c8\u1295\u130c\u120d ", "testament_id": "new-testament", "testament_name": "\u12a0\u12f2\u1235 \u12aa\u12f3\u1295  - N.T."},
{"language_id": "3999443662", "book_id": "2869447009", "book_name": " \u12e8\u121b\u122d\u1246\u1235 \u12c8\u1295\u130c\u120d ", "testament_id": "new-testament", "testament_name": "\u12a0\u12f2\u1235 \u12aa\u12f3\u1295  - N.T."},
{"language_id": "3999443662", "book_id": "331256492", "book_name": " \u12e8\u1209\u1243\u1235 \u12c8\u1295\u130c\u120d ", "testament_id": "new-testament", "testament_name": "\u12a0\u12f2\u1235 \u12aa\u12f3\u1295  - N.T."},
{"language_id": "3999443662", "book_id": "1508378828", "book_name": " \u12e8\u12ee\u1210\u1295\u1235 \u12c8\u1295\u130c\u120d ", "testament_id": "new-testament", "testament_name": "\u12a0\u12f2\u1235 \u12aa\u12f3\u1295  - N.T."},
{"language_id": "3999443662", "book_id": "3841331859", "book_name": " \u12e8\u1210\u12cb\u122d\u12eb\u1275 \u1225\u122b ", "testament_id": "new-testament", "testament_name": "\u12a0\u12f2\u1235 \u12aa\u12f3\u1295  - N.T."},
{"language_id": "3999443662", "book_id": "690581885", "book_name": " \u12c8\u12f0 \u122e\u121c \u1230\u12ce\u127d ", "testament_id": "new-testament", "testament_name": "\u12a0\u12f2\u1235 \u12aa\u12f3\u1295  - N.T."},
{"language_id": "3999443662", "book_id": "3949265908", "book_name": " 1\u129b \u12c8\u12f0 \u1246\u122e\u1295\u1276\u1235 \u1230\u12ce\u127d ", "testament_id": "new-testament", "testament_name": "\u12a0\u12f2\u1235 \u12aa\u12f3\u1295  - N.T."},
{"language_id": "3999443662", "book_id": "519017446", "book_name": " 2\u129b \u12c8\u12f0 \u1246\u122e\u1295\u1276\u1235 \u1230\u12ce\u127d ", "testament_id": "new-testament", "testament_name": "\u12a0\u12f2\u1235 \u12aa\u12f3\u1295  - N.T."},
{"language_id": "3999443662", "book_id": "2484889343", "book_name": " \u12c8\u12f0 \u1308\u120b\u1275\u12eb \u1230\u12ce\u127d ", "testament_id": "new-testament", "testament_name": "\u12a0\u12f2\u1235 \u12aa\u12f3\u1295  - N.T."},
{"language_id": "3999443662", "book_id": "3428061300", "book_name": " \u12c8\u12f0 \u12a4\u134c\u1236\u1295 \u1230\u12ce\u127d ", "testament_id": "new-testament", "testament_name": "\u12a0\u12f2\u1235 \u12aa\u12f3\u1295  - N.T."},
{"language_id": "3999443662", "book_id": "3980421348", "book_name": " \u12c8\u12f0 \u134a\u120d\u1335\u1235\u12e9\u1235 \u1230\u12ce\u127d ", "testament_id": "new-testament", "testament_name": "\u12a0\u12f2\u1235 \u12aa\u12f3\u1295  - N.T."},
{"language_id": "3999443662", "book_id": "2859318806", "book_name": " \u12c8\u12f0 \u1246\u120b\u1235\u12ed\u1235 \u1230\u12ce\u127d ", "testament_id": "new-testament", "testament_name": "\u12a0\u12f2\u1235 \u12aa\u12f3\u1295  - N.T."},
{"language_id": "3999443662", "book_id": "2791717280", "book_name": " 1\u129b \u12c8\u12f0 \u1270\u1230\u120e\u1295\u1244 \u1230\u12ce\u127d ", "testament_id": "new-testament", "testament_name": "\u12a0\u12f2\u1235 \u12aa\u12f3\u1295  - N.T."},
{"language_id": "3999443662", "book_id": "983698138", "book_name": " 2\u129b \u12c8\u12f0 \u1270\u1230\u120e\u1295\u1244 \u1230\u12ce\u127d ", "testament_id": "new-testament", "testament_name": "\u12a0\u12f2\u1235 \u12aa\u12f3\u1295  - N.T."},
{"language_id": "3999443662", "book_id": "3464368069", "book_name": " 1\u129b \u12c8\u12f0 \u1322\u121e\u1274\u12ce\u1235 ", "testament_id": "new-testament", "testament_name": "\u12a0\u12f2\u1235 \u12aa\u12f3\u1295  - N.T."},
{"language_id": "3999443662", "book_id": "3165623047", "book_name": " 2\u129b \u12c8\u12f0 \u1322\u121e\u1274\u12ce\u1235 ", "testament_id": "new-testament", "testament_name": "\u12a0\u12f2\u1235 \u12aa\u12f3\u1295  - N.T."},
{"language_id": "3999443662", "book_id": "2674404702", "book_name": " \u12c8\u12f0 \u1272\u1276 ", "testament_id": "new-testament", "testament_name": "\u12a0\u12f2\u1235 \u12aa\u12f3\u1295  - N.T."},
{"language_id": "3999443662", "book_id": "1938418773", "book_name": " \u12c8\u12f0 \u134a\u120d\u121e\u1293 ", "testament_id": "new-testament", "testament_name": "\u12a0\u12f2\u1235 \u12aa\u12f3\u1295  - N.T."},
{"language_id": "3999443662", "book_id": "648814956", "book_name": " \u12c8\u12f0 \u12d5\u1265\u122b\u12cd\u12eb\u1295 ", "testament_id": "new-testament", "testament_name": "\u12a0\u12f2\u1235 \u12aa\u12f3\u1295  - N.T."},
{"language_id": "3999443662", "book_id": "1393842384", "book_name": " \u12e8\u12eb\u12d5\u1246\u1265 \u1218\u120d\u12a5\u12ad\u1275 ", "testament_id": "new-testament", "testament_name": "\u12a0\u12f2\u1235 \u12aa\u12f3\u1295  - N.T."},
{"language_id": "3999443662", "book_id": "2683037259", "book_name": " 1\u129b \u12e8\u1334\u1325\u122e\u1235 \u1218\u120d\u12a5\u12ad\u1275 ", "testament_id": "new-testament", "testament_name": "\u12a0\u12f2\u1235 \u12aa\u12f3\u1295  - N.T."},
{"language_id": "3999443662", "book_id": "2602718161", "book_name": " 2\u129b \u12e8\u1334\u1325\u122e\u1235 \u1218\u120d\u12a5\u12ad\u1275 ", "testament_id": "new-testament", "testament_name": "\u12a0\u12f2\u1235 \u12aa\u12f3\u1295  - N.T."},
{"language_id": "3999443662", "book_id": "1390559981", "book_name": " 1\u129b \u12e8\u12ee\u1210\u1295\u1235 \u1218\u120d\u12a5\u12ad\u1275 ", "testament_id": "new-testament", "testament_name": "\u12a0\u12f2\u1235 \u12aa\u12f3\u1295  - N.T."},
{"language_id": "3999443662", "book_id": "735757095", "book_name": " 2\u129b \u12e8\u12ee\u1210\u1295\u1235 \u1218\u120d\u12a5\u12ad\u1275 ", "testament_id": "new-testament", "testament_name": "\u12a0\u12f2\u1235 \u12aa\u12f3\u1295  - N.T."},
{"language_id": "3999443662", "book_id": "1159607369", "book_name": " 3\u129b \u12e8\u12ee\u1210\u1295\u1235 \u1218\u120d\u12a5\u12ad\u1275 ", "testament_id": "new-testament", "testament_name": "\u12a0\u12f2\u1235 \u12aa\u12f3\u1295  - N.T."},
{"language_id": "3999443662", "book_id": "2079666289", "book_name": " \u12e8\u12ed\u1201\u12f3 \u1218\u120d\u12a5\u12ad\u1275 ", "testament_id": "new-testament", "testament_name": "\u12a0\u12f2\u1235 \u12aa\u12f3\u1295  - N.T."},
{"language_id": "3999443662", "book_id": "2663817492", "book_name": "  \u12e8\u12ee\u1210\u1295\u1235 \u122b\u12a5\u12ed ", "testament_id": "new-testament", "testament_name": "\u12a0\u12f2\u1235 \u12aa\u12f3\u1295  - N.T."}
]