[
{"language_id": "2591079491", "book_id": "156497887", "book_name": " Genesi", "testament_id": "old-testament", "testament_name": "Antico Testamento - O.T."},
{"language_id": "2591079491", "book_id": "1231390989", "book_name": " Esodo", "testament_id": "old-testament", "testament_name": "Antico Testamento - O.T."},
{"language_id": "2591079491", "book_id": "347861249", "book_name": " Levitico", "testament_id": "old-testament", "testament_name": "Antico Testamento - O.T."},
{"language_id": "2591079491", "book_id": "1114909849", "book_name": " Numeri", "testament_id": "old-testament", "testament_name": "Antico Testamento - O.T."},
{"language_id": "2591079491", "book_id": "3261080494", "book_name": " Deuteronomio", "testament_id": "old-testament", "testament_name": "Antico Testamento - O.T."},
{"language_id": "2591079491", "book_id": "677982552", "book_name": " Giosu\u00e8", "testament_id": "old-testament", "testament_name": "Antico Testamento - O.T."},
{"language_id": "2591079491", "book_id": "2913796258", "book_name": " Giudici", "testament_id": "old-testament", "testament_name": "Antico Testamento - O.T."},
{"language_id": "2591079491", "book_id": "3299377194", "book_name": " Rut", "testament_id": "old-testament", "testament_name": "Antico Testamento - O.T."},
{"language_id": "2591079491", "book_id": "2925297307", "book_name": " 1 Samuele", "testament_id": "old-testament", "testament_name": "Antico Testamento - O.T."},
{"language_id": "2591079491", "book_id": "4007164644", "book_name": " 2 Samuele", "testament_id": "old-testament", "testament_name": "Antico Testamento - O.T."},
{"language_id": "2591079491", "book_id": "2413946979", "book_name": " 1 Re", "testament_id": "old-testament", "testament_name": "Antico Testamento - O.T."},
{"language_id": "2591079491", "book_id": "2240478899", "book_name": " 2 Re", "testament_id": "old-testament", "testament_name": "Antico Testamento - O.T."},
{"language_id": "2591079491", "book_id": "2736438273", "book_name": " 1 Cronache", "testament_id": "old-testament", "testament_name": "Antico Testamento - O.T."},
{"language_id": "2591079491", "book_id": "361474181", "book_name": " 2 Cronache", "testament_id": "old-testament", "testament_name": "Antico Testamento - O.T."},
{"language_id": "2591079491", "book_id": "2696644076", "book_name": " Esdra", "testament_id": "old-testament", "testament_name": "Antico Testamento - O.T."},
{"language_id": "2591079491", "book_id": "2886020817", "book_name": " Nehemia", "testament_id": "old-testament", "testament_name": "Antico Testamento - O.T."},
{"language_id": "2591079491", "book_id": "4058132514", "book_name": " Ester", "testament_id": "old-testament", "testament_name": "Antico Testamento - O.T."},
{"language_id": "2591079491", "book_id": "4042173124", "book_name": " Giobbe", "testament_id": "old-testament", "testament_name": "Antico Testamento - O.T."},
{"language_id": "2591079491", "book_id": "620528087", "book_name": " Salmi", "testament_id": "old-testament", "testament_name": "Antico Testamento - O.T."},
{"language_id": "2591079491", "book_id": "3030672324", "book_name": " Proverbi", "testament_id": "old-testament", "testament_name": "Antico Testamento - O.T."},
{"language_id": "2591079491", "book_id": "1346337059", "book_name": " Ecclesiaste", "testament_id": "old-testament", "testament_name": "Antico Testamento - O.T."},
{"language_id": "2591079491", "book_id": "2267150147", "book_name": " Cantico dei Cantici", "testament_id": "old-testament", "testament_name": "Antico Testamento - O.T."},
{"language_id": "2591079491", "book_id": "2844300375", "book_name": " Isaia", "testament_id": "old-testament", "testament_name": "Antico Testamento - O.T."},
{"language_id": "2591079491", "book_id": "652693291", "book_name": " Geremia", "testament_id": "old-testament", "testament_name": "Antico Testamento - O.T."},
{"language_id": "2591079491", "book_id": "2062083359", "book_name": " Lamentazioni", "testament_id": "old-testament", "testament_name": "Antico Testamento - O.T."},
{"language_id": "2591079491", "book_id": "1597026589", "book_name": " Ezechiele", "testament_id": "old-testament", "testament_name": "Antico Testamento - O.T."},
{"language_id": "2591079491", "book_id": "161198162", "book_name": " Daniele", "testament_id": "old-testament", "testament_name": "Antico Testamento - O.T."},
{"language_id": "2591079491", "book_id": "3992498015", "book_name": " Osea", "testament_id": "old-testament", "testament_name": "Antico Testamento - O.T."},
{"language_id": "2591079491", "book_id": "3828398307", "book_name": " Gioele", "testament_id": "old-testament", "testament_name": "Antico Testamento - O.T."},
{"language_id": "2591079491", "book_id": "2096283850", "book_name": " Amos", "testament_id": "old-testament", "testament_name": "Antico Testamento - O.T."},
{"language_id": "2591079491", "book_id": "1904091732", "book_name": " Abdia", "testament_id": "old-testament", "testament_name": "Antico Testamento - O.T."},
{"language_id": "2591079491", "book_id": "2403914622", "book_name": " Giona", "testament_id": "old-testament", "testament_name": "Antico Testamento - O.T."},
{"language_id": "2591079491", "book_id": "3882753602", "book_name": " Michea", "testament_id": "old-testament", "testament_name": "Antico Testamento - O.T."},
{"language_id": "2591079491", "book_id": "2093914861", "book_name": " Nahum", "testament_id": "old-testament", "testament_name": "Antico Testamento - O.T."},
{"language_id": "2591079491", "book_id": "1892723264", "book_name": " Habacuc", "testament_id": "old-testament", "testament_name": "Antico Testamento - O.T."},
{"language_id": "2591079491", "book_id": "3115904675", "book_name": " Sofonia", "testament_id": "old-testament", "testament_name": "Antico Testamento - O.T."},
{"language_id": "2591079491", "book_id": "866380382", "book_name": " Aggeo", "testament_id": "old-testament", "testament_name": "Antico Testamento - O.T."},
{"language_id": "2591079491", "book_id": "1833698826", "book_name": " Zaccaria", "testament_id": "old-testament", "testament_name": "Antico Testamento - O.T."},
{"language_id": "2591079491", "book_id": "4039256693", "book_name": " Malachia", "testament_id": "old-testament", "testament_name": "Antico Testamento - O.T."},
{"language_id": "2591079491", "book_id": "1638006967", "book_name": " Matteo", "testament_id": "new-testament", "testament_name": "Nuovo Testamento"},
{"language_id": "2591079491", "book_id": "1884982150", "book_name": " Marco", "testament_id": "new-testament", "testament_name": "Nuovo Testamento"},
{"language_id": "2591079491", "book_id": "2449686412", "book_name": " Luca", "testament_id": "new-testament", "testament_name": "Nuovo Testamento"},
{"language_id": "2591079491", "book_id": "215072189", "book_name": " Giovanni", "testament_id": "new-testament", "testament_name": "Nuovo Testamento"},
{"language_id": "2591079491", "book_id": "129383469", "book_name": " Atti degli Apostoli", "testament_id": "new-testament", "testament_name": "Nuovo Testamento"},
{"language_id": "2591079491", "book_id": "1240928070", "book_name": " Romani", "testament_id": "new-testament", "testament_name": "Nuovo Testamento"},
{"language_id": "2591079491", "book_id": "1204634920", "book_name": " 1 Corinzi", "testament_id": "new-testament", "testament_name": "Nuovo Testamento"},
{"language_id": "2591079491", "book_id": "1137679178", "book_name": " 2 Corinzi", "testament_id": "new-testament", "testament_name": "Nuovo Testamento"},
{"language_id": "2591079491", "book_id": "4230699175", "book_name": " Galati", "testament_id": "new-testament", "testament_name": "Nuovo Testamento"},
{"language_id": "2591079491", "book_id": "3555480779", "book_name": " Efesini", "testament_id": "new-testament", "testament_name": "Nuovo Testamento"},
{"language_id": "2591079491", "book_id": "1642953789", "book_name": " Filippesi", "testament_id": "new-testament", "testament_name": "Nuovo Testamento"},
{"language_id": "2591079491", "book_id": "1653312977", "book_name": " Colossesi", "testament_id": "new-testament", "testament_name": "Nuovo Testamento"},
{"language_id": "2591079491", "book_id": "3061549955", "book_name": " 1 Tessalonicesi", "testament_id": "new-testament", "testament_name": "Nuovo Testamento"},
{"language_id": "2591079491", "book_id": "1225633641", "book_name": " 2 Tessalonicesi", "testament_id": "new-testament", "testament_name": "Nuovo Testamento"},
{"language_id": "2591079491", "book_id": "2845968656", "book_name": " 1 Timoteo", "testament_id": "new-testament", "testament_name": "Nuovo Testamento"},
{"language_id": "2591079491", "book_id": "3424816866", "book_name": " 2 Timoteo", "testament_id": "new-testament", "testament_name": "Nuovo Testamento"},
{"language_id": "2591079491", "book_id": "3152924116", "book_name": " Tito", "testament_id": "new-testament", "testament_name": "Nuovo Testamento"},
{"language_id": "2591079491", "book_id": "1408104060", "book_name": " Filemone", "testament_id": "new-testament", "testament_name": "Nuovo Testamento"},
{"language_id": "2591079491", "book_id": "3059054433", "book_name": " Ebrei", "testament_id": "new-testament", "testament_name": "Nuovo Testamento"},
{"language_id": "2591079491", "book_id": "519936316", "book_name": " Giacomo", "testament_id": "new-testament", "testament_name": "Nuovo Testamento"},
{"language_id": "2591079491", "book_id": "3145583263", "book_name": " 1 Pietro", "testament_id": "new-testament", "testament_name": "Nuovo Testamento"},
{"language_id": "2591079491", "book_id": "2923780213", "book_name": " 2 Pietro", "testament_id": "new-testament", "testament_name": "Nuovo Testamento"},
{"language_id": "2591079491", "book_id": "164670727", "book_name": " 1 Giovanni", "testament_id": "new-testament", "testament_name": "Nuovo Testamento"},
{"language_id": "2591079491", "book_id": "94915437", "book_name": " 2 Giovanni", "testament_id": "new-testament", "testament_name": "Nuovo Testamento"},
{"language_id": "2591079491", "book_id": "1206335875", "book_name": " 3 Giovanni", "testament_id": "new-testament", "testament_name": "Nuovo Testamento"},
{"language_id": "2591079491", "book_id": "2915489268", "book_name": " Giuda", "testament_id": "new-testament", "testament_name": "Nuovo Testamento"},
{"language_id": "2591079491", "book_id": "4248658705", "book_name": " Apocalisse", "testament_id": "new-testament", "testament_name": "Nuovo Testamento"}
]