[
{"language_id": "1629141756", "book_id": "2500387980", "book_name": "Yarat\u0131l\u0131\u015f ", "testament_id": "old-testament", "testament_name": "Eski Antla\u015fma - O.T."},
{"language_id": "1629141756", "book_id": "1617480936", "book_name": " M\u0131s\u0131r'dan \u00c7\u0131k\u0131\u015f", "testament_id": "old-testament", "testament_name": "Eski Antla\u015fma - O.T."},
{"language_id": "1629141756", "book_id": "610551018", "book_name": " Levililer ", "testament_id": "old-testament", "testament_name": "Eski Antla\u015fma - O.T."},
{"language_id": "1629141756", "book_id": "2624581582", "book_name": "\u00c7\u00f6lde Say\u0131m", "testament_id": "old-testament", "testament_name": "Eski Antla\u015fma - O.T."},
{"language_id": "1629141756", "book_id": "2281425695", "book_name": "Yasa'n\u0131n Tekrar", "testament_id": "old-testament", "testament_name": "Eski Antla\u015fma - O.T."},
{"language_id": "1629141756", "book_id": "410187445", "book_name": "Ye\u015fu  ", "testament_id": "old-testament", "testament_name": "Eski Antla\u015fma - O.T."},
{"language_id": "1629141756", "book_id": "303408647", "book_name": "Hakimler ", "testament_id": "old-testament", "testament_name": "Eski Antla\u015fma - O.T."},
{"language_id": "1629141756", "book_id": "3299377194", "book_name": " Rut", "testament_id": "old-testament", "testament_name": "Eski Antla\u015fma - O.T."},
{"language_id": "1629141756", "book_id": "2925366114", "book_name": " 1 Samuel ", "testament_id": "old-testament", "testament_name": "Eski Antla\u015fma - O.T."},
{"language_id": "1629141756", "book_id": "4007235357", "book_name": " 2 Samuel ", "testament_id": "old-testament", "testament_name": "Eski Antla\u015fma - O.T."},
{"language_id": "1629141756", "book_id": "1064275585", "book_name": "1. Krallar", "testament_id": "old-testament", "testament_name": "Eski Antla\u015fma - O.T."},
{"language_id": "1629141756", "book_id": "3321185977", "book_name": "2. Krallar", "testament_id": "old-testament", "testament_name": "Eski Antla\u015fma - O.T."},
{"language_id": "1629141756", "book_id": "781753357", "book_name": "1. Tarihler", "testament_id": "old-testament", "testament_name": "Eski Antla\u015fma - O.T."},
{"language_id": "1629141756", "book_id": "3154827953", "book_name": "2. Tarihler", "testament_id": "old-testament", "testament_name": "Eski Antla\u015fma - O.T."},
{"language_id": "1629141756", "book_id": "956260053", "book_name": " Ezra ", "testament_id": "old-testament", "testament_name": "Eski Antla\u015fma - O.T."},
{"language_id": "1629141756", "book_id": "1745506737", "book_name": "Nehemya", "testament_id": "old-testament", "testament_name": "Eski Antla\u015fma - O.T."},
{"language_id": "1629141756", "book_id": "2061083322", "book_name": "Ester", "testament_id": "old-testament", "testament_name": "Eski Antla\u015fma - O.T."},
{"language_id": "1629141756", "book_id": "759101656", "book_name": "Ey\u00fcp", "testament_id": "old-testament", "testament_name": "Eski Antla\u015fma - O.T."},
{"language_id": "1629141756", "book_id": "1583786774", "book_name": "Mezmurlar", "testament_id": "old-testament", "testament_name": "Eski Antla\u015fma - O.T."},
{"language_id": "1629141756", "book_id": "2676740854", "book_name": "S\u00fcleyman'\u0131n \u00d6zdeyi\u015fleri ", "testament_id": "old-testament", "testament_name": "Eski Antla\u015fma - O.T."},
{"language_id": "1629141756", "book_id": "1116643662", "book_name": "Vaiz ", "testament_id": "old-testament", "testament_name": "Eski Antla\u015fma - O.T."},
{"language_id": "1629141756", "book_id": "797920936", "book_name": "Ezgiler Ezgisi", "testament_id": "old-testament", "testament_name": "Eski Antla\u015fma - O.T."},
{"language_id": "1629141756", "book_id": "2636127506", "book_name": "Ye\u015faya", "testament_id": "old-testament", "testament_name": "Eski Antla\u015fma - O.T."},
{"language_id": "1629141756", "book_id": "3096910677", "book_name": "Yeremya ", "testament_id": "old-testament", "testament_name": "Eski Antla\u015fma - O.T."},
{"language_id": "1629141756", "book_id": "2807466882", "book_name": "A\u011f\u0131tlar", "testament_id": "old-testament", "testament_name": "Eski Antla\u015fma - O.T."},
{"language_id": "1629141756", "book_id": "2527061324", "book_name": "Hezekiel ", "testament_id": "old-testament", "testament_name": "Eski Antla\u015fma - O.T."},
{"language_id": "1629141756", "book_id": "1559741635", "book_name": "Daniel", "testament_id": "old-testament", "testament_name": "Eski Antla\u015fma - O.T."},
{"language_id": "1629141756", "book_id": "1277087155", "book_name": "Ho\u015fea", "testament_id": "old-testament", "testament_name": "Eski Antla\u015fma - O.T."},
{"language_id": "1629141756", "book_id": "1026382353", "book_name": "Yoel ", "testament_id": "old-testament", "testament_name": "Eski Antla\u015fma - O.T."},
{"language_id": "1629141756", "book_id": "645259546", "book_name": " Amos ", "testament_id": "old-testament", "testament_name": "Eski Antla\u015fma - O.T."},
{"language_id": "1629141756", "book_id": "2119649131", "book_name": "Ovadya", "testament_id": "old-testament", "testament_name": "Eski Antla\u015fma - O.T."},
{"language_id": "1629141756", "book_id": "2078993236", "book_name": "Yunus", "testament_id": "old-testament", "testament_name": "Eski Antla\u015fma - O.T."},
{"language_id": "1629141756", "book_id": "2966978243", "book_name": "Mika ", "testament_id": "old-testament", "testament_name": "Eski Antla\u015fma - O.T."},
{"language_id": "1629141756", "book_id": "4274549381", "book_name": " Nahum ", "testament_id": "old-testament", "testament_name": "Eski Antla\u015fma - O.T."},
{"language_id": "1629141756", "book_id": "3801312367", "book_name": " Habakkuk ", "testament_id": "old-testament", "testament_name": "Eski Antla\u015fma - O.T."},
{"language_id": "1629141756", "book_id": "2151293199", "book_name": "Sefanya", "testament_id": "old-testament", "testament_name": "Eski Antla\u015fma - O.T."},
{"language_id": "1629141756", "book_id": "4078903335", "book_name": "Hagay", "testament_id": "old-testament", "testament_name": "Eski Antla\u015fma - O.T."},
{"language_id": "1629141756", "book_id": "2418553752", "book_name": "Zekeriya", "testament_id": "old-testament", "testament_name": "Eski Antla\u015fma - O.T."},
{"language_id": "1629141756", "book_id": "1702862944", "book_name": "Malaki ", "testament_id": "old-testament", "testament_name": "Eski Antla\u015fma - O.T."},
{"language_id": "1629141756", "book_id": "1647553928", "book_name": "Matta", "testament_id": "new-testament", "testament_name": "Yeni Antla\u015fma -N.T."},
{"language_id": "1629141756", "book_id": "168964193", "book_name": "Markos", "testament_id": "new-testament", "testament_name": "Yeni Antla\u015fma -N.T."},
{"language_id": "1629141756", "book_id": "2908096956", "book_name": "Luka", "testament_id": "new-testament", "testament_name": "Yeni Antla\u015fma -N.T."},
{"language_id": "1629141756", "book_id": "3273380122", "book_name": "Yuhanna", "testament_id": "new-testament", "testament_name": "Yeni Antla\u015fma -N.T."},
{"language_id": "1629141756", "book_id": "4003876536", "book_name": "Resullerin", "testament_id": "new-testament", "testament_name": "Yeni Antla\u015fma -N.T."},
{"language_id": "1629141756", "book_id": "3074797106", "book_name": "Romal\u0131lara", "testament_id": "new-testament", "testament_name": "Yeni Antla\u015fma -N.T."},
{"language_id": "1629141756", "book_id": "3982954972", "book_name": " 1 Korintoslulara", "testament_id": "new-testament", "testament_name": "Yeni Antla\u015fma -N.T."},
{"language_id": "1629141756", "book_id": "545981694", "book_name": "2 Korintoslulara", "testament_id": "new-testament", "testament_name": "Yeni Antla\u015fma -N.T."},
{"language_id": "1629141756", "book_id": "3400781149", "book_name": "Galatyal\u0131lara", "testament_id": "new-testament", "testament_name": "Yeni Antla\u015fma -N.T."},
{"language_id": "1629141756", "book_id": "2423182338", "book_name": "Efeslilere", "testament_id": "new-testament", "testament_name": "Yeni Antla\u015fma -N.T."},
{"language_id": "1629141756", "book_id": "1318999188", "book_name": "Filipililere  ", "testament_id": "new-testament", "testament_name": "Yeni Antla\u015fma -N.T."},
{"language_id": "1629141756", "book_id": "867799347", "book_name": "Koloselilere", "testament_id": "new-testament", "testament_name": "Yeni Antla\u015fma -N.T."},
{"language_id": "1629141756", "book_id": "223534799", "book_name": "1 Selaniklilere", "testament_id": "new-testament", "testament_name": "Yeni Antla\u015fma -N.T."},
{"language_id": "1629141756", "book_id": "3116728237", "book_name": "2 Selaniklilere", "testament_id": "new-testament", "testament_name": "Yeni Antla\u015fma -N.T."},
{"language_id": "1629141756", "book_id": "3151594194", "book_name": "1 Timoteosa", "testament_id": "new-testament", "testament_name": "Yeni Antla\u015fma -N.T."},
{"language_id": "1629141756", "book_id": "304894824", "book_name": "2 Timoteosa", "testament_id": "new-testament", "testament_name": "Yeni Antla\u015fma -N.T."},
{"language_id": "1629141756", "book_id": "686130564", "book_name": "Titusa  ", "testament_id": "new-testament", "testament_name": "Yeni Antla\u015fma -N.T."},
{"language_id": "1629141756", "book_id": "3237107708", "book_name": "Filimona", "testament_id": "new-testament", "testament_name": "Yeni Antla\u015fma -N.T."},
{"language_id": "1629141756", "book_id": "3138043084", "book_name": "\u0130branilere", "testament_id": "new-testament", "testament_name": "Yeni Antla\u015fma -N.T."},
{"language_id": "1629141756", "book_id": "281987049", "book_name": "Yakub'un", "testament_id": "new-testament", "testament_name": "Yeni Antla\u015fma -N.T."},
{"language_id": "1629141756", "book_id": "2669504971", "book_name": "1 Petrus'un", "testament_id": "new-testament", "testament_name": "Yeni Antla\u015fma -N.T."},
{"language_id": "1629141756", "book_id": "394449129", "book_name": "2 Petrus'un", "testament_id": "new-testament", "testament_name": "Yeni Antla\u015fma -N.T."},
{"language_id": "1629141756", "book_id": "1844685454", "book_name": "1 Yuhanna'n\u0131n ", "testament_id": "new-testament", "testament_name": "Yeni Antla\u015fma -N.T."},
{"language_id": "1629141756", "book_id": "4113033036", "book_name": "2 Yuhanna'n\u0131n ", "testament_id": "new-testament", "testament_name": "Yeni Antla\u015fma -N.T."},
{"language_id": "1629141756", "book_id": "1013491162", "book_name": "3 Yuhanna'n\u0131n", "testament_id": "new-testament", "testament_name": "Yeni Antla\u015fma -N.T."},
{"language_id": "1629141756", "book_id": "2448212876", "book_name": "Yahuda'n\u0131n", "testament_id": "new-testament", "testament_name": "Yeni Antla\u015fma -N.T."},
{"language_id": "1629141756", "book_id": "3596958278", "book_name": "Vahiy", "testament_id": "new-testament", "testament_name": "Yeni Antla\u015fma -N.T."}
]