[
{"language_id": "3079050610", "book_id": "312889015", "book_name": " \u0a8a\u0aa4\u0acd\u0aaa\u0aa4\u0acd\u0aa4\u0abf ", "testament_id": "old-testament", "testament_name": " \u0a93\u0ab2\u0acd\u0aa1 \u0a9f\u0ac7\u0ab8\u0acd\u0a9f\u0abe\u0aae\u0ac7\u0aa8\u0acd\u0a9f  - O.T."},
{"language_id": "3079050610", "book_id": "2028305320", "book_name": " \u0aa8\u0abf\u0ab0\u0acd\u0a97\u0aae\u0aa8  ", "testament_id": "old-testament", "testament_name": " \u0a93\u0ab2\u0acd\u0aa1 \u0a9f\u0ac7\u0ab8\u0acd\u0a9f\u0abe\u0aae\u0ac7\u0aa8\u0acd\u0a9f  - O.T."},
{"language_id": "3079050610", "book_id": "2049313601", "book_name": " \u0ab2\u0ac7\u0ab5\u0ac0\u0aaf  ", "testament_id": "old-testament", "testament_name": " \u0a93\u0ab2\u0acd\u0aa1 \u0a9f\u0ac7\u0ab8\u0acd\u0a9f\u0abe\u0aae\u0ac7\u0aa8\u0acd\u0a9f  - O.T."},
{"language_id": "3079050610", "book_id": "2939443059", "book_name": " \u0a97\u0aa3\u0aa8\u0abe ", "testament_id": "old-testament", "testament_name": " \u0a93\u0ab2\u0acd\u0aa1 \u0a9f\u0ac7\u0ab8\u0acd\u0a9f\u0abe\u0aae\u0ac7\u0aa8\u0acd\u0a9f  - O.T."},
{"language_id": "3079050610", "book_id": "331859252", "book_name": " \u0aaa\u0ac1\u0aa8\u0ab0\u0acd\u0aa8\u0abf\u0aaf\u0aae ", "testament_id": "old-testament", "testament_name": " \u0a93\u0ab2\u0acd\u0aa1 \u0a9f\u0ac7\u0ab8\u0acd\u0a9f\u0abe\u0aae\u0ac7\u0aa8\u0acd\u0a9f  - O.T."},
{"language_id": "3079050610", "book_id": "1944468847", "book_name": " \u0aaf\u0ab9\u0acb\u0ab6\u0ac1\u0a86 ", "testament_id": "old-testament", "testament_name": " \u0a93\u0ab2\u0acd\u0aa1 \u0a9f\u0ac7\u0ab8\u0acd\u0a9f\u0abe\u0aae\u0ac7\u0aa8\u0acd\u0a9f  - O.T."},
{"language_id": "3079050610", "book_id": "2203743485", "book_name": " \u0aa8\u0acd\u0aaf\u0abe\u0aaf\u0abe\u0aa7\u0ac0\u0ab6\u0acb ", "testament_id": "old-testament", "testament_name": " \u0a93\u0ab2\u0acd\u0aa1 \u0a9f\u0ac7\u0ab8\u0acd\u0a9f\u0abe\u0aae\u0ac7\u0aa8\u0acd\u0a9f  - O.T."},
{"language_id": "3079050610", "book_id": "2422211739", "book_name": " \u0ab0\u0ac2\u0aa4  ", "testament_id": "old-testament", "testament_name": " \u0a93\u0ab2\u0acd\u0aa1 \u0a9f\u0ac7\u0ab8\u0acd\u0a9f\u0abe\u0aae\u0ac7\u0aa8\u0acd\u0a9f  - O.T."},
{"language_id": "3079050610", "book_id": "1067628529", "book_name": " 1 \u0ab6\u0aae\u0ac1\u0a8f\u0ab2  ", "testament_id": "old-testament", "testament_name": " \u0a93\u0ab2\u0acd\u0aa1 \u0a9f\u0ac7\u0ab8\u0acd\u0a9f\u0abe\u0aae\u0ac7\u0aa8\u0acd\u0a9f  - O.T."},
{"language_id": "3079050610", "book_id": "4053168867", "book_name": " 2 \u0ab6\u0aae\u0a8f\u0ab2 ", "testament_id": "old-testament", "testament_name": " \u0a93\u0ab2\u0acd\u0aa1 \u0a9f\u0ac7\u0ab8\u0acd\u0a9f\u0abe\u0aae\u0ac7\u0aa8\u0acd\u0a9f  - O.T."},
{"language_id": "3079050610", "book_id": "637473661", "book_name": " 1 \u0ab0\u0abe\u0a9c\u0a93 ", "testament_id": "old-testament", "testament_name": " \u0a93\u0ab2\u0acd\u0aa1 \u0a9f\u0ac7\u0ab8\u0acd\u0a9f\u0abe\u0aae\u0ac7\u0aa8\u0acd\u0a9f  - O.T."},
{"language_id": "3079050610", "book_id": "3376185965", "book_name": " 2 \u0ab0\u0abe\u0a9c\u0a93 ", "testament_id": "old-testament", "testament_name": " \u0a93\u0ab2\u0acd\u0aa1 \u0a9f\u0ac7\u0ab8\u0acd\u0a9f\u0abe\u0aae\u0ac7\u0aa8\u0acd\u0a9f  - O.T."},
{"language_id": "3079050610", "book_id": "2371323963", "book_name": " 1 \u0a95\u0abe\u0ab3\u0ab5\u0acd\u0ab0\u0aa4\u0acd\u0aa4\u0abe\u0a82\u0aa4 ", "testament_id": "old-testament", "testament_name": " \u0a93\u0ab2\u0acd\u0aa1 \u0a9f\u0ac7\u0ab8\u0acd\u0a9f\u0abe\u0aae\u0ac7\u0aa8\u0acd\u0a9f  - O.T."},
{"language_id": "3079050610", "book_id": "1019538079", "book_name": " 2 \u0a95\u0abe\u0ab3\u0ab5\u0acd\u0ab0\u0aa4\u0acd\u0aa4\u0abe\u0a82\u0aa4 ", "testament_id": "old-testament", "testament_name": " \u0a93\u0ab2\u0acd\u0aa1 \u0a9f\u0ac7\u0ab8\u0acd\u0a9f\u0abe\u0aae\u0ac7\u0aa8\u0acd\u0a9f  - O.T."},
{"language_id": "3079050610", "book_id": "84426029", "book_name": " \u0a8f\u0a9d\u0ab0\u0abe ", "testament_id": "old-testament", "testament_name": " \u0a93\u0ab2\u0acd\u0aa1 \u0a9f\u0ac7\u0ab8\u0acd\u0a9f\u0abe\u0aae\u0ac7\u0aa8\u0acd\u0a9f  - O.T."},
{"language_id": "3079050610", "book_id": "1580730258", "book_name": " \u0aa8 \u0ab9\u0ac7\u0aae\u0acd\u0aaf\u0abe ", "testament_id": "old-testament", "testament_name": " \u0a93\u0ab2\u0acd\u0aa1 \u0a9f\u0ac7\u0ab8\u0acd\u0a9f\u0abe\u0aae\u0ac7\u0aa8\u0acd\u0a9f  - O.T."},
{"language_id": "3079050610", "book_id": "1028423302", "book_name": " \u0a8f\u0ab8\u0acd\u0aa4\u0ac7\u0ab0 ", "testament_id": "old-testament", "testament_name": " \u0a93\u0ab2\u0acd\u0aa1 \u0a9f\u0ac7\u0ab8\u0acd\u0a9f\u0abe\u0aae\u0ac7\u0aa8\u0acd\u0a9f  - O.T."},
{"language_id": "3079050610", "book_id": "2934291092", "book_name": "  \u0a85\u0aaf\u0ac2\u0aac ", "testament_id": "old-testament", "testament_name": " \u0a93\u0ab2\u0acd\u0aa1 \u0a9f\u0ac7\u0ab8\u0acd\u0a9f\u0abe\u0aae\u0ac7\u0aa8\u0acd\u0a9f  - O.T."},
{"language_id": "3079050610", "book_id": "414869486", "book_name": " \u0a97\u0ac0\u0aa4\u0ab6\u0abe\u0ab8\u0acd\u0aa4\u0acd\u0ab0  ", "testament_id": "old-testament", "testament_name": " \u0a93\u0ab2\u0acd\u0aa1 \u0a9f\u0ac7\u0ab8\u0acd\u0a9f\u0abe\u0aae\u0ac7\u0aa8\u0acd\u0a9f  - O.T."},
{"language_id": "3079050610", "book_id": "943257924", "book_name": " \u0aa8\u0ac0\u0aa4\u0abf\u0ab5\u0a9a\u0aa8\u0acb ", "testament_id": "old-testament", "testament_name": " \u0a93\u0ab2\u0acd\u0aa1 \u0a9f\u0ac7\u0ab8\u0acd\u0a9f\u0abe\u0aae\u0ac7\u0aa8\u0acd\u0a9f  - O.T."},
{"language_id": "3079050610", "book_id": "3300283314", "book_name": " \u0ab8\u0aad\u0abe\u0ab6\u0abf\u0a95\u0acd\u0ab7\u0a95  ", "testament_id": "old-testament", "testament_name": " \u0a93\u0ab2\u0acd\u0aa1 \u0a9f\u0ac7\u0ab8\u0acd\u0a9f\u0abe\u0aae\u0ac7\u0aa8\u0acd\u0a9f  - O.T."},
{"language_id": "3079050610", "book_id": "1464980869", "book_name": " \u0ab8\u0aad\u0abe\u0ab6\u0abf\u0a95\u0acd\u0ab7\u0a95 ", "testament_id": "old-testament", "testament_name": " \u0a93\u0ab2\u0acd\u0aa1 \u0a9f\u0ac7\u0ab8\u0acd\u0a9f\u0abe\u0aae\u0ac7\u0aa8\u0acd\u0a9f  - O.T."},
{"language_id": "3079050610", "book_id": "894537022", "book_name": " \u0aaf\u0ab6\u0abe\u0aaf\u0abe  ", "testament_id": "old-testament", "testament_name": " \u0a93\u0ab2\u0acd\u0aa1 \u0a9f\u0ac7\u0ab8\u0acd\u0a9f\u0abe\u0aae\u0ac7\u0aa8\u0acd\u0a9f  - O.T."},
{"language_id": "3079050610", "book_id": "4092893208", "book_name": " \u0a9a\u0ab0\u0acd\u0aae\u0abf\u0aaf\u0abe", "testament_id": "old-testament", "testament_name": " \u0a93\u0ab2\u0acd\u0aa1 \u0a9f\u0ac7\u0ab8\u0acd\u0a9f\u0abe\u0aae\u0ac7\u0aa8\u0acd\u0a9f  - O.T."},
{"language_id": "3079050610", "book_id": "1156249479", "book_name": " \u0aaf\u0ab0\u0acd\u0aae\u0abf\u0aaf\u0abe\u0aa8\u0acb \u0ab5\u0abf\u0ab2\u0abe\u0aaa", "testament_id": "old-testament", "testament_name": " \u0a93\u0ab2\u0acd\u0aa1 \u0a9f\u0ac7\u0ab8\u0acd\u0a9f\u0abe\u0aae\u0ac7\u0aa8\u0acd\u0a9f  - O.T."},
{"language_id": "3079050610", "book_id": "3102513141", "book_name": " \u0ab9\u0a9d\u0a95\u0abf\u0aaf\u0ac7\u0ab2 ", "testament_id": "old-testament", "testament_name": " \u0a93\u0ab2\u0acd\u0aa1 \u0a9f\u0ac7\u0ab8\u0acd\u0a9f\u0abe\u0aae\u0ac7\u0aa8\u0acd\u0a9f  - O.T."},
{"language_id": "3079050610", "book_id": "2480374653", "book_name": " \u0aa6\u0abe\u0ab0\u0abf\u0aaf\u0ac7\u0ab2 ", "testament_id": "old-testament", "testament_name": " \u0a93\u0ab2\u0acd\u0aa1 \u0a9f\u0ac7\u0ab8\u0acd\u0a9f\u0abe\u0aae\u0ac7\u0aa8\u0acd\u0a9f  - O.T."},
{"language_id": "3079050610", "book_id": "3087899581", "book_name": " \u0ab9\u0acb\u0ab6\u0abf\u0aaf\u0abe ", "testament_id": "old-testament", "testament_name": " \u0a93\u0ab2\u0acd\u0aa1 \u0a9f\u0ac7\u0ab8\u0acd\u0a9f\u0abe\u0aae\u0ac7\u0aa8\u0acd\u0a9f  - O.T."},
{"language_id": "3079050610", "book_id": "2597342391", "book_name": " \u0aaf\u0acb\u0a8f\u0ab2  ", "testament_id": "old-testament", "testament_name": " \u0a93\u0ab2\u0acd\u0aa1 \u0a9f\u0ac7\u0ab8\u0acd\u0a9f\u0abe\u0aae\u0ac7\u0aa8\u0acd\u0a9f  - O.T."},
{"language_id": "3079050610", "book_id": "1188007037", "book_name": " \u0a86\u0aae\u0acb\u0ab8 ", "testament_id": "old-testament", "testament_name": " \u0a93\u0ab2\u0acd\u0aa1 \u0a9f\u0ac7\u0ab8\u0acd\u0a9f\u0abe\u0aae\u0ac7\u0aa8\u0acd\u0a9f  - O.T."},
{"language_id": "3079050610", "book_id": "3234726775", "book_name": " \u0a93\u0aac\u0abe\u0aa7\u0abe  ", "testament_id": "old-testament", "testament_name": " \u0a93\u0ab2\u0acd\u0aa1 \u0a9f\u0ac7\u0ab8\u0acd\u0a9f\u0abe\u0aae\u0ac7\u0aa8\u0acd\u0a9f  - O.T."},
{"language_id": "3079050610", "book_id": "2049518287", "book_name": " \u0aaf\u0ac2\u0aa8\u0abe ", "testament_id": "old-testament", "testament_name": " \u0a93\u0ab2\u0acd\u0aa1 \u0a9f\u0ac7\u0ab8\u0acd\u0a9f\u0abe\u0aae\u0ac7\u0aa8\u0acd\u0a9f  - O.T."},
{"language_id": "3079050610", "book_id": "1297328278", "book_name": " \u0aae\u0ac0\u0a96\u0abe\u0ab9  ", "testament_id": "old-testament", "testament_name": " \u0a93\u0ab2\u0acd\u0aa1 \u0a9f\u0ac7\u0ab8\u0acd\u0a9f\u0abe\u0aae\u0ac7\u0aa8\u0acd\u0a9f  - O.T."},
{"language_id": "3079050610", "book_id": "240766137", "book_name": " \u0aa8\u0abe\u0ab9\u0ac2\u0aae ", "testament_id": "old-testament", "testament_name": " \u0a93\u0ab2\u0acd\u0aa1 \u0a9f\u0ac7\u0ab8\u0acd\u0a9f\u0abe\u0aae\u0ac7\u0aa8\u0acd\u0a9f  - O.T."},
{"language_id": "3079050610", "book_id": "2554141145", "book_name": " \u0ab9\u0aac\u0abe\u0a95\u0acd\u0a95\u0ac1\u0a95  ", "testament_id": "old-testament", "testament_name": " \u0a93\u0ab2\u0acd\u0aa1 \u0a9f\u0ac7\u0ab8\u0acd\u0a9f\u0abe\u0aae\u0ac7\u0aa8\u0acd\u0a9f  - O.T."},
{"language_id": "3079050610", "book_id": "1497130527", "book_name": " \u0ab8\u0aab\u0aa8\u0acd\u0aaf\u0abe ", "testament_id": "old-testament", "testament_name": " \u0a93\u0ab2\u0acd\u0aa1 \u0a9f\u0ac7\u0ab8\u0acd\u0a9f\u0abe\u0aae\u0ac7\u0aa8\u0acd\u0a9f  - O.T."},
{"language_id": "3079050610", "book_id": "2905999831", "book_name": " \u0ab9\u0abe\u0a97\u0acd\u0a97\u0abe\u0a9a ", "testament_id": "old-testament", "testament_name": " \u0a93\u0ab2\u0acd\u0aa1 \u0a9f\u0ac7\u0ab8\u0acd\u0a9f\u0abe\u0aae\u0ac7\u0aa8\u0acd\u0a9f  - O.T."},
{"language_id": "3079050610", "book_id": "2224540407", "book_name": " \u0a9d\u0a96\u0abe\u0ab0\u0acd\u0aaf\u0abe ", "testament_id": "old-testament", "testament_name": " \u0a93\u0ab2\u0acd\u0aa1 \u0a9f\u0ac7\u0ab8\u0acd\u0a9f\u0abe\u0aae\u0ac7\u0aa8\u0acd\u0a9f  - O.T."},
{"language_id": "3079050610", "book_id": "3896645821", "book_name": " \u0aae\u0abe\u0ab2\u0abe\u0a96\u0ac0  ", "testament_id": "old-testament", "testament_name": " \u0a93\u0ab2\u0acd\u0aa1 \u0a9f\u0ac7\u0ab8\u0acd\u0a9f\u0abe\u0aae\u0ac7\u0aa8\u0acd\u0a9f  - O.T."},
{"language_id": "3079050610", "book_id": "3745717456", "book_name": " \u0aae\u0abe\u0aa5\u0acd\u0aa5\u0ac0 ", "testament_id": "new-testament", "testament_name": "\u0aa8\u0acd\u0aaf\u0ac2 \u0ab5\u0ab8\u0abf\u0aaf\u0aa4\u0aa8\u0abe\u0aae\u0ac1\u0a82   - N.T."},
{"language_id": "3079050610", "book_id": "2265914732", "book_name": " \u0aae\u0abe\u0ab0\u0acd\u0a95 ", "testament_id": "new-testament", "testament_name": "\u0aa8\u0acd\u0aaf\u0ac2 \u0ab5\u0ab8\u0abf\u0aaf\u0aa4\u0aa8\u0abe\u0aae\u0ac1\u0a82   - N.T."},
{"language_id": "3079050610", "book_id": "185456298", "book_name": " \u0ab2\u0ac2\u0a95  ", "testament_id": "new-testament", "testament_name": "\u0aa8\u0acd\u0aaf\u0ac2 \u0ab5\u0ab8\u0abf\u0aaf\u0aa4\u0aa8\u0abe\u0aae\u0ac1\u0a82   - N.T."},
{"language_id": "3079050610", "book_id": "111558073", "book_name": " \u0aaf\u0acb\u0ab9\u0abe\u0aa8 ", "testament_id": "new-testament", "testament_name": "\u0aa8\u0acd\u0aaf\u0ac2 \u0ab5\u0ab8\u0abf\u0aaf\u0aa4\u0aa8\u0abe\u0aae\u0ac1\u0a82   - N.T."},
{"language_id": "3079050610", "book_id": "2816586000", "book_name": " \u0aaa\u0acd\u0ab0\u0ac7\u0ab0\u0abf\u0aa4\u0acb\u0aa8\u0abe\u0a82 \u0a95\u0acd\u0ab0\u0aa4\u0acd\u0aaf\u0acb  ", "testament_id": "new-testament", "testament_name": "\u0aa8\u0acd\u0aaf\u0ac2 \u0ab5\u0ab8\u0abf\u0aaf\u0aa4\u0aa8\u0abe\u0aae\u0ac1\u0a82   - N.T."},
{"language_id": "3079050610", "book_id": "2907208906", "book_name": " \u0ab0\u0acb\u0aae\u0aa8\u0acb\u0aa8\u0ac7 \u0aaa\u0aa4\u0acd\u0ab0  ", "testament_id": "new-testament", "testament_name": "\u0aa8\u0acd\u0aaf\u0ac2 \u0ab5\u0ab8\u0abf\u0aaf\u0aa4\u0aa8\u0abe\u0aae\u0ac1\u0a82   - N.T."},
{"language_id": "3079050610", "book_id": "2547826823", "book_name": " 1 \u0a95\u0ab0\u0abf\u0a82\u0aa5\u0ac0\u0a93\u0aa8\u0ac7  ", "testament_id": "new-testament", "testament_name": "\u0aa8\u0acd\u0aaf\u0ac2 \u0ab5\u0ab8\u0abf\u0aaf\u0aa4\u0aa8\u0abe\u0aae\u0ac1\u0a82   - N.T."},
{"language_id": "3079050610", "book_id": "1820188069", "book_name": " 2 \u0a95\u0ab0\u0abf\u0a82\u0aa5\u0ac0\u0a93\u0aa8\u0ac7  ", "testament_id": "new-testament", "testament_name": "\u0aa8\u0acd\u0aaf\u0ac2 \u0ab5\u0ab8\u0abf\u0aaf\u0aa4\u0aa8\u0abe\u0aae\u0ac1\u0a82   - N.T."},
{"language_id": "3079050610", "book_id": "205159433", "book_name": " \u0a97 \u0ab2\u0abe\u0aa4\u0ac0\u0a93\u0aa8\u0ac7 \u0aaa\u0aa4\u0acd\u0ab0 ", "testament_id": "new-testament", "testament_name": "\u0aa8\u0acd\u0aaf\u0ac2 \u0ab5\u0ab8\u0abf\u0aaf\u0aa4\u0aa8\u0abe\u0aae\u0ac1\u0a82   - N.T."},
{"language_id": "3079050610", "book_id": "686122784", "book_name": " \u0a8f\u0aab\u0ac7\u0ab8\u0ac0\u0a93\u0aa8\u0ac7 \u0aaa\u0aa4\u0acd\u0ab0  ", "testament_id": "new-testament", "testament_name": "\u0aa8\u0acd\u0aaf\u0ac2 \u0ab5\u0ab8\u0abf\u0aaf\u0aa4\u0aa8\u0abe\u0aae\u0ac1\u0a82   - N.T."},
{"language_id": "3079050610", "book_id": "420917851", "book_name": " \u0aab\u0abf\u0ab2\u0abf\u0aaa\u0acd\u0aaa\u0ac0\u0a93\u0aa8\u0ac7 \u0aaa\u0aa4\u0acd\u0ab0 ", "testament_id": "new-testament", "testament_name": "\u0aa8\u0acd\u0aaf\u0ac2 \u0ab5\u0ab8\u0abf\u0aaf\u0aa4\u0aa8\u0abe\u0aae\u0ac1\u0a82   - N.T."},
{"language_id": "3079050610", "book_id": "2893096351", "book_name": " \u0a95\u0ab2\u0acb\u0ab8\u0acd\u0ab8\u0ac0\u0a93\u0aa8\u0ac7 \u0aaa\u0aa4\u0acd\u0ab0 ", "testament_id": "new-testament", "testament_name": "\u0aa8\u0acd\u0aaf\u0ac2 \u0ab5\u0ab8\u0abf\u0aaf\u0aa4\u0aa8\u0abe\u0aae\u0ac1\u0a82   - N.T."},
{"language_id": "3079050610", "book_id": "553702851", "book_name": " 1 \u0aa5\u0ac7\u0ab8\u0acd\u0ab8\u0ab2\u0acb\u0aa8\u0abf\u0a95\u0ac0\u0a93\u0aa8\u0ac7 ", "testament_id": "new-testament", "testament_name": "\u0aa8\u0acd\u0aaf\u0ac2 \u0ab5\u0ab8\u0abf\u0aaf\u0aa4\u0aa8\u0abe\u0aae\u0ac1\u0a82   - N.T."},
{"language_id": "3079050610", "book_id": "4023204345", "book_name": " 2 \u0aa5\u0ac7\u0ab8\u0acd\u0ab8\u0ab2\u0acb\u0aa8\u0abf\u0a95\u0ac0\u0a93\u0aa8\u0ac7 ", "testament_id": "new-testament", "testament_name": "\u0aa8\u0acd\u0aaf\u0ac2 \u0ab5\u0ab8\u0abf\u0aaf\u0aa4\u0aa8\u0abe\u0aae\u0ac1\u0a82   - N.T."},
{"language_id": "3079050610", "book_id": "3094156585", "book_name": " 1 \u0aa4\u0abf\u0aae\u0acb\u0aa5\u0ac0\u0aa8\u0ac7 ", "testament_id": "new-testament", "testament_name": "\u0aa8\u0acd\u0aaf\u0ac2 \u0ab5\u0ab8\u0abf\u0aaf\u0aa4\u0aa8\u0abe\u0aae\u0ac1\u0a82   - N.T."},
{"language_id": "3079050610", "book_id": "2543679067", "book_name": " 2 \u0aa4\u0abf\u0aae\u0acb\u0aa5\u0ac0\u0aa8\u0ac7 ", "testament_id": "new-testament", "testament_name": "\u0aa8\u0acd\u0aaf\u0ac2 \u0ab5\u0ab8\u0abf\u0aaf\u0aa4\u0aa8\u0abe\u0aae\u0ac1\u0a82   - N.T."},
{"language_id": "3079050610", "book_id": "1201059620", "book_name": " \u0aa4\u0abf\u0aa4\u0ab8\u0aa8\u0a82 \u0aaa\u0aa4\u0acd\u0ab0 ", "testament_id": "new-testament", "testament_name": "\u0aa8\u0acd\u0aaf\u0ac2 \u0ab5\u0ab8\u0abf\u0aaf\u0aa4\u0aa8\u0abe\u0aae\u0ac1\u0a82   - N.T."},
{"language_id": "3079050610", "book_id": "2291978903", "book_name": " \u0aab\u0abf\u0ab2\u0ac7\u0aae\u0acb\u0aa8\u0ac7 \u0aaa\u0aa4\u0acd\u0ab0 ", "testament_id": "new-testament", "testament_name": "\u0aa8\u0acd\u0aaf\u0ac2 \u0ab5\u0ab8\u0abf\u0aaf\u0aa4\u0aa8\u0abe\u0aae\u0ac1\u0a82   - N.T."},
{"language_id": "3079050610", "book_id": "992520054", "book_name": " \u0ab9\u0abf\u0aac\u0acd\u0ab0\u0ac2\u0a93\u0aa8\u0ac7 \u0aaa\u0aa4\u0acd\u0ab0 ", "testament_id": "new-testament", "testament_name": "\u0aa8\u0acd\u0aaf\u0ac2 \u0ab5\u0ab8\u0abf\u0aaf\u0aa4\u0aa8\u0abe\u0aae\u0ac1\u0a82   - N.T."},
{"language_id": "3079050610", "book_id": "4292950212", "book_name": "  \u0aaf\u0abe\u0a95\u0ac2\u0aac\u0aa8\u0acb ", "testament_id": "new-testament", "testament_name": "\u0aa8\u0acd\u0aaf\u0ac2 \u0ab5\u0ab8\u0abf\u0aaf\u0aa4\u0aa8\u0abe\u0aae\u0ac1\u0a82   - N.T."},
{"language_id": "3079050610", "book_id": "3241774763", "book_name": " 1 \u0aaa\u0abf\u0aa4\u0ab0\u0aa8\u0acb \u0aaa\u0aa4\u0acd\u0ab0  ", "testament_id": "new-testament", "testament_name": "\u0aa8\u0acd\u0aaf\u0ac2 \u0ab5\u0ab8\u0abf\u0aaf\u0aa4\u0aa8\u0abe\u0aae\u0ac1\u0a82   - N.T."},
{"language_id": "3079050610", "book_id": "3122372017", "book_name": " 2 \u0aaa\u0abf\u0aa4\u0ab0\u0aa8\u0acb \u0aaa\u0aa4\u0acd\u0ab0  ", "testament_id": "new-testament", "testament_name": "\u0aa8\u0acd\u0aaf\u0ac2 \u0ab5\u0ab8\u0abf\u0aaf\u0aa4\u0aa8\u0abe\u0aae\u0ac1\u0a82   - N.T."},
{"language_id": "3079050610", "book_id": "2765863635", "book_name": " 1 \u0aaf\u0acb\u0ab9\u0abe\u0aa8\u0aa8\u0acb \u0aaa\u0aa4\u0acd\u0ab0 ", "testament_id": "new-testament", "testament_name": "\u0aa8\u0acd\u0aaf\u0ac2 \u0ab5\u0ab8\u0abf\u0aaf\u0aa4\u0aa8\u0abe\u0aae\u0ac1\u0a82   - N.T."},
{"language_id": "3079050610", "book_id": "3062348361", "book_name": " 2 \u0aaf\u0acb\u0ab9\u0abe\u0aa8\u0aa8\u0acb \u0aaa\u0aa4\u0acd\u0ab0 ", "testament_id": "new-testament", "testament_name": "\u0aa8\u0acd\u0aaf\u0ac2 \u0ab5\u0ab8\u0abf\u0aaf\u0aa4\u0aa8\u0abe\u0aae\u0ac1\u0a82   - N.T."},
{"language_id": "3079050610", "book_id": "2488515767", "book_name": " 3 \u0aaf\u0acb\u0ab9\u0abe\u0aa8\u0aa8\u0acb \u0aaa\u0aa4\u0acd\u0ab0 ", "testament_id": "new-testament", "testament_name": "\u0aa8\u0acd\u0aaf\u0ac2 \u0ab5\u0ab8\u0abf\u0aaf\u0aa4\u0aa8\u0abe\u0aae\u0ac1\u0a82   - N.T."},
{"language_id": "3079050610", "book_id": "2023932190", "book_name": "  \u0aaf\u0ab9\u0ac2\u0aa6\u0abe\u0aa8\u0acb \u0aaa\u0aa4\u0acd\u0ab0 ", "testament_id": "new-testament", "testament_name": "\u0aa8\u0acd\u0aaf\u0ac2 \u0ab5\u0ab8\u0abf\u0aaf\u0aa4\u0aa8\u0abe\u0aae\u0ac1\u0a82   - N.T."},
{"language_id": "3079050610", "book_id": "2971778506", "book_name": " \u0aaa\u0acd\u0ab0\u0a95\u0a9f\u0ac0\u0a95\u0ab0\u0aa3  ", "testament_id": "new-testament", "testament_name": "\u0aa8\u0acd\u0aaf\u0ac2 \u0ab5\u0ab8\u0abf\u0aaf\u0aa4\u0aa8\u0abe\u0aae\u0ac1\u0a82   - N.T."}
]