[
{"language_id": "3824111494", "book_id": "864029248", "book_name": "Mwanzo", "testament_id": "old-testament", "testament_name": "Agano la kale - O.T."},
{"language_id": "3824111494", "book_id": "2189702244", "book_name": "Kutoka", "testament_id": "old-testament", "testament_name": "Agano la kale - O.T."},
{"language_id": "3824111494", "book_id": "1035348799", "book_name": "Mambo ya Walawi", "testament_id": "old-testament", "testament_name": "Agano la kale - O.T."},
{"language_id": "3824111494", "book_id": "4034531353", "book_name": "Hesabu", "testament_id": "old-testament", "testament_name": "Agano la kale - O.T."},
{"language_id": "3824111494", "book_id": "3388209756", "book_name": "Kumbukumbu la Torati", "testament_id": "old-testament", "testament_name": "Agano la kale - O.T."},
{"language_id": "3824111494", "book_id": "1602128470", "book_name": "Yoshua", "testament_id": "old-testament", "testament_name": "Agano la kale - O.T."},
{"language_id": "3824111494", "book_id": "938030154", "book_name": " Waamuzi", "testament_id": "old-testament", "testament_name": "Agano la kale - O.T."},
{"language_id": "3824111494", "book_id": "4241163507", "book_name": "Ruthu", "testament_id": "old-testament", "testament_name": "Agano la kale - O.T."},
{"language_id": "3824111494", "book_id": "1634930357", "book_name": "1 Samweli", "testament_id": "old-testament", "testament_name": "Agano la kale - O.T."},
{"language_id": "3824111494", "book_id": "1996649818", "book_name": "2 Samweli", "testament_id": "old-testament", "testament_name": "Agano la kale - O.T."},
{"language_id": "3824111494", "book_id": "1944344217", "book_name": "1 Wafalme", "testament_id": "old-testament", "testament_name": "Agano la kale - O.T."},
{"language_id": "3824111494", "book_id": "959986265", "book_name": "2 Wafalme ", "testament_id": "old-testament", "testament_name": "Agano la kale - O.T."},
{"language_id": "3824111494", "book_id": "3733618011", "book_name": "1 Mambo ya Nyakati", "testament_id": "old-testament", "testament_name": "Agano la kale - O.T."},
{"language_id": "3824111494", "book_id": "1250811287", "book_name": "2 Mambo ya Nyakati", "testament_id": "old-testament", "testament_name": "Agano la kale - O.T."},
{"language_id": "3824111494", "book_id": "1445920453", "book_name": "Ezra", "testament_id": "old-testament", "testament_name": "Agano la kale - O.T."},
{"language_id": "3824111494", "book_id": "1741070945", "book_name": "Nehemia", "testament_id": "old-testament", "testament_name": "Agano la kale - O.T."},
{"language_id": "3824111494", "book_id": "4225842140", "book_name": "Esta", "testament_id": "old-testament", "testament_name": "Agano la kale - O.T."},
{"language_id": "3824111494", "book_id": "3224116498", "book_name": "Ayubu", "testament_id": "old-testament", "testament_name": "Agano la kale - O.T."},
{"language_id": "3824111494", "book_id": "2285368350", "book_name": "Zaburi", "testament_id": "old-testament", "testament_name": "Agano la kale - O.T."},
{"language_id": "3824111494", "book_id": "4091642451", "book_name": "Mithali", "testament_id": "old-testament", "testament_name": "Agano la kale - O.T."},
{"language_id": "3824111494", "book_id": "1602044290", "book_name": "Mhubiri", "testament_id": "old-testament", "testament_name": "Agano la kale - O.T."},
{"language_id": "3824111494", "book_id": "1846689654", "book_name": "Wimbo Ulio Bora ", "testament_id": "old-testament", "testament_name": "Agano la kale - O.T."},
{"language_id": "3824111494", "book_id": "2518308367", "book_name": "Isaya ", "testament_id": "old-testament", "testament_name": "Agano la kale - O.T."},
{"language_id": "3824111494", "book_id": "261009285", "book_name": "Yeremia ", "testament_id": "old-testament", "testament_name": "Agano la kale - O.T."},
{"language_id": "3824111494", "book_id": "2761107421", "book_name": "Maombolezo", "testament_id": "old-testament", "testament_name": "Agano la kale - O.T."},
{"language_id": "3824111494", "book_id": "649192097", "book_name": "Ezekieli", "testament_id": "old-testament", "testament_name": "Agano la kale - O.T."},
{"language_id": "3824111494", "book_id": "200762086", "book_name": "Danieli", "testament_id": "old-testament", "testament_name": "Agano la kale - O.T."},
{"language_id": "3824111494", "book_id": "3577877655", "book_name": "Hosea", "testament_id": "old-testament", "testament_name": "Agano la kale - O.T."},
{"language_id": "3824111494", "book_id": "1026342492", "book_name": "Yoeli", "testament_id": "old-testament", "testament_name": "Agano la kale - O.T."},
{"language_id": "3824111494", "book_id": "1288183399", "book_name": "Amosi", "testament_id": "old-testament", "testament_name": "Agano la kale - O.T."},
{"language_id": "3824111494", "book_id": "1392050303", "book_name": "Obadia", "testament_id": "old-testament", "testament_name": "Agano la kale - O.T."},
{"language_id": "3824111494", "book_id": "4285479949", "book_name": "Yona", "testament_id": "old-testament", "testament_name": "Agano la kale - O.T."},
{"language_id": "3824111494", "book_id": "4290241243", "book_name": "Mika", "testament_id": "old-testament", "testament_name": "Agano la kale - O.T."},
{"language_id": "3824111494", "book_id": "1329628380", "book_name": "Nahumu", "testament_id": "old-testament", "testament_name": "Agano la kale - O.T."},
{"language_id": "3824111494", "book_id": "1936251317", "book_name": "Habakuki", "testament_id": "old-testament", "testament_name": "Agano la kale - O.T."},
{"language_id": "3824111494", "book_id": "2147082687", "book_name": "Sefania", "testament_id": "old-testament", "testament_name": "Agano la kale - O.T."},
{"language_id": "3824111494", "book_id": "4078923767", "book_name": "Hagai", "testament_id": "old-testament", "testament_name": "Agano la kale - O.T."},
{"language_id": "3824111494", "book_id": "3497134849", "book_name": "Zekaria", "testament_id": "old-testament", "testament_name": "Agano la kale - O.T."},
{"language_id": "3824111494", "book_id": "3628505792", "book_name": "Malaki", "testament_id": "old-testament", "testament_name": "Agano la kale - O.T."},
{"language_id": "3824111494", "book_id": "2815752778", "book_name": "Mathayo", "testament_id": "new-testament", "testament_name": "Agano Jipya - N.T."},
{"language_id": "3824111494", "book_id": "1330360174", "book_name": "Marko", "testament_id": "new-testament", "testament_name": "Agano Jipya - N.T."},
{"language_id": "3824111494", "book_id": "2908096956", "book_name": "Luka", "testament_id": "new-testament", "testament_name": "Agano Jipya - N.T."},
{"language_id": "3824111494", "book_id": "2879595094", "book_name": "Yohana", "testament_id": "new-testament", "testament_name": "Agano Jipya - N.T."},
{"language_id": "3824111494", "book_id": "2279003004", "book_name": "Matendo ya Mitume", "testament_id": "new-testament", "testament_name": "Agano Jipya - N.T."},
{"language_id": "3824111494", "book_id": "1323880457", "book_name": "Warumi", "testament_id": "new-testament", "testament_name": "Agano Jipya - N.T."},
{"language_id": "3824111494", "book_id": "2887762694", "book_name": "1 Wakorintho ", "testament_id": "new-testament", "testament_name": "Agano Jipya - N.T."},
{"language_id": "3824111494", "book_id": "3953681388", "book_name": "2 Wakorintho ", "testament_id": "new-testament", "testament_name": "Agano Jipya - N.T."},
{"language_id": "3824111494", "book_id": "4134496284", "book_name": "Wagalatia", "testament_id": "new-testament", "testament_name": "Agano Jipya - N.T."},
{"language_id": "3824111494", "book_id": "1484804296", "book_name": "Waefeso ", "testament_id": "new-testament", "testament_name": "Agano Jipya - N.T."},
{"language_id": "3824111494", "book_id": "725322365", "book_name": "Wafilipi", "testament_id": "new-testament", "testament_name": "Agano Jipya - N.T."},
{"language_id": "3824111494", "book_id": "3820257851", "book_name": "Wakolosai", "testament_id": "new-testament", "testament_name": "Agano Jipya - N.T."},
{"language_id": "3824111494", "book_id": "2050504992", "book_name": "1 Wathesalonike ", "testament_id": "new-testament", "testament_name": "Agano Jipya - N.T."},
{"language_id": "3824111494", "book_id": "1387813522", "book_name": "2 Wathesalonike ", "testament_id": "new-testament", "testament_name": "Agano Jipya - N.T."},
{"language_id": "3824111494", "book_id": "1877883352", "book_name": "1 Timotheo", "testament_id": "new-testament", "testament_name": "Agano Jipya - N.T."},
{"language_id": "3824111494", "book_id": "1830576946", "book_name": "2 Timotheo ", "testament_id": "new-testament", "testament_name": "Agano Jipya - N.T."},
{"language_id": "3824111494", "book_id": "122632772", "book_name": "Tito", "testament_id": "new-testament", "testament_name": "Agano Jipya - N.T."},
{"language_id": "3824111494", "book_id": "984750176", "book_name": "Filemoni", "testament_id": "new-testament", "testament_name": "Agano Jipya - N.T."},
{"language_id": "3824111494", "book_id": "1226816184", "book_name": "Waebrania ", "testament_id": "new-testament", "testament_name": "Agano Jipya - N.T."},
{"language_id": "3824111494", "book_id": "1132049588", "book_name": "Yakobo", "testament_id": "new-testament", "testament_name": "Agano Jipya - N.T."},
{"language_id": "3824111494", "book_id": "3240446730", "book_name": "1 Petro", "testament_id": "new-testament", "testament_name": "Agano Jipya - N.T."},
{"language_id": "3824111494", "book_id": "2338636776", "book_name": "2 Petro", "testament_id": "new-testament", "testament_name": "Agano Jipya - N.T."},
{"language_id": "3824111494", "book_id": "2165181396", "book_name": "1 Yohana", "testament_id": "new-testament", "testament_name": "Agano Jipya - N.T."},
{"language_id": "3824111494", "book_id": "2094598054", "book_name": "2 Yohana ", "testament_id": "new-testament", "testament_name": "Agano Jipya - N.T."},
{"language_id": "3824111494", "book_id": "3091976240", "book_name": "3 Yohana", "testament_id": "new-testament", "testament_name": "Agano Jipya - N.T."},
{"language_id": "3824111494", "book_id": "1642984567", "book_name": " Yuda", "testament_id": "new-testament", "testament_name": "Agano Jipya - N.T."},
{"language_id": "3824111494", "book_id": "2576418001", "book_name": "Ufunuo wa Yohana", "testament_id": "new-testament", "testament_name": "Agano Jipya - N.T."}
]