[
{"language_id": "3806916603", "book_id": "336662188", "book_name": "\u0e1b\u0e10\u0e21\u0e01\u0e32\u0e25", "testament_id": "old-testament", "testament_name": "\u0e1e\u0e31\u0e19\u0e18\u0e2a\u0e31\u0e0d\u0e0d\u0e32\u0e40\u0e14\u0e34\u0e21 -  O.T."},
{"language_id": "3806916603", "book_id": "2769291556", "book_name": "\u0e2d\u0e1e\u0e22\u0e1e", "testament_id": "old-testament", "testament_name": "\u0e1e\u0e31\u0e19\u0e18\u0e2a\u0e31\u0e0d\u0e0d\u0e32\u0e40\u0e14\u0e34\u0e21 -  O.T."},
{"language_id": "3806916603", "book_id": "899348469", "book_name": "\u0e40\u0e25\u0e27\u0e35\u0e19\u0e34\u0e15\u0e34 ", "testament_id": "old-testament", "testament_name": "\u0e1e\u0e31\u0e19\u0e18\u0e2a\u0e31\u0e0d\u0e0d\u0e32\u0e40\u0e14\u0e34\u0e21 -  O.T."},
{"language_id": "3806916603", "book_id": "3692268973", "book_name": "\u0e01\u0e31\u0e19\u0e14\u0e32\u0e23\u0e27\u0e34\u0e16\u0e35", "testament_id": "old-testament", "testament_name": "\u0e1e\u0e31\u0e19\u0e18\u0e2a\u0e31\u0e0d\u0e0d\u0e32\u0e40\u0e14\u0e34\u0e21 -  O.T."},
{"language_id": "3806916603", "book_id": "3779969799", "book_name": "\u0e40\u0e09\u0e25\u0e22\u0e18\u0e23\u0e21\u0e1a\u0e31\u0e0d\u0e0d\u0e31\u0e15\u0e34 ", "testament_id": "old-testament", "testament_name": "\u0e1e\u0e31\u0e19\u0e18\u0e2a\u0e31\u0e0d\u0e0d\u0e32\u0e40\u0e14\u0e34\u0e21 -  O.T."},
{"language_id": "3806916603", "book_id": "1634974701", "book_name": "\u0e42\u0e22\u0e0a\u0e39\u0e27\u0e32", "testament_id": "old-testament", "testament_name": "\u0e1e\u0e31\u0e19\u0e18\u0e2a\u0e31\u0e0d\u0e0d\u0e32\u0e40\u0e14\u0e34\u0e21 -  O.T."},
{"language_id": "3806916603", "book_id": "1590188710", "book_name": "\u0e1c\u0e39\u0e49\u0e27\u0e34\u0e19\u0e34\u0e08\u0e09\u0e31\u0e22 ", "testament_id": "old-testament", "testament_name": "\u0e1e\u0e31\u0e19\u0e18\u0e2a\u0e31\u0e0d\u0e0d\u0e32\u0e40\u0e14\u0e34\u0e21 -  O.T."},
{"language_id": "3806916603", "book_id": "2461069475", "book_name": " \u0e19\u0e32\u0e07\u0e23\u0e39\u0e18 ", "testament_id": "old-testament", "testament_name": "\u0e1e\u0e31\u0e19\u0e18\u0e2a\u0e31\u0e0d\u0e0d\u0e32\u0e40\u0e14\u0e34\u0e21 -  O.T."},
{"language_id": "3806916603", "book_id": "949743464", "book_name": " 1 \u0e0b\u0e32\u0e21\u0e39\u0e40\u0e2d\u0e25 ", "testament_id": "old-testament", "testament_name": "\u0e1e\u0e31\u0e19\u0e18\u0e2a\u0e31\u0e0d\u0e0d\u0e32\u0e40\u0e14\u0e34\u0e21 -  O.T."},
{"language_id": "3806916603", "book_id": "623390239", "book_name": " 2 \u0e0b\u0e32\u0e21\u0e39\u0e40\u0e2d\u0e25 ", "testament_id": "old-testament", "testament_name": "\u0e1e\u0e31\u0e19\u0e18\u0e2a\u0e31\u0e0d\u0e0d\u0e32\u0e40\u0e14\u0e34\u0e21 -  O.T."},
{"language_id": "3806916603", "book_id": "2204361352", "book_name": "1 \u0e1e\u0e07\u0e28\u0e4c\u0e01\u0e29\u0e31\u0e15\u0e23\u0e34\u0e22\u0e4c ", "testament_id": "old-testament", "testament_name": "\u0e1e\u0e31\u0e19\u0e18\u0e2a\u0e31\u0e0d\u0e0d\u0e32\u0e40\u0e14\u0e34\u0e21 -  O.T."},
{"language_id": "3806916603", "book_id": "281355392", "book_name": " 2 \u0e1e\u0e07\u0e28\u0e4c\u0e01\u0e29\u0e31\u0e15\u0e23\u0e34\u0e22\u0e4c ", "testament_id": "old-testament", "testament_name": "\u0e1e\u0e31\u0e19\u0e18\u0e2a\u0e31\u0e0d\u0e0d\u0e32\u0e40\u0e14\u0e34\u0e21 -  O.T."},
{"language_id": "3806916603", "book_id": "3840853647", "book_name": "1 \u0e1e\u0e07\u0e28\u0e32\u0e27\u0e14\u0e32\u0e23", "testament_id": "old-testament", "testament_name": "\u0e1e\u0e31\u0e19\u0e18\u0e2a\u0e31\u0e0d\u0e0d\u0e32\u0e40\u0e14\u0e34\u0e21 -  O.T."},
{"language_id": "3806916603", "book_id": "848883643", "book_name": "2 \u0e1e\u0e07\u0e28\u0e32\u0e27\u0e14\u0e32\u0e23 ", "testament_id": "old-testament", "testament_name": "\u0e1e\u0e31\u0e19\u0e18\u0e2a\u0e31\u0e0d\u0e0d\u0e32\u0e40\u0e14\u0e34\u0e21 -  O.T."},
{"language_id": "3806916603", "book_id": "2205057063", "book_name": " \u0e40\u0e2d\u0e2a\u0e23\u0e32 ", "testament_id": "old-testament", "testament_name": "\u0e1e\u0e31\u0e19\u0e18\u0e2a\u0e31\u0e0d\u0e0d\u0e32\u0e40\u0e14\u0e34\u0e21 -  O.T."},
{"language_id": "3806916603", "book_id": "2073749374", "book_name": " \u0e40\u0e19\u0e2b\u0e30\u0e21\u0e35\u0e22\u0e4c ", "testament_id": "old-testament", "testament_name": "\u0e1e\u0e31\u0e19\u0e18\u0e2a\u0e31\u0e0d\u0e0d\u0e32\u0e40\u0e14\u0e34\u0e21 -  O.T."},
{"language_id": "3806916603", "book_id": "2872725394", "book_name": "\u0e40\u0e2d\u0e2a\u0e40\u0e18\u0e2d\u0e23\u0e4c", "testament_id": "old-testament", "testament_name": "\u0e1e\u0e31\u0e19\u0e18\u0e2a\u0e31\u0e0d\u0e0d\u0e32\u0e40\u0e14\u0e34\u0e21 -  O.T."},
{"language_id": "3806916603", "book_id": "3121203274", "book_name": "\u0e42\u0e22\u0e1a", "testament_id": "old-testament", "testament_name": "\u0e1e\u0e31\u0e19\u0e18\u0e2a\u0e31\u0e0d\u0e0d\u0e32\u0e40\u0e14\u0e34\u0e21 -  O.T."},
{"language_id": "3806916603", "book_id": "3117505286", "book_name": "\u0e2a\u0e14\u0e38\u0e14\u0e35", "testament_id": "old-testament", "testament_name": "\u0e1e\u0e31\u0e19\u0e18\u0e2a\u0e31\u0e0d\u0e0d\u0e32\u0e40\u0e14\u0e34\u0e21 -  O.T."},
{"language_id": "3806916603", "book_id": "774700319", "book_name": "\u0e2a\u0e38\u0e20\u0e32\u0e29\u0e34\u0e15", "testament_id": "old-testament", "testament_name": "\u0e1e\u0e31\u0e19\u0e18\u0e2a\u0e31\u0e0d\u0e0d\u0e32\u0e40\u0e14\u0e34\u0e21 -  O.T."},
{"language_id": "3806916603", "book_id": "3356761841", "book_name": "\u0e1b\u0e31\u0e0d\u0e0d\u0e32\u0e08\u0e32\u0e23\u0e22\u0e4c", "testament_id": "old-testament", "testament_name": "\u0e1e\u0e31\u0e19\u0e18\u0e2a\u0e31\u0e0d\u0e0d\u0e32\u0e40\u0e14\u0e34\u0e21 -  O.T."},
{"language_id": "3806916603", "book_id": "3107792406", "book_name": "\u0e40\u0e1e\u0e25\u0e07\u0e0b\u0e32\u0e42\u0e25\u0e21\u0e2d\u0e19", "testament_id": "old-testament", "testament_name": "\u0e1e\u0e31\u0e19\u0e18\u0e2a\u0e31\u0e0d\u0e0d\u0e32\u0e40\u0e14\u0e34\u0e21 -  O.T."},
{"language_id": "3806916603", "book_id": "1246956396", "book_name": "\u0e2d\u0e34\u0e2a\u0e22\u0e32\u0e2b\u0e4c ", "testament_id": "old-testament", "testament_name": "\u0e1e\u0e31\u0e19\u0e18\u0e2a\u0e31\u0e0d\u0e0d\u0e32\u0e40\u0e14\u0e34\u0e21 -  O.T."},
{"language_id": "3806916603", "book_id": "664386036", "book_name": "\u0e40\u0e22\u0e40\u0e23\u0e21\u0e35\u0e22\u0e4c", "testament_id": "old-testament", "testament_name": "\u0e1e\u0e31\u0e19\u0e18\u0e2a\u0e31\u0e0d\u0e0d\u0e32\u0e40\u0e14\u0e34\u0e21 -  O.T."},
{"language_id": "3806916603", "book_id": "3846191519", "book_name": "\u0e40\u0e1e\u0e25\u0e07\u0e04\u0e23\u0e48\u0e33\u0e04\u0e23\u0e27\u0e0d ", "testament_id": "old-testament", "testament_name": "\u0e1e\u0e31\u0e19\u0e18\u0e2a\u0e31\u0e0d\u0e0d\u0e32\u0e40\u0e14\u0e34\u0e21 -  O.T."},
{"language_id": "3806916603", "book_id": "1179485108", "book_name": "\u0e40\u0e2d\u0e40\u0e2a\u0e40\u0e04\u0e35\u0e22\u0e25", "testament_id": "old-testament", "testament_name": "\u0e1e\u0e31\u0e19\u0e18\u0e2a\u0e31\u0e0d\u0e0d\u0e32\u0e40\u0e14\u0e34\u0e21 -  O.T."},
{"language_id": "3806916603", "book_id": "1760928869", "book_name": "\u0e14\u0e32\u0e40\u0e19\u0e35\u0e22\u0e25", "testament_id": "old-testament", "testament_name": "\u0e1e\u0e31\u0e19\u0e18\u0e2a\u0e31\u0e0d\u0e0d\u0e32\u0e40\u0e14\u0e34\u0e21 -  O.T."},
{"language_id": "3806916603", "book_id": "742351345", "book_name": "\u0e42\u0e2e\u0e40\u0e0a\u0e22\u0e32", "testament_id": "old-testament", "testament_name": "\u0e1e\u0e31\u0e19\u0e18\u0e2a\u0e31\u0e0d\u0e0d\u0e32\u0e40\u0e14\u0e34\u0e21 -  O.T."},
{"language_id": "3806916603", "book_id": "3099627466", "book_name": "\u0e42\u0e22\u0e40\u0e2d\u0e25", "testament_id": "old-testament", "testament_name": "\u0e1e\u0e31\u0e19\u0e18\u0e2a\u0e31\u0e0d\u0e0d\u0e32\u0e40\u0e14\u0e34\u0e21 -  O.T."},
{"language_id": "3806916603", "book_id": "928843540", "book_name": "\u0e2d\u0e32\u0e42\u0e21\u0e2a", "testament_id": "old-testament", "testament_name": "\u0e1e\u0e31\u0e19\u0e18\u0e2a\u0e31\u0e0d\u0e0d\u0e32\u0e40\u0e14\u0e34\u0e21 -  O.T."},
{"language_id": "3806916603", "book_id": "1888136567", "book_name": "\u0e42\u0e2d\u0e1a\u0e32\u0e14\u0e35\u0e22\u0e4c", "testament_id": "old-testament", "testament_name": "\u0e1e\u0e31\u0e19\u0e18\u0e2a\u0e31\u0e0d\u0e0d\u0e32\u0e40\u0e14\u0e34\u0e21 -  O.T."},
{"language_id": "3806916603", "book_id": "1494722476", "book_name": "\u0e42\u0e22\u0e19\u0e32\u0e2b\u0e4c", "testament_id": "old-testament", "testament_name": "\u0e1e\u0e31\u0e19\u0e18\u0e2a\u0e31\u0e0d\u0e0d\u0e32\u0e40\u0e14\u0e34\u0e21 -  O.T."},
{"language_id": "3806916603", "book_id": "1556981196", "book_name": "\u0e21\u0e35\u0e04\u0e32\u0e2b\u0e4c", "testament_id": "old-testament", "testament_name": "\u0e1e\u0e31\u0e19\u0e18\u0e2a\u0e31\u0e0d\u0e0d\u0e32\u0e40\u0e14\u0e34\u0e21 -  O.T."},
{"language_id": "3806916603", "book_id": "2776160063", "book_name": "\u0e19\u0e32\u0e2e\u0e39\u0e21", "testament_id": "old-testament", "testament_name": "\u0e1e\u0e31\u0e19\u0e18\u0e2a\u0e31\u0e0d\u0e0d\u0e32\u0e40\u0e14\u0e34\u0e21 -  O.T."},
{"language_id": "3806916603", "book_id": "2187288317", "book_name": "\u0e2e\u0e30\u0e1a\u0e32\u0e01\u0e38\u0e01", "testament_id": "old-testament", "testament_name": "\u0e1e\u0e31\u0e19\u0e18\u0e2a\u0e31\u0e0d\u0e0d\u0e32\u0e40\u0e14\u0e34\u0e21 -  O.T."},
{"language_id": "3806916603", "book_id": "1438830356", "book_name": "\u0e40\u0e28\u0e1f\u0e31\u0e19\u0e22\u0e32\u0e2b\u0e4c", "testament_id": "old-testament", "testament_name": "\u0e1e\u0e31\u0e19\u0e18\u0e2a\u0e31\u0e0d\u0e0d\u0e32\u0e40\u0e14\u0e34\u0e21 -  O.T."},
{"language_id": "3806916603", "book_id": "143925429", "book_name": "\u0e2e\u0e31\u0e01\u0e01\u0e31\u0e22", "testament_id": "old-testament", "testament_name": "\u0e1e\u0e31\u0e19\u0e18\u0e2a\u0e31\u0e0d\u0e0d\u0e32\u0e40\u0e14\u0e34\u0e21 -  O.T."},
{"language_id": "3806916603", "book_id": "844267156", "book_name": "\u0e40\u0e28\u0e04\u0e32\u0e23\u0e34\u0e22\u0e32\u0e2b\u0e4c", "testament_id": "old-testament", "testament_name": "\u0e1e\u0e31\u0e19\u0e18\u0e2a\u0e31\u0e0d\u0e0d\u0e32\u0e40\u0e14\u0e34\u0e21 -  O.T."},
{"language_id": "3806916603", "book_id": "2923784758", "book_name": "\u0e21\u0e32\u0e25\u0e32\u0e04\u0e35", "testament_id": "old-testament", "testament_name": "\u0e1e\u0e31\u0e19\u0e18\u0e2a\u0e31\u0e0d\u0e0d\u0e32\u0e40\u0e14\u0e34\u0e21 -  O.T."},
{"language_id": "3806916603", "book_id": "1273044197", "book_name": "\u0e21\u0e31\u0e17\u0e18\u0e34\u0e27  ", "testament_id": "new-testament", "testament_name": "\u0e1e\u0e31\u0e19\u0e18\u0e2a\u0e31\u0e0d\u0e0d\u0e32\u0e43\u0e2b\u0e21\u0e48 -N.T."},
{"language_id": "3806916603", "book_id": "1584490547", "book_name": "\u0e21\u0e32\u0e23\u0e30\u0e42\u0e01", "testament_id": "new-testament", "testament_name": "\u0e1e\u0e31\u0e19\u0e18\u0e2a\u0e31\u0e0d\u0e0d\u0e32\u0e43\u0e2b\u0e21\u0e48 -N.T."},
{"language_id": "3806916603", "book_id": "33528472", "book_name": "\u0e25\u0e39\u0e01\u0e32", "testament_id": "new-testament", "testament_name": "\u0e1e\u0e31\u0e19\u0e18\u0e2a\u0e31\u0e0d\u0e0d\u0e32\u0e43\u0e2b\u0e21\u0e48 -N.T."},
{"language_id": "3806916603", "book_id": "2146354371", "book_name": "\u0e22\u0e2d\u0e2b\u0e4c\u0e19", "testament_id": "new-testament", "testament_name": "\u0e1e\u0e31\u0e19\u0e18\u0e2a\u0e31\u0e0d\u0e0d\u0e32\u0e43\u0e2b\u0e21\u0e48 -N.T."},
{"language_id": "3806916603", "book_id": "138011996", "book_name": "\u0e01\u0e34\u0e08\u0e01\u0e32\u0e23\u0e02\u0e2d\u0e07\u0e2d\u0e31\u0e04\u0e23\u0e17\u0e39\u0e15", "testament_id": "new-testament", "testament_name": "\u0e1e\u0e31\u0e19\u0e18\u0e2a\u0e31\u0e0d\u0e0d\u0e32\u0e43\u0e2b\u0e21\u0e48 -N.T."},
{"language_id": "3806916603", "book_id": "2683476248", "book_name": "\u0e42\u0e23\u0e21", "testament_id": "new-testament", "testament_name": "\u0e1e\u0e31\u0e19\u0e18\u0e2a\u0e31\u0e0d\u0e0d\u0e32\u0e43\u0e2b\u0e21\u0e48 -N.T."},
{"language_id": "3806916603", "book_id": "1980766326", "book_name": "1 \u0e42\u0e04\u0e23\u0e34\u0e19\u0e18\u0e4c ", "testament_id": "new-testament", "testament_name": "\u0e1e\u0e31\u0e19\u0e18\u0e2a\u0e31\u0e0d\u0e0d\u0e32\u0e43\u0e2b\u0e21\u0e48 -N.T."},
{"language_id": "3806916603", "book_id": "1906490476", "book_name": "2 \u0e42\u0e04\u0e23\u0e34\u0e19\u0e18\u0e4c", "testament_id": "new-testament", "testament_name": "\u0e1e\u0e31\u0e19\u0e18\u0e2a\u0e31\u0e0d\u0e0d\u0e32\u0e43\u0e2b\u0e21\u0e48 -N.T."},
{"language_id": "3806916603", "book_id": "1738599653", "book_name": "\u0e01\u0e32\u0e25\u0e32\u0e40\u0e17\u0e35\u0e22", "testament_id": "new-testament", "testament_name": "\u0e1e\u0e31\u0e19\u0e18\u0e2a\u0e31\u0e0d\u0e0d\u0e32\u0e43\u0e2b\u0e21\u0e48 -N.T."},
{"language_id": "3806916603", "book_id": "3121499222", "book_name": "\u0e40\u0e2d\u0e40\u0e1f\u0e0b\u0e31\u0e2a ", "testament_id": "new-testament", "testament_name": "\u0e1e\u0e31\u0e19\u0e18\u0e2a\u0e31\u0e0d\u0e0d\u0e32\u0e43\u0e2b\u0e21\u0e48 -N.T."},
{"language_id": "3806916603", "book_id": "4140658495", "book_name": "\u0e1f\u0e34\u0e25\u0e34\u0e1b\u0e1b\u0e35", "testament_id": "new-testament", "testament_name": "\u0e1e\u0e31\u0e19\u0e18\u0e2a\u0e31\u0e0d\u0e0d\u0e32\u0e43\u0e2b\u0e21\u0e48 -N.T."},
{"language_id": "3806916603", "book_id": "1592381647", "book_name": "\u0e42\u0e04\u0e42\u0e25\u0e2a\u0e35", "testament_id": "new-testament", "testament_name": "\u0e1e\u0e31\u0e19\u0e18\u0e2a\u0e31\u0e0d\u0e0d\u0e32\u0e43\u0e2b\u0e21\u0e48 -N.T."},
{"language_id": "3806916603", "book_id": "204014868", "book_name": "1 \u0e40\u0e18\u0e2a\u0e30\u0e42\u0e25\u0e19\u0e34\u0e01\u0e32", "testament_id": "new-testament", "testament_name": "\u0e1e\u0e31\u0e19\u0e18\u0e2a\u0e31\u0e0d\u0e0d\u0e32\u0e43\u0e2b\u0e21\u0e48 -N.T."},
{"language_id": "3806916603", "book_id": "356681254", "book_name": "2 \u0e40\u0e18\u0e2a\u0e30\u0e42\u0e25\u0e19\u0e34\u0e01\u0e32", "testament_id": "new-testament", "testament_name": "\u0e1e\u0e31\u0e19\u0e18\u0e2a\u0e31\u0e0d\u0e0d\u0e32\u0e43\u0e2b\u0e21\u0e48 -N.T."},
{"language_id": "3806916603", "book_id": "3931621860", "book_name": "1 \u0e17\u0e34\u0e42\u0e21\u0e18\u0e35 ", "testament_id": "new-testament", "testament_name": "\u0e1e\u0e31\u0e19\u0e18\u0e2a\u0e31\u0e0d\u0e0d\u0e32\u0e43\u0e2b\u0e21\u0e48 -N.T."},
{"language_id": "3806916603", "book_id": "805829678", "book_name": "2 \u0e17\u0e34\u0e42\u0e21\u0e18\u0e35", "testament_id": "new-testament", "testament_name": "\u0e1e\u0e31\u0e19\u0e18\u0e2a\u0e31\u0e0d\u0e0d\u0e32\u0e43\u0e2b\u0e21\u0e48 -N.T."},
{"language_id": "3806916603", "book_id": "775056547", "book_name": "\u0e17\u0e34\u0e15\u0e31\u0e2a", "testament_id": "new-testament", "testament_name": "\u0e1e\u0e31\u0e19\u0e18\u0e2a\u0e31\u0e0d\u0e0d\u0e32\u0e43\u0e2b\u0e21\u0e48 -N.T."},
{"language_id": "3806916603", "book_id": "3344614902", "book_name": "\u0e1f\u0e35\u0e40\u0e25\u0e42\u0e21\u0e19 ", "testament_id": "new-testament", "testament_name": "\u0e1e\u0e31\u0e19\u0e18\u0e2a\u0e31\u0e0d\u0e0d\u0e32\u0e43\u0e2b\u0e21\u0e48 -N.T."},
{"language_id": "3806916603", "book_id": "4168992475", "book_name": "\u0e2e\u0e35\u0e1a\u0e23\u0e39", "testament_id": "new-testament", "testament_name": "\u0e1e\u0e31\u0e19\u0e18\u0e2a\u0e31\u0e0d\u0e0d\u0e32\u0e43\u0e2b\u0e21\u0e48 -N.T."},
{"language_id": "3806916603", "book_id": "383929767", "book_name": "\u0e22\u0e32\u0e01\u0e2d\u0e1a", "testament_id": "new-testament", "testament_name": "\u0e1e\u0e31\u0e19\u0e18\u0e2a\u0e31\u0e0d\u0e0d\u0e32\u0e43\u0e2b\u0e21\u0e48 -N.T."},
{"language_id": "3806916603", "book_id": "709677893", "book_name": "1 \u0e40\u0e1b\u0e42\u0e15\u0e23", "testament_id": "new-testament", "testament_name": "\u0e1e\u0e31\u0e19\u0e18\u0e2a\u0e31\u0e0d\u0e0d\u0e32\u0e43\u0e2b\u0e21\u0e48 -N.T."},
{"language_id": "3806916603", "book_id": "3706032039", "book_name": "2 \u0e40\u0e1b\u0e42\u0e15\u0e23", "testament_id": "new-testament", "testament_name": "\u0e1e\u0e31\u0e19\u0e18\u0e2a\u0e31\u0e0d\u0e0d\u0e32\u0e43\u0e2b\u0e21\u0e48 -N.T."},
{"language_id": "3806916603", "book_id": "857290545", "book_name": "1 \u0e22\u0e2d\u0e2b\u0e4c\u0e19", "testament_id": "new-testament", "testament_name": "\u0e1e\u0e31\u0e19\u0e18\u0e2a\u0e31\u0e0d\u0e0d\u0e32\u0e43\u0e2b\u0e21\u0e48 -N.T."},
{"language_id": "3806916603", "book_id": "2756018147", "book_name": "2 \u0e22\u0e2d\u0e2b\u0e4c\u0e19", "testament_id": "new-testament", "testament_name": "\u0e1e\u0e31\u0e19\u0e18\u0e2a\u0e31\u0e0d\u0e0d\u0e32\u0e43\u0e2b\u0e21\u0e48 -N.T."},
{"language_id": "3806916603", "book_id": "2479263477", "book_name": "3 \u0e22\u0e2d\u0e2b\u0e4c\u0e19", "testament_id": "new-testament", "testament_name": "\u0e1e\u0e31\u0e19\u0e18\u0e2a\u0e31\u0e0d\u0e0d\u0e32\u0e43\u0e2b\u0e21\u0e48 -N.T."},
{"language_id": "3806916603", "book_id": "1952729019", "book_name": "\u0e22\u0e39\u0e14\u0e32 ", "testament_id": "new-testament", "testament_name": "\u0e1e\u0e31\u0e19\u0e18\u0e2a\u0e31\u0e0d\u0e0d\u0e32\u0e43\u0e2b\u0e21\u0e48 -N.T."},
{"language_id": "3806916603", "book_id": "1201164301", "book_name": "\u0e27\u0e34\u0e27\u0e23\u0e13\u0e4c", "testament_id": "new-testament", "testament_name": "\u0e1e\u0e31\u0e19\u0e18\u0e2a\u0e31\u0e0d\u0e0d\u0e32\u0e43\u0e2b\u0e21\u0e48 -N.T."}
]