[
{"language_id": "1703055152", "book_id": "2293848463", "book_name": " \u5275\u4e16\u8a18 ", "testament_id": "old-testament", "testament_name": "\u65e7\u7d04\u8056\u66f8 - O.T."},
{"language_id": "1703055152", "book_id": "2292718510", "book_name": " \u51fa\u30a8\u30b8\u30d7\u30c8\u8a18 ", "testament_id": "old-testament", "testament_name": "\u65e7\u7d04\u8056\u66f8 - O.T."},
{"language_id": "1703055152", "book_id": "455150041", "book_name": " \u30ec\u30d3\u8a18 ", "testament_id": "old-testament", "testament_name": "\u65e7\u7d04\u8056\u66f8 - O.T."},
{"language_id": "1703055152", "book_id": "1844451908", "book_name": " \u6c11\u6570\u8a18 ", "testament_id": "old-testament", "testament_name": "\u65e7\u7d04\u8056\u66f8 - O.T."},
{"language_id": "1703055152", "book_id": "3594643546", "book_name": " \u7533\u547d\u8a18", "testament_id": "old-testament", "testament_name": "\u65e7\u7d04\u8056\u66f8 - O.T."},
{"language_id": "1703055152", "book_id": "3098296675", "book_name": " \u30e8\u30b7\u30e5\u30a2\u8a18 ", "testament_id": "old-testament", "testament_name": "\u65e7\u7d04\u8056\u66f8 - O.T."},
{"language_id": "1703055152", "book_id": "2040575710", "book_name": " \u58eb\u5e2b\u8a18 ", "testament_id": "old-testament", "testament_name": "\u65e7\u7d04\u8056\u66f8 - O.T."},
{"language_id": "1703055152", "book_id": "1790520990", "book_name": " \u30eb\u30c4\u8a18 ", "testament_id": "old-testament", "testament_name": "\u65e7\u7d04\u8056\u66f8 - O.T."},
{"language_id": "1703055152", "book_id": "1336058916", "book_name": " \u30b5\u30e0\u30a8\u30eb\u8a18\u4e0a ", "testament_id": "old-testament", "testament_name": "\u65e7\u7d04\u8056\u66f8 - O.T."},
{"language_id": "1703055152", "book_id": "3846343081", "book_name": " \u30b5\u30e0\u30a8\u30eb\u8a18\u4e0b ", "testament_id": "old-testament", "testament_name": "\u65e7\u7d04\u8056\u66f8 - O.T."},
{"language_id": "1703055152", "book_id": "2205873091", "book_name": " \u5217\u738b\u8a18\u4e0a ", "testament_id": "old-testament", "testament_name": "\u65e7\u7d04\u8056\u66f8 - O.T."},
{"language_id": "1703055152", "book_id": "3278690737", "book_name": " \u5217\u738b\u8a18\u4e0b ", "testament_id": "old-testament", "testament_name": "\u65e7\u7d04\u8056\u66f8 - O.T."},
{"language_id": "1703055152", "book_id": "3555048750", "book_name": " \u4ee3\u8a8c\u4e0a ", "testament_id": "old-testament", "testament_name": "\u65e7\u7d04\u8056\u66f8 - O.T."},
{"language_id": "1703055152", "book_id": "2130649556", "book_name": " \u6b74\u4ee3\u8a8c\u4e0b", "testament_id": "old-testament", "testament_name": "\u65e7\u7d04\u8056\u66f8 - O.T."},
{"language_id": "1703055152", "book_id": "1172962742", "book_name": " \u30a8\u30ba\u30e9\u8a18 ", "testament_id": "old-testament", "testament_name": "\u65e7\u7d04\u8056\u66f8 - O.T."},
{"language_id": "1703055152", "book_id": "2674163296", "book_name": " \u30cd\u30d8\u30df\u30e4\u8a18", "testament_id": "old-testament", "testament_name": "\u65e7\u7d04\u8056\u66f8 - O.T."},
{"language_id": "1703055152", "book_id": "3268632647", "book_name": " \u30a8\u30b9\u30c6\u30eb\u8a18", "testament_id": "old-testament", "testament_name": "\u65e7\u7d04\u8056\u66f8 - O.T."},
{"language_id": "1703055152", "book_id": "2424223286", "book_name": " \u30e8\u30d6\u8a18", "testament_id": "old-testament", "testament_name": "\u65e7\u7d04\u8056\u66f8 - O.T."},
{"language_id": "1703055152", "book_id": "4066984376", "book_name": " \u8a69\u7de8 ", "testament_id": "old-testament", "testament_name": "\u65e7\u7d04\u8056\u66f8 - O.T."},
{"language_id": "1703055152", "book_id": "1325710931", "book_name": " \u7bb4\u8a00 ", "testament_id": "old-testament", "testament_name": "\u65e7\u7d04\u8056\u66f8 - O.T."},
{"language_id": "1703055152", "book_id": "774876538", "book_name": " \u30b3\u30d8\u30ec\u30c8\u306e\u8a00\u8449 ", "testament_id": "old-testament", "testament_name": "\u65e7\u7d04\u8056\u66f8 - O.T."},
{"language_id": "1703055152", "book_id": "2168111352", "book_name": " \u96c5\u6b4c", "testament_id": "old-testament", "testament_name": "\u65e7\u7d04\u8056\u66f8 - O.T."},
{"language_id": "1703055152", "book_id": "1741942206", "book_name": " \u30a4\u30b6\u30e4\u8a18 ", "testament_id": "old-testament", "testament_name": "\u65e7\u7d04\u8056\u66f8 - O.T."},
{"language_id": "1703055152", "book_id": "912677136", "book_name": " \u30a8\u30ec\u30df\u30e4\u8a18 ", "testament_id": "old-testament", "testament_name": "\u65e7\u7d04\u8056\u66f8 - O.T."},
{"language_id": "1703055152", "book_id": "2678123410", "book_name": " \u54c0\u6b4c ", "testament_id": "old-testament", "testament_name": "\u65e7\u7d04\u8056\u66f8 - O.T."},
{"language_id": "1703055152", "book_id": "2143930531", "book_name": " \u30a8\u30bc\u30ad\u30a8\u30eb\u8a18", "testament_id": "old-testament", "testament_name": "\u65e7\u7d04\u8056\u66f8 - O.T."},
{"language_id": "1703055152", "book_id": "3311935508", "book_name": " \u30c0\u30cb\u30a8\u30eb\u8a18", "testament_id": "old-testament", "testament_name": "\u65e7\u7d04\u8056\u66f8 - O.T."},
{"language_id": "1703055152", "book_id": "2056043445", "book_name": " \u30db\u30bb\u30a2\u8a18 ", "testament_id": "old-testament", "testament_name": "\u65e7\u7d04\u8056\u66f8 - O.T."},
{"language_id": "1703055152", "book_id": "3343164949", "book_name": " \u30e8\u30a8\u30eb\u8a18 ", "testament_id": "old-testament", "testament_name": "\u65e7\u7d04\u8056\u66f8 - O.T."},
{"language_id": "1703055152", "book_id": "118526663", "book_name": " \u30a2\u30e2\u30b9\u8a18", "testament_id": "old-testament", "testament_name": "\u65e7\u7d04\u8056\u66f8 - O.T."},
{"language_id": "1703055152", "book_id": "2337424300", "book_name": " \u30aa\u30d0\u30c7\u30a2\u8a18", "testament_id": "old-testament", "testament_name": "\u65e7\u7d04\u8056\u66f8 - O.T."},
{"language_id": "1703055152", "book_id": "808343362", "book_name": " \u30e8\u30ca\u8a18 ", "testament_id": "old-testament", "testament_name": "\u65e7\u7d04\u8056\u66f8 - O.T."},
{"language_id": "1703055152", "book_id": "224796481", "book_name": " \u30df\u30ab\u8a18 ", "testament_id": "old-testament", "testament_name": "\u65e7\u7d04\u8056\u66f8 - O.T."},
{"language_id": "1703055152", "book_id": "346882907", "book_name": " \u30ca\u30db\u30e0\u8a18 ", "testament_id": "old-testament", "testament_name": "\u65e7\u7d04\u8056\u66f8 - O.T."},
{"language_id": "1703055152", "book_id": "891026040", "book_name": " \u30cf\u30d0\u30af\u30af\u8a18 ", "testament_id": "old-testament", "testament_name": "\u65e7\u7d04\u8056\u66f8 - O.T."},
{"language_id": "1703055152", "book_id": "1115181807", "book_name": " \u30bc\u30d5\u30a1\u30cb\u30e4\u8a18 ", "testament_id": "old-testament", "testament_name": "\u65e7\u7d04\u8056\u66f8 - O.T."},
{"language_id": "1703055152", "book_id": "1215492802", "book_name": " \u30cf\u30ac\u30a4\u8a18 ", "testament_id": "old-testament", "testament_name": "\u65e7\u7d04\u8056\u66f8 - O.T."},
{"language_id": "1703055152", "book_id": "440782103", "book_name": " \u30bc\u30ab\u30ea\u30e4\u8a18 ", "testament_id": "old-testament", "testament_name": "\u65e7\u7d04\u8056\u66f8 - O.T."},
{"language_id": "1703055152", "book_id": "2588978533", "book_name": " \u30de\u30e9\u30ad\u8a18", "testament_id": "old-testament", "testament_name": "\u65e7\u7d04\u8056\u66f8 - O.T."},
{"language_id": "1703055152", "book_id": "196936740", "book_name": " \u30de\u30bf\u30a4\u306b\u3088\u308b\u798f\u97f3\u66f8 ", "testament_id": "new-testament", "testament_name": "\u65b0\u7d04\u8056\u66f8 - N.T."},
{"language_id": "1703055152", "book_id": "1165569718", "book_name": " \u30de\u30eb\u30b3\u306b\u3088\u308b\u798f\u97f3\u66f8 ", "testament_id": "new-testament", "testament_name": "\u65b0\u7d04\u8056\u66f8 - N.T."},
{"language_id": "1703055152", "book_id": "133455559", "book_name": " \u30eb\u30ab\u306b\u3088\u308b\u798f\u97f3\u66f8 ", "testament_id": "new-testament", "testament_name": "\u65b0\u7d04\u8056\u66f8 - N.T."},
{"language_id": "1703055152", "book_id": "1536051440", "book_name": " \u30e8\u30cf\u30cd\u306b\u3088\u308b\u798f\u97f3\u66f8 ", "testament_id": "new-testament", "testament_name": "\u65b0\u7d04\u8056\u66f8 - N.T."},
{"language_id": "1703055152", "book_id": "912626426", "book_name": " \u4f7f\u5f92\u8a00\u884c\u9332", "testament_id": "new-testament", "testament_name": "\u65b0\u7d04\u8056\u66f8 - N.T."},
{"language_id": "1703055152", "book_id": "2824406510", "book_name": " \u30ed\u30fc\u30de\u306e\u4fe1\u5f92\u3078\u306e\u624b\u7d19 ", "testament_id": "new-testament", "testament_name": "\u65b0\u7d04\u8056\u66f8 - N.T."},
{"language_id": "1703055152", "book_id": "3273389456", "book_name": " \u30b3\u30ea\u30f3\u30c8\u306e\u4fe1\u5f92\u3078\u306e\u624b\u7d19\u4e00 ", "testament_id": "new-testament", "testament_name": "\u65b0\u7d04\u8056\u66f8 - N.T."},
{"language_id": "1703055152", "book_id": "3362184273", "book_name": " \u30b3\u30ea\u30f3\u30c8\u306e\u4fe1\u5f92\u3078\u306e\u624b\u7d19\u4e8c ", "testament_id": "new-testament", "testament_name": "\u65b0\u7d04\u8056\u66f8 - N.T."},
{"language_id": "1703055152", "book_id": "1864326855", "book_name": " \u30ac\u30e9\u30c6\u30e4\u306e\u4fe1\u5f92\u3078\u306e\u624b\u7d19 ", "testament_id": "new-testament", "testament_name": "\u65b0\u7d04\u8056\u66f8 - N.T."},
{"language_id": "1703055152", "book_id": "2786206938", "book_name": " \u30a8\u30d5\u30a7\u30bd\u306e\u4fe1\u5f92\u3078\u306e\u624b\u7d19 ", "testament_id": "new-testament", "testament_name": "\u65b0\u7d04\u8056\u66f8 - N.T."},
{"language_id": "1703055152", "book_id": "3217544577", "book_name": " \u30d5\u30a3\u30ea\u30d4\u306e\u4fe1\u5f92\u3078\u306e\u624b\u7d19 ", "testament_id": "new-testament", "testament_name": "\u65b0\u7d04\u8056\u66f8 - N.T."},
{"language_id": "1703055152", "book_id": "1035789719", "book_name": " \u30b3\u30ed\u30b5\u30a4\u306e\u4fe1\u5f92\u3078\u306e\u624b\u7d19 ", "testament_id": "new-testament", "testament_name": "\u65b0\u7d04\u8056\u66f8 - N.T."},
{"language_id": "1703055152", "book_id": "3879420063", "book_name": " \u30c6\u30b5\u30ed\u30cb\u30b1\u306e\u4fe1\u5f92\u3078\u306e\u624b\u7d19\u4e00 ", "testament_id": "new-testament", "testament_name": "\u65b0\u7d04\u8056\u66f8 - N.T."},
{"language_id": "1703055152", "book_id": "3943978366", "book_name": " \u30c6\u30b5\u30ed\u30cb\u30b1\u306e\u4fe1\u5f92\u3078\u306e\u624b\u7d19\u4e8c ", "testament_id": "new-testament", "testament_name": "\u65b0\u7d04\u8056\u66f8 - N.T."},
{"language_id": "1703055152", "book_id": "3752440702", "book_name": " \u30c6\u30e2\u30c6\u3078\u306e\u624b\u7d19\u4e00 ", "testament_id": "new-testament", "testament_name": "\u65b0\u7d04\u8056\u66f8 - N.T."},
{"language_id": "1703055152", "book_id": "1546858639", "book_name": " \u30c6\u30e2\u30c6\u3078\u306e\u624b\u7d19\u4e8c ", "testament_id": "new-testament", "testament_name": "\u65b0\u7d04\u8056\u66f8 - N.T."},
{"language_id": "1703055152", "book_id": "552842397", "book_name": " \u30c6\u30c8\u30b9\u3078\u306e\u624b\u7d19 ", "testament_id": "new-testament", "testament_name": "\u65b0\u7d04\u8056\u66f8 - N.T."},
{"language_id": "1703055152", "book_id": "1032076772", "book_name": " \u30d5\u30a3\u30ec\u30e2\u30f3\u3078\u306e\u624b\u7d19", "testament_id": "new-testament", "testament_name": "\u65b0\u7d04\u8056\u66f8 - N.T."},
{"language_id": "1703055152", "book_id": "4149887949", "book_name": " \u30d8\u30d6\u30e9\u30a4\u4eba\u3078\u306e\u624b\u7d19 ", "testament_id": "new-testament", "testament_name": "\u65b0\u7d04\u8056\u66f8 - N.T."},
{"language_id": "1703055152", "book_id": "874342552", "book_name": " \u30e4\u30b3\u30d6\u306e\u624b\u7d19 ", "testament_id": "new-testament", "testament_name": "\u65b0\u7d04\u8056\u66f8 - N.T."},
{"language_id": "1703055152", "book_id": "3191332876", "book_name": " \u30da\u30c8\u30ed\u306e\u624b\u7d19\u4e00 ", "testament_id": "new-testament", "testament_name": "\u65b0\u7d04\u8056\u66f8 - N.T."},
{"language_id": "1703055152", "book_id": "3680014349", "book_name": " \u30da\u30c8\u30ed\u306e\u624b\u7d19\u4e8c ", "testament_id": "new-testament", "testament_name": "\u65b0\u7d04\u8056\u66f8 - N.T."},
{"language_id": "1703055152", "book_id": "2494460207", "book_name": " \u30e8\u30cf\u30cd\u306e\u624b\u7d19\u4e00 ", "testament_id": "new-testament", "testament_name": "\u65b0\u7d04\u8056\u66f8 - N.T."},
{"language_id": "1703055152", "book_id": "1138822334", "book_name": " \u30e8\u30cf\u30cd\u306e\u624b\u7d19\u4e8c ", "testament_id": "new-testament", "testament_name": "\u65b0\u7d04\u8056\u66f8 - N.T."},
{"language_id": "1703055152", "book_id": "485148740", "book_name": " \u30e8\u30cf\u30cd\u306e\u624b\u7d19\u4e09 ", "testament_id": "new-testament", "testament_name": "\u65b0\u7d04\u8056\u66f8 - N.T."},
{"language_id": "1703055152", "book_id": "1774693536", "book_name": " \u30e6\u30c0\u306e\u624b\u7d19", "testament_id": "new-testament", "testament_name": "\u65b0\u7d04\u8056\u66f8 - N.T."},
{"language_id": "1703055152", "book_id": "3943538948", "book_name": " \u30e8\u30cf\u30cd\u306e\u9ed9\u793a\u9332 ", "testament_id": "new-testament", "testament_name": "\u65b0\u7d04\u8056\u66f8 - N.T."}
]