[
{"language_id": "1114626099", "book_id": "3469553672", "book_name": "M\u00f3zes els\u0151 k\u00f6nyve  ", "testament_id": "old-testament", "testament_name": "\u00d3sz\u00f6vets\u00e9g - O.T. "},
{"language_id": "1114626099", "book_id": "166998630", "book_name": "M\u00f3zes m\u00e1sodik k\u00f6nyve  ", "testament_id": "old-testament", "testament_name": "\u00d3sz\u00f6vets\u00e9g - O.T. "},
{"language_id": "1114626099", "book_id": "2395066384", "book_name": "M\u00f3zes harmadik k\u00f6nyve ", "testament_id": "old-testament", "testament_name": "\u00d3sz\u00f6vets\u00e9g - O.T. "},
{"language_id": "1114626099", "book_id": "325224200", "book_name": "M\u00f3zes negyedik k\u00f6nyve  ", "testament_id": "old-testament", "testament_name": "\u00d3sz\u00f6vets\u00e9g - O.T. "},
{"language_id": "1114626099", "book_id": "1925161721", "book_name": "M\u00f3zes \u00f6t\u00f6dik k\u00f6nyve ", "testament_id": "old-testament", "testament_name": "\u00d3sz\u00f6vets\u00e9g - O.T. "},
{"language_id": "1114626099", "book_id": "2791985655", "book_name": "J\u00f3zsu\u00e9 ", "testament_id": "old-testament", "testament_name": "\u00d3sz\u00f6vets\u00e9g - O.T. "},
{"language_id": "1114626099", "book_id": "61366408", "book_name": "A b\u00edr\u00e1k ", "testament_id": "old-testament", "testament_name": "\u00d3sz\u00f6vets\u00e9g - O.T. "},
{"language_id": "1114626099", "book_id": "4241145850", "book_name": "Ruth ", "testament_id": "old-testament", "testament_name": "\u00d3sz\u00f6vets\u00e9g - O.T. "},
{"language_id": "1114626099", "book_id": "2960187112", "book_name": "S\u00e1muel els\u0151  ", "testament_id": "old-testament", "testament_name": "\u00d3sz\u00f6vets\u00e9g - O.T. "},
{"language_id": "1114626099", "book_id": "1979865321", "book_name": "S\u00e1muel m\u00e1sodik  ", "testament_id": "old-testament", "testament_name": "\u00d3sz\u00f6vets\u00e9g - O.T. "},
{"language_id": "1114626099", "book_id": "2210887791", "book_name": "A kir\u00e1lyok els\u0151  ", "testament_id": "old-testament", "testament_name": "\u00d3sz\u00f6vets\u00e9g - O.T. "},
{"language_id": "1114626099", "book_id": "1303914585", "book_name": "A kir\u00e1lyok m\u00e1sodik  ", "testament_id": "old-testament", "testament_name": "\u00d3sz\u00f6vets\u00e9g - O.T. "},
{"language_id": "1114626099", "book_id": "2034486065", "book_name": "A kr\u00f3nik\u00e1k els\u0151  ", "testament_id": "old-testament", "testament_name": "\u00d3sz\u00f6vets\u00e9g - O.T. "},
{"language_id": "1114626099", "book_id": "2166996483", "book_name": "A kr\u00f3nik\u00e1k m\u00e1sodik  ", "testament_id": "old-testament", "testament_name": "\u00d3sz\u00f6vets\u00e9g - O.T. "},
{"language_id": "1114626099", "book_id": "845271553", "book_name": "Ezsdr\u00e1s ", "testament_id": "old-testament", "testament_name": "\u00d3sz\u00f6vets\u00e9g - O.T. "},
{"language_id": "1114626099", "book_id": "217028786", "book_name": "Neh\u00e9mi\u00e1s  ", "testament_id": "old-testament", "testament_name": "\u00d3sz\u00f6vets\u00e9g - O.T. "},
{"language_id": "1114626099", "book_id": "502718368", "book_name": "Eszter ", "testament_id": "old-testament", "testament_name": "\u00d3sz\u00f6vets\u00e9g - O.T. "},
{"language_id": "1114626099", "book_id": "742731143", "book_name": "J\u00f3b  ", "testament_id": "old-testament", "testament_name": "\u00d3sz\u00f6vets\u00e9g - O.T. "},
{"language_id": "1114626099", "book_id": "2539926485", "book_name": "A zsolt\u00e1rok  ", "testament_id": "old-testament", "testament_name": "\u00d3sz\u00f6vets\u00e9g - O.T. "},
{"language_id": "1114626099", "book_id": "2443272675", "book_name": "A p\u00e9ldabesz\u00e9dek  ", "testament_id": "old-testament", "testament_name": "\u00d3sz\u00f6vets\u00e9g - O.T. "},
{"language_id": "1114626099", "book_id": "2110794326", "book_name": "A pr\u00e9dik\u00e1tor ", "testament_id": "old-testament", "testament_name": "\u00d3sz\u00f6vets\u00e9g - O.T. "},
{"language_id": "1114626099", "book_id": "2518898046", "book_name": "\u00c9nekek ", "testament_id": "old-testament", "testament_name": "\u00d3sz\u00f6vets\u00e9g - O.T. "},
{"language_id": "1114626099", "book_id": "3387600986", "book_name": "\u00c9zsai\u00e1s  ", "testament_id": "old-testament", "testament_name": "\u00d3sz\u00f6vets\u00e9g - O.T. "},
{"language_id": "1114626099", "book_id": "1961998845", "book_name": "Jeremi\u00e1s  ", "testament_id": "old-testament", "testament_name": "\u00d3sz\u00f6vets\u00e9g - O.T. "},
{"language_id": "1114626099", "book_id": "1333196488", "book_name": "Jeremi\u00e1s siralmai  ", "testament_id": "old-testament", "testament_name": "\u00d3sz\u00f6vets\u00e9g - O.T. "},
{"language_id": "1114626099", "book_id": "2254891640", "book_name": "Ez\u00e9kiel  ", "testament_id": "old-testament", "testament_name": "\u00d3sz\u00f6vets\u00e9g - O.T. "},
{"language_id": "1114626099", "book_id": "3489241235", "book_name": "D\u00e1niel  ", "testament_id": "old-testament", "testament_name": "\u00d3sz\u00f6vets\u00e9g - O.T. "},
{"language_id": "1114626099", "book_id": "2098548884", "book_name": "H\u00f3se\u00e1s  ", "testament_id": "old-testament", "testament_name": "\u00d3sz\u00f6vets\u00e9g - O.T. "},
{"language_id": "1114626099", "book_id": "2126952202", "book_name": "J\u00f3el ", "testament_id": "old-testament", "testament_name": "\u00d3sz\u00f6vets\u00e9g - O.T. "},
{"language_id": "1114626099", "book_id": "2845663708", "book_name": "\u00c1m\u00f3sz  ", "testament_id": "old-testament", "testament_name": "\u00d3sz\u00f6vets\u00e9g - O.T. "},
{"language_id": "1114626099", "book_id": "2712082435", "book_name": "Abdi\u00e1s  ", "testament_id": "old-testament", "testament_name": "\u00d3sz\u00f6vets\u00e9g - O.T. "},
{"language_id": "1114626099", "book_id": "91155817", "book_name": "J\u00f3n\u00e1s ", "testament_id": "old-testament", "testament_name": "\u00d3sz\u00f6vets\u00e9g - O.T. "},
{"language_id": "1114626099", "book_id": "1450351733", "book_name": "Mike\u00e1s  ", "testament_id": "old-testament", "testament_name": "\u00d3sz\u00f6vets\u00e9g - O.T. "},
{"language_id": "1114626099", "book_id": "1353118957", "book_name": "N\u00e1hum  ", "testament_id": "old-testament", "testament_name": "\u00d3sz\u00f6vets\u00e9g - O.T. "},
{"language_id": "1114626099", "book_id": "2927983000", "book_name": "Habakuk  ", "testament_id": "old-testament", "testament_name": "\u00d3sz\u00f6vets\u00e9g - O.T. "},
{"language_id": "1114626099", "book_id": "4190059957", "book_name": "Zof\u00f3ni\u00e1s  ", "testament_id": "old-testament", "testament_name": "\u00d3sz\u00f6vets\u00e9g - O.T. "},
{"language_id": "1114626099", "book_id": "107186571", "book_name": "Haggeus  ", "testament_id": "old-testament", "testament_name": "\u00d3sz\u00f6vets\u00e9g - O.T. "},
{"language_id": "1114626099", "book_id": "3317399562", "book_name": "Zakari\u00e1s ", "testament_id": "old-testament", "testament_name": "\u00d3sz\u00f6vets\u00e9g - O.T. "},
{"language_id": "1114626099", "book_id": "3473281010", "book_name": "Malaki\u00e1s ", "testament_id": "old-testament", "testament_name": "\u00d3sz\u00f6vets\u00e9g - O.T. "},
{"language_id": "1114626099", "book_id": "4082092540", "book_name": "M\u00e1t\u00e9  ", "testament_id": "new-testament", "testament_name": "\u00fajsz\u00f6vets\u00e9g - N.T. "},
{"language_id": "1114626099", "book_id": "733676509", "book_name": "M\u00e1rk  ", "testament_id": "new-testament", "testament_name": "\u00fajsz\u00f6vets\u00e9g - N.T. "},
{"language_id": "1114626099", "book_id": "2502199108", "book_name": "Luk\u00e1cs  ", "testament_id": "new-testament", "testament_name": "\u00fajsz\u00f6vets\u00e9g - N.T. "},
{"language_id": "1114626099", "book_id": "856914563", "book_name": "J\u00e1nos  ", "testament_id": "new-testament", "testament_name": "\u00fajsz\u00f6vets\u00e9g - N.T. "},
{"language_id": "1114626099", "book_id": "461704979", "book_name": "Az apostolok cselekedetei ", "testament_id": "new-testament", "testament_name": "\u00fajsz\u00f6vets\u00e9g - N.T. "},
{"language_id": "1114626099", "book_id": "2175842223", "book_name": "R\u00f3maiakhoz  ", "testament_id": "new-testament", "testament_name": "\u00fajsz\u00f6vets\u00e9g - N.T. "},
{"language_id": "1114626099", "book_id": "2349471203", "book_name": "1 korinthusiakhoz  ", "testament_id": "new-testament", "testament_name": "\u00fajsz\u00f6vets\u00e9g - N.T. "},
{"language_id": "1114626099", "book_id": "467891561", "book_name": "2 korinthusiakhoz  ", "testament_id": "new-testament", "testament_name": "\u00fajsz\u00f6vets\u00e9g - N.T. "},
{"language_id": "1114626099", "book_id": "1617139377", "book_name": "Galat\u00e1khoz  ", "testament_id": "new-testament", "testament_name": "\u00fajsz\u00f6vets\u00e9g - N.T. "},
{"language_id": "1114626099", "book_id": "3129870336", "book_name": "Efezusiakhoz  ", "testament_id": "new-testament", "testament_name": "\u00fajsz\u00f6vets\u00e9g - N.T. "},
{"language_id": "1114626099", "book_id": "1882764566", "book_name": "Filippiekhez  ", "testament_id": "new-testament", "testament_name": "\u00fajsz\u00f6vets\u00e9g - N.T. "},
{"language_id": "1114626099", "book_id": "1169545625", "book_name": "Koloss\u00e9iakhoz  ", "testament_id": "new-testament", "testament_name": "\u00fajsz\u00f6vets\u00e9g - N.T. "},
{"language_id": "1114626099", "book_id": "3929558601", "book_name": "1 Thesszalonikaiakhoz  ", "testament_id": "new-testament", "testament_name": "\u00fajsz\u00f6vets\u00e9g - N.T. "},
{"language_id": "1114626099", "book_id": "2461728907", "book_name": "2 Thesszalonikaiakhoz  ", "testament_id": "new-testament", "testament_name": "\u00fajsz\u00f6vets\u00e9g - N.T. "},
{"language_id": "1114626099", "book_id": "2939648888", "book_name": "1 Tim\u00f3teushoz  ", "testament_id": "new-testament", "testament_name": "\u00fajsz\u00f6vets\u00e9g - N.T. "},
{"language_id": "1114626099", "book_id": "1011772050", "book_name": "2 Tim\u00f3teushoz  ", "testament_id": "new-testament", "testament_name": "\u00fajsz\u00f6vets\u00e9g - N.T. "},
{"language_id": "1114626099", "book_id": "2770252946", "book_name": "Tituszhoz ", "testament_id": "new-testament", "testament_name": "\u00fajsz\u00f6vets\u00e9g - N.T. "},
{"language_id": "1114626099", "book_id": "3918009572", "book_name": "Filemonhoz ", "testament_id": "new-testament", "testament_name": "\u00fajsz\u00f6vets\u00e9g - N.T. "},
{"language_id": "1114626099", "book_id": "1822854641", "book_name": "Zsid\u00f3khoz  ", "testament_id": "new-testament", "testament_name": "\u00fajsz\u00f6vets\u00e9g - N.T. "},
{"language_id": "1114626099", "book_id": "3490464870", "book_name": "Jakab ", "testament_id": "new-testament", "testament_name": "\u00fajsz\u00f6vets\u00e9g - N.T. "},
{"language_id": "1114626099", "book_id": "2481313462", "book_name": "P\u00e9ter els\u0151 ", "testament_id": "new-testament", "testament_name": "\u00fajsz\u00f6vets\u00e9g - N.T. "},
{"language_id": "1114626099", "book_id": "139973690", "book_name": "P\u00e9ter m\u00e1sodik  ", "testament_id": "new-testament", "testament_name": "\u00fajsz\u00f6vets\u00e9g - N.T. "},
{"language_id": "1114626099", "book_id": "3120078851", "book_name": "J\u00e1nos els\u0151 ", "testament_id": "new-testament", "testament_name": "\u00fajsz\u00f6vets\u00e9g - N.T. "},
{"language_id": "1114626099", "book_id": "3299049663", "book_name": "J\u00e1nos m\u00e1sodik  ", "testament_id": "new-testament", "testament_name": "\u00fajsz\u00f6vets\u00e9g - N.T. "},
{"language_id": "1114626099", "book_id": "442065239", "book_name": "J\u00e1nos harmadik  ", "testament_id": "new-testament", "testament_name": "\u00fajsz\u00f6vets\u00e9g - N.T. "},
{"language_id": "1114626099", "book_id": "4187054892", "book_name": "J\u00fad\u00e1s", "testament_id": "new-testament", "testament_name": "\u00fajsz\u00f6vets\u00e9g - N.T. "},
{"language_id": "1114626099", "book_id": "845767476", "book_name": "Jelen\u00e9sek k\u00f6nyve", "testament_id": "new-testament", "testament_name": "\u00fajsz\u00f6vets\u00e9g - N.T. "}
]