[
{"language_id": "96251095", "book_id": "2719384229", "book_name": " 1. Moj\u017ei\u0161ova", "testament_id": "old-testament", "testament_name": "star\u00fd z\u00e1kon - O.T."},
{"language_id": "96251095", "book_id": "2311401365", "book_name": " 2. Moj\u017ei\u0161ova", "testament_id": "old-testament", "testament_name": "star\u00fd z\u00e1kon - O.T."},
{"language_id": "96251095", "book_id": "1524893173", "book_name": " 3. Moj\u017ei\u0161ova", "testament_id": "old-testament", "testament_name": "star\u00fd z\u00e1kon - O.T."},
{"language_id": "96251095", "book_id": "2363882181", "book_name": " 4. Moj\u017ei\u0161ova", "testament_id": "old-testament", "testament_name": "star\u00fd z\u00e1kon - O.T."},
{"language_id": "96251095", "book_id": "357029621", "book_name": " 5. Moj\u017ei\u0161ova", "testament_id": "old-testament", "testament_name": "star\u00fd z\u00e1kon - O.T."},
{"language_id": "96251095", "book_id": "3495936320", "book_name": " J\u00f3zua", "testament_id": "old-testament", "testament_name": "star\u00fd z\u00e1kon - O.T."},
{"language_id": "96251095", "book_id": "1283051942", "book_name": " Sudcov", "testament_id": "old-testament", "testament_name": "star\u00fd z\u00e1kon - O.T."},
{"language_id": "96251095", "book_id": "3261957065", "book_name": " R\u00fat", "testament_id": "old-testament", "testament_name": "star\u00fd z\u00e1kon - O.T."},
{"language_id": "96251095", "book_id": "4260099372", "book_name": " 1. Samuelova", "testament_id": "old-testament", "testament_name": "star\u00fd z\u00e1kon - O.T."},
{"language_id": "96251095", "book_id": "423376923", "book_name": " 2. Samuelova", "testament_id": "old-testament", "testament_name": "star\u00fd z\u00e1kon - O.T."},
{"language_id": "96251095", "book_id": "1653758834", "book_name": " 1. Kr\u00e1lovsk\u00e1", "testament_id": "old-testament", "testament_name": "star\u00fd z\u00e1kon - O.T."},
{"language_id": "96251095", "book_id": "2216701218", "book_name": " 2. Kr\u00e1lovsk\u00e1", "testament_id": "old-testament", "testament_name": "star\u00fd z\u00e1kon - O.T."},
{"language_id": "96251095", "book_id": "3238420284", "book_name": " 1. Kronick\u00e1", "testament_id": "old-testament", "testament_name": "star\u00fd z\u00e1kon - O.T."},
{"language_id": "96251095", "book_id": "188433560", "book_name": " 2. Kronick\u00e1", "testament_id": "old-testament", "testament_name": "star\u00fd z\u00e1kon - O.T."},
{"language_id": "96251095", "book_id": "2231368500", "book_name": " Ezdr\u00e1\u0161", "testament_id": "old-testament", "testament_name": "star\u00fd z\u00e1kon - O.T."},
{"language_id": "96251095", "book_id": "3556066604", "book_name": " Nehemi\u00e1\u0161", "testament_id": "old-testament", "testament_name": "star\u00fd z\u00e1kon - O.T."},
{"language_id": "96251095", "book_id": "4058132514", "book_name": " Ester", "testament_id": "old-testament", "testament_name": "star\u00fd z\u00e1kon - O.T."},
{"language_id": "96251095", "book_id": "2121545495", "book_name": " J\u00f3b", "testament_id": "old-testament", "testament_name": "star\u00fd z\u00e1kon - O.T."},
{"language_id": "96251095", "book_id": "372296929", "book_name": " \u017dalmy ", "testament_id": "old-testament", "testament_name": "star\u00fd z\u00e1kon - O.T."},
{"language_id": "96251095", "book_id": "759459834", "book_name": " Pr\u00edslovia ", "testament_id": "old-testament", "testament_name": "star\u00fd z\u00e1kon - O.T."},
{"language_id": "96251095", "book_id": "2134346158", "book_name": " Kazatel ", "testament_id": "old-testament", "testament_name": "star\u00fd z\u00e1kon - O.T."},
{"language_id": "96251095", "book_id": "1900827421", "book_name": " Piese\u00f2", "testament_id": "old-testament", "testament_name": "star\u00fd z\u00e1kon - O.T."},
{"language_id": "96251095", "book_id": "157175407", "book_name": " Izai\u00e1\u0161 ", "testament_id": "old-testament", "testament_name": "star\u00fd z\u00e1kon - O.T."},
{"language_id": "96251095", "book_id": "1992118975", "book_name": " Jeremi\u00e1\u0161", "testament_id": "old-testament", "testament_name": "star\u00fd z\u00e1kon - O.T."},
{"language_id": "96251095", "book_id": "3128454631", "book_name": " Pla\u00e8", "testament_id": "old-testament", "testament_name": "star\u00fd z\u00e1kon - O.T."},
{"language_id": "96251095", "book_id": "769912548", "book_name": " Ezechiel", "testament_id": "old-testament", "testament_name": "star\u00fd z\u00e1kon - O.T."},
{"language_id": "96251095", "book_id": "1712446403", "book_name": " Daniel", "testament_id": "old-testament", "testament_name": "star\u00fd z\u00e1kon - O.T."},
{"language_id": "96251095", "book_id": "2001835255", "book_name": " Hoze\u00e1\u0161", "testament_id": "old-testament", "testament_name": "star\u00fd z\u00e1kon - O.T."},
{"language_id": "96251095", "book_id": "2246908798", "book_name": " Joel", "testament_id": "old-testament", "testament_name": "star\u00fd z\u00e1kon - O.T."},
{"language_id": "96251095", "book_id": "2668604234", "book_name": " \u00c1mos", "testament_id": "old-testament", "testament_name": "star\u00fd z\u00e1kon - O.T."},
{"language_id": "96251095", "book_id": "2752140538", "book_name": " Obadi\u00e1\u0161", "testament_id": "old-testament", "testament_name": "star\u00fd z\u00e1kon - O.T."},
{"language_id": "96251095", "book_id": "426115103", "book_name": " Jon\u00e1\u0161", "testament_id": "old-testament", "testament_name": "star\u00fd z\u00e1kon - O.T."},
{"language_id": "96251095", "book_id": "94222647", "book_name": " Miche\u00e1\u0161", "testament_id": "old-testament", "testament_name": "star\u00fd z\u00e1kon - O.T."},
{"language_id": "96251095", "book_id": "3808191085", "book_name": " N\u00e1hum", "testament_id": "old-testament", "testament_name": "star\u00fd z\u00e1kon - O.T."},
{"language_id": "96251095", "book_id": "2556139024", "book_name": " Habakuk", "testament_id": "old-testament", "testament_name": "star\u00fd z\u00e1kon - O.T."},
{"language_id": "96251095", "book_id": "3728275374", "book_name": " Sofoni\u00e1\u0161", "testament_id": "old-testament", "testament_name": "star\u00fd z\u00e1kon - O.T."},
{"language_id": "96251095", "book_id": "1112809043", "book_name": " Haggeus", "testament_id": "old-testament", "testament_name": "star\u00fd z\u00e1kon - O.T."},
{"language_id": "96251095", "book_id": "3745266320", "book_name": " Zachari\u00e1\u0161", "testament_id": "old-testament", "testament_name": "star\u00fd z\u00e1kon - O.T."},
{"language_id": "96251095", "book_id": "1124298024", "book_name": " Malachi\u00e1\u0161", "testament_id": "old-testament", "testament_name": "star\u00fd z\u00e1kon - O.T."},
{"language_id": "96251095", "book_id": "1988561046", "book_name": " Matou\u0161 ", "testament_id": "new-testament", "testament_name": "nov\u00fd z\u00e1kon - N.T."},
{"language_id": "96251095", "book_id": "1549989180", "book_name": " Marek ", "testament_id": "new-testament", "testament_name": "nov\u00fd z\u00e1kon - N.T."},
{"language_id": "96251095", "book_id": "392162297", "book_name": " Luk\u00e1\u0161 ", "testament_id": "new-testament", "testament_name": "nov\u00fd z\u00e1kon - N.T."},
{"language_id": "96251095", "book_id": "2783677879", "book_name": " Jan ", "testament_id": "new-testament", "testament_name": "nov\u00fd z\u00e1kon - N.T."},
{"language_id": "96251095", "book_id": "4107644737", "book_name": " Skutky Apo\u0161tol\u016f", "testament_id": "new-testament", "testament_name": "nov\u00fd z\u00e1kon - N.T."},
{"language_id": "96251095", "book_id": "976232929", "book_name": " \u0158\u00edman\u016fm ", "testament_id": "new-testament", "testament_name": "nov\u00fd z\u00e1kon - N.T."},
{"language_id": "96251095", "book_id": "1350264755", "book_name": " 1 Korintsk\u00fdm ", "testament_id": "new-testament", "testament_name": "nov\u00fd z\u00e1kon - N.T."},
{"language_id": "96251095", "book_id": "1121286193", "book_name": " 2 Korintsk\u00fdm ", "testament_id": "new-testament", "testament_name": "nov\u00fd z\u00e1kon - N.T."},
{"language_id": "96251095", "book_id": "3290053010", "book_name": " Galatsk\u00fdm ", "testament_id": "new-testament", "testament_name": "nov\u00fd z\u00e1kon - N.T."},
{"language_id": "96251095", "book_id": "4262305920", "book_name": " Efezsk\u00fdm ", "testament_id": "new-testament", "testament_name": "nov\u00fd z\u00e1kon - N.T."},
{"language_id": "96251095", "book_id": "3709023878", "book_name": " Filipsk\u00fdm ", "testament_id": "new-testament", "testament_name": "nov\u00fd z\u00e1kon - N.T."},
{"language_id": "96251095", "book_id": "714309706", "book_name": " Kolosk\u00fdm ", "testament_id": "new-testament", "testament_name": "nov\u00fd z\u00e1kon - N.T."},
{"language_id": "96251095", "book_id": "3450290624", "book_name": " 1 Tesalonick\u00fdm ", "testament_id": "new-testament", "testament_name": "nov\u00fd z\u00e1kon - N.T."},
{"language_id": "96251095", "book_id": "199629386", "book_name": " 2 Tesalonick\u00fdm ", "testament_id": "new-testament", "testament_name": "nov\u00fd z\u00e1kon - N.T."},
{"language_id": "96251095", "book_id": "4287527147", "book_name": " 1 Timoteovi ", "testament_id": "new-testament", "testament_name": "nov\u00fd z\u00e1kon - N.T."},
{"language_id": "96251095", "book_id": "2560704969", "book_name": " 2 Timoteovi ", "testament_id": "new-testament", "testament_name": "nov\u00fd z\u00e1kon - N.T."},
{"language_id": "96251095", "book_id": "1705545295", "book_name": " Titovi ", "testament_id": "new-testament", "testament_name": "nov\u00fd z\u00e1kon - N.T."},
{"language_id": "96251095", "book_id": "709845085", "book_name": " Filemonovi", "testament_id": "new-testament", "testament_name": "nov\u00fd z\u00e1kon - N.T."},
{"language_id": "96251095", "book_id": "3429837462", "book_name": " \u017did\u016fm ", "testament_id": "new-testament", "testament_name": "nov\u00fd z\u00e1kon - N.T."},
{"language_id": "96251095", "book_id": "662037431", "book_name": " Jakub\u016fv ", "testament_id": "new-testament", "testament_name": "nov\u00fd z\u00e1kon - N.T."},
{"language_id": "96251095", "book_id": "1496612892", "book_name": " 1 Petr\u016fv ", "testament_id": "new-testament", "testament_name": "nov\u00fd z\u00e1kon - N.T."},
{"language_id": "96251095", "book_id": "275846214", "book_name": " 2 Petr\u016fv ", "testament_id": "new-testament", "testament_name": "nov\u00fd z\u00e1kon - N.T."},
{"language_id": "96251095", "book_id": "3964013608", "book_name": " 1 Jan\u016fv ", "testament_id": "new-testament", "testament_name": "nov\u00fd z\u00e1kon - N.T."},
{"language_id": "96251095", "book_id": "863817746", "book_name": " 2 Jan\u016fv ", "testament_id": "new-testament", "testament_name": "nov\u00fd z\u00e1kon - N.T."},
{"language_id": "96251095", "book_id": "2822685868", "book_name": " 3 Jan\u016fv ", "testament_id": "new-testament", "testament_name": "nov\u00fd z\u00e1kon - N.T."},
{"language_id": "96251095", "book_id": "469784144", "book_name": " Jud\u016fv", "testament_id": "new-testament", "testament_name": "nov\u00fd z\u00e1kon - N.T."},
{"language_id": "96251095", "book_id": "688553995", "book_name": " Zjeven\u00ed Janovo", "testament_id": "new-testament", "testament_name": "nov\u00fd z\u00e1kon - N.T."}
]