[
{"language_id": "371612943", "book_id": "3467141888", "book_name": " \u0986\u09a6\u09bf\u09aa\u09c1\u09b8\u09cd\u09a4\u0995 ", "testament_id": "old-testament", "testament_name": " \u09aa\u09c1\u09b0\u09be\u09a8\u09cb \u0987\u099a\u09cd\u099b\u09be\u09aa\u09a4\u09cd\u09b0 - O.T."},
{"language_id": "371612943", "book_id": "592525690", "book_name": " \u09af\u09be\u09a4\u09cd\u09b0\u09be\u09aa\u09c1\u09b8\u09cd\u09a4\u0995 ", "testament_id": "old-testament", "testament_name": " \u09aa\u09c1\u09b0\u09be\u09a8\u09cb \u0987\u099a\u09cd\u099b\u09be\u09aa\u09a4\u09cd\u09b0 - O.T."},
{"language_id": "371612943", "book_id": "69207259", "book_name": "  \u09b2\u09c7\u09ac\u09c0\u09af\u09bc \u09aa\u09c1\u09b8\u09cd\u09a4\u0995  ", "testament_id": "old-testament", "testament_name": " \u09aa\u09c1\u09b0\u09be\u09a8\u09cb \u0987\u099a\u09cd\u099b\u09be\u09aa\u09a4\u09cd\u09b0 - O.T."},
{"language_id": "371612943", "book_id": "3041296368", "book_name": " \u0997\u09a3\u09a8\u09be \u09aa\u09c1\u09b8\u09cd\u09a4\u0995  ", "testament_id": "old-testament", "testament_name": " \u09aa\u09c1\u09b0\u09be\u09a8\u09cb \u0987\u099a\u09cd\u099b\u09be\u09aa\u09a4\u09cd\u09b0 - O.T."},
{"language_id": "371612943", "book_id": "3159179779", "book_name": " \u09a6\u09cd\u09ac\u09bf\u09a4\u09c0\u09af\u09bc \u09ac\u09bf\u09ac\u09b0\u09a3 ", "testament_id": "old-testament", "testament_name": " \u09aa\u09c1\u09b0\u09be\u09a8\u09cb \u0987\u099a\u09cd\u099b\u09be\u09aa\u09a4\u09cd\u09b0 - O.T."},
{"language_id": "371612943", "book_id": "120414733", "book_name": " \u09af\u09cb\u09b6\u09c1\u09af\u09bc\u09be ", "testament_id": "old-testament", "testament_name": " \u09aa\u09c1\u09b0\u09be\u09a8\u09cb \u0987\u099a\u09cd\u099b\u09be\u09aa\u09a4\u09cd\u09b0 - O.T."},
{"language_id": "371612943", "book_id": "836007593", "book_name": " \u09ac\u09bf\u099a\u09be\u09b0\u0995\u099a\u09b0\u09bf\u09a4 ", "testament_id": "old-testament", "testament_name": " \u09aa\u09c1\u09b0\u09be\u09a8\u09cb \u0987\u099a\u09cd\u099b\u09be\u09aa\u09a4\u09cd\u09b0 - O.T."},
{"language_id": "371612943", "book_id": "2224101273", "book_name": " \u09b0\u09c1\u09a5 ", "testament_id": "old-testament", "testament_name": " \u09aa\u09c1\u09b0\u09be\u09a8\u09cb \u0987\u099a\u09cd\u099b\u09be\u09aa\u09a4\u09cd\u09b0 - O.T."},
{"language_id": "371612943", "book_id": "2673182384", "book_name": " \u09b8\u09be\u09ae\u09c1\u09af\u09bc\u09c7\u09b2 \u09e7 ", "testament_id": "old-testament", "testament_name": " \u09aa\u09c1\u09b0\u09be\u09a8\u09cb \u0987\u099a\u09cd\u099b\u09be\u09aa\u09a4\u09cd\u09b0 - O.T."},
{"language_id": "371612943", "book_id": "3324375827", "book_name": " \u09b8\u09be\u09ae\u09c1\u09af\u09bc\u09c7\u09b2 \u09e8 ", "testament_id": "old-testament", "testament_name": " \u09aa\u09c1\u09b0\u09be\u09a8\u09cb \u0987\u099a\u09cd\u099b\u09be\u09aa\u09a4\u09cd\u09b0 - O.T."},
{"language_id": "371612943", "book_id": "1093023679", "book_name": " \u09b0\u09be\u099c\u09be\u09ac\u09b2\u09bf \u09e7 ", "testament_id": "old-testament", "testament_name": " \u09aa\u09c1\u09b0\u09be\u09a8\u09cb \u0987\u099a\u09cd\u099b\u09be\u09aa\u09a4\u09cd\u09b0 - O.T."},
{"language_id": "371612943", "book_id": "4007082883", "book_name": " \u09b0\u09be\u099c\u09be\u09ac\u09b2\u09bf \u09e8  ", "testament_id": "old-testament", "testament_name": " \u09aa\u09c1\u09b0\u09be\u09a8\u09cb \u0987\u099a\u09cd\u099b\u09be\u09aa\u09a4\u09cd\u09b0 - O.T."},
{"language_id": "371612943", "book_id": "2283918135", "book_name": " \u09ac\u0982\u09b6\u09be\u09ac\u09b2\u09bf \u09e7 ", "testament_id": "old-testament", "testament_name": " \u09aa\u09c1\u09b0\u09be\u09a8\u09cb \u0987\u099a\u09cd\u099b\u09be\u09aa\u09a4\u09cd\u09b0 - O.T."},
{"language_id": "371612943", "book_id": "3950717719", "book_name": " \u09ac\u0982\u09b6\u09be\u09ac\u09b2\u09bf \u09e8 ", "testament_id": "old-testament", "testament_name": " \u09aa\u09c1\u09b0\u09be\u09a8\u09cb \u0987\u099a\u09cd\u099b\u09be\u09aa\u09a4\u09cd\u09b0 - O.T."},
{"language_id": "371612943", "book_id": "1449287672", "book_name": " \u098f\u099c\u09b0\u09be ", "testament_id": "old-testament", "testament_name": " \u09aa\u09c1\u09b0\u09be\u09a8\u09cb \u0987\u099a\u09cd\u099b\u09be\u09aa\u09a4\u09cd\u09b0 - O.T."},
{"language_id": "371612943", "book_id": "2383778495", "book_name": " \u09a8\u09c7\u09b9\u09c7\u09ae\u09bf\u09af\u09bc\u09be  ", "testament_id": "old-testament", "testament_name": " \u09aa\u09c1\u09b0\u09be\u09a8\u09cb \u0987\u099a\u09cd\u099b\u09be\u09aa\u09a4\u09cd\u09b0 - O.T."},
{"language_id": "371612943", "book_id": "2469558038", "book_name": " \u098f\u09b8\u09cd\u09a5\u09be\u09b0 ", "testament_id": "old-testament", "testament_name": " \u09aa\u09c1\u09b0\u09be\u09a8\u09cb \u0987\u099a\u09cd\u099b\u09be\u09aa\u09a4\u09cd\u09b0 - O.T."},
{"language_id": "371612943", "book_id": "3384666672", "book_name": "  \u09af\u09cb\u09ac ", "testament_id": "old-testament", "testament_name": " \u09aa\u09c1\u09b0\u09be\u09a8\u09cb \u0987\u099a\u09cd\u099b\u09be\u09aa\u09a4\u09cd\u09b0 - O.T."},
{"language_id": "371612943", "book_id": "546311166", "book_name": " \u09b8\u09be\u09ae\u09b8\u0999\u09cd\u0997\u09c0\u09a4 ", "testament_id": "old-testament", "testament_name": " \u09aa\u09c1\u09b0\u09be\u09a8\u09cb \u0987\u099a\u09cd\u099b\u09be\u09aa\u09a4\u09cd\u09b0 - O.T."},
{"language_id": "371612943", "book_id": "501940266", "book_name": " \u09aa\u09cd\u09b0\u09ac\u099a\u09a8 ", "testament_id": "old-testament", "testament_name": " \u09aa\u09c1\u09b0\u09be\u09a8\u09cb \u0987\u099a\u09cd\u099b\u09be\u09aa\u09a4\u09cd\u09b0 - O.T."},
{"language_id": "371612943", "book_id": "221855655", "book_name": " \u0989\u09aa\u09a6\u09c7\u09b6\u0995 ", "testament_id": "old-testament", "testament_name": " \u09aa\u09c1\u09b0\u09be\u09a8\u09cb \u0987\u099a\u09cd\u099b\u09be\u09aa\u09a4\u09cd\u09b0 - O.T."},
{"language_id": "371612943", "book_id": "2519445998", "book_name": " \u09aa\u09b0\u09ae \u0997\u09c0\u09a4   ", "testament_id": "old-testament", "testament_name": " \u09aa\u09c1\u09b0\u09be\u09a8\u09cb \u0987\u099a\u09cd\u099b\u09be\u09aa\u09a4\u09cd\u09b0 - O.T."},
{"language_id": "371612943", "book_id": "283798687", "book_name": " \u0987\u09b8\u09be\u0987\u09af\u09bc\u09be  ", "testament_id": "old-testament", "testament_name": " \u09aa\u09c1\u09b0\u09be\u09a8\u09cb \u0987\u099a\u09cd\u099b\u09be\u09aa\u09a4\u09cd\u09b0 - O.T."},
{"language_id": "371612943", "book_id": "2140093660", "book_name": " \u09af\u09c7\u09b0\u09c7\u09ae\u09bf\u09af\u09bc\u09be ", "testament_id": "old-testament", "testament_name": " \u09aa\u09c1\u09b0\u09be\u09a8\u09cb \u0987\u099a\u09cd\u099b\u09be\u09aa\u09a4\u09cd\u09b0 - O.T."},
{"language_id": "371612943", "book_id": "749664860", "book_name": " \u09ac\u09bf\u09b2\u09be\u09aa-\u0997\u09be\u09a5\u09be  ", "testament_id": "old-testament", "testament_name": " \u09aa\u09c1\u09b0\u09be\u09a8\u09cb \u0987\u099a\u09cd\u099b\u09be\u09aa\u09a4\u09cd\u09b0 - O.T."},
{"language_id": "371612943", "book_id": "3040192233", "book_name": " \u098f\u099c\u09c7\u0995\u09bf\u09af\u09bc\u09c7\u09b2  ", "testament_id": "old-testament", "testament_name": " \u09aa\u09c1\u09b0\u09be\u09a8\u09cb \u0987\u099a\u09cd\u099b\u09be\u09aa\u09a4\u09cd\u09b0 - O.T."},
{"language_id": "371612943", "book_id": "2408227321", "book_name": " \u09a6\u09be\u09a8\u09bf\u09af\u09bc\u09c7\u09b2 ", "testament_id": "old-testament", "testament_name": " \u09aa\u09c1\u09b0\u09be\u09a8\u09cb \u0987\u099a\u09cd\u099b\u09be\u09aa\u09a4\u09cd\u09b0 - O.T."},
{"language_id": "371612943", "book_id": "2165904871", "book_name": " \u09b9\u09cb\u09b8\u09c7\u09af\u09bc\u09be ", "testament_id": "old-testament", "testament_name": " \u09aa\u09c1\u09b0\u09be\u09a8\u09cb \u0987\u099a\u09cd\u099b\u09be\u09aa\u09a4\u09cd\u09b0 - O.T."},
{"language_id": "371612943", "book_id": "3747150272", "book_name": " \u09af\u09cb\u09af\u09bc\u09c7\u09b2 ", "testament_id": "old-testament", "testament_name": " \u09aa\u09c1\u09b0\u09be\u09a8\u09cb \u0987\u099a\u09cd\u099b\u09be\u09aa\u09a4\u09cd\u09b0 - O.T."},
{"language_id": "371612943", "book_id": "1276045949", "book_name": " \u0986\u09ae\u09cb\u09b8 ", "testament_id": "old-testament", "testament_name": " \u09aa\u09c1\u09b0\u09be\u09a8\u09cb \u0987\u099a\u09cd\u099b\u09be\u09aa\u09a4\u09cd\u09b0 - O.T."},
{"language_id": "371612943", "book_id": "1942969878", "book_name": " \u0993\u09ac\u09be\u09a6\u09bf\u09af\u09bc\u09be  ", "testament_id": "old-testament", "testament_name": " \u09aa\u09c1\u09b0\u09be\u09a8\u09cb \u0987\u099a\u09cd\u099b\u09be\u09aa\u09a4\u09cd\u09b0 - O.T."},
{"language_id": "371612943", "book_id": "629936938", "book_name": " \u09af\u09cb\u09a8\u09be ", "testament_id": "old-testament", "testament_name": " \u09aa\u09c1\u09b0\u09be\u09a8\u09cb \u0987\u099a\u09cd\u099b\u09be\u09aa\u09a4\u09cd\u09b0 - O.T."},
{"language_id": "371612943", "book_id": "3843243352", "book_name": " \u09ae\u09bf\u0996\u09be ", "testament_id": "old-testament", "testament_name": " \u09aa\u09c1\u09b0\u09be\u09a8\u09cb \u0987\u099a\u09cd\u099b\u09be\u09aa\u09a4\u09cd\u09b0 - O.T."},
{"language_id": "371612943", "book_id": "2785840742", "book_name": " \u09a8\u09be\u09b9\u09c1\u09ae ", "testament_id": "old-testament", "testament_name": " \u09aa\u09c1\u09b0\u09be\u09a8\u09cb \u0987\u099a\u09cd\u099b\u09be\u09aa\u09a4\u09cd\u09b0 - O.T."},
{"language_id": "371612943", "book_id": "3267105423", "book_name": " \u09b9\u09be\u09ac\u09be\u0995\u09c1\u0995  ", "testament_id": "old-testament", "testament_name": " \u09aa\u09c1\u09b0\u09be\u09a8\u09cb \u0987\u099a\u09cd\u099b\u09be\u09aa\u09a4\u09cd\u09b0 - O.T."},
{"language_id": "371612943", "book_id": "3048939704", "book_name": " \u099c\u09c7\u09ab\u09be\u09a8\u09bf\u09af\u09bc\u09be ", "testament_id": "old-testament", "testament_name": " \u09aa\u09c1\u09b0\u09be\u09a8\u09cb \u0987\u099a\u09cd\u099b\u09be\u09aa\u09a4\u09cd\u09b0 - O.T."},
{"language_id": "371612943", "book_id": "1397325248", "book_name": "  \u09b9\u0997\u09af\u09bc ", "testament_id": "old-testament", "testament_name": " \u09aa\u09c1\u09b0\u09be\u09a8\u09cb \u0987\u099a\u09cd\u099b\u09be\u09aa\u09a4\u09cd\u09b0 - O.T."},
{"language_id": "371612943", "book_id": "4278749746", "book_name": " \u099c\u09be\u0996\u09be\u09b0\u09bf\u09af\u09bc\u09be ", "testament_id": "old-testament", "testament_name": " \u09aa\u09c1\u09b0\u09be\u09a8\u09cb \u0987\u099a\u09cd\u099b\u09be\u09aa\u09a4\u09cd\u09b0 - O.T."},
{"language_id": "371612943", "book_id": "3594246262", "book_name": " \u09ae\u09be\u09b2\u09be\u0996\u09bf  ", "testament_id": "old-testament", "testament_name": " \u09aa\u09c1\u09b0\u09be\u09a8\u09cb \u0987\u099a\u09cd\u099b\u09be\u09aa\u09a4\u09cd\u09b0 - O.T."},
{"language_id": "371612943", "book_id": "616415341", "book_name": " \u09ae\u09a5\u09bf ", "testament_id": "new-testament", "testament_name": "\u09a8\u09ac\u09ac\u09bf\u09a7\u09be\u09a8 - N.T."},
{"language_id": "371612943", "book_id": "3756393580", "book_name": " \u09ae\u09be\u09b0\u09cd\u0995 ", "testament_id": "new-testament", "testament_name": "\u09a8\u09ac\u09ac\u09bf\u09a7\u09be\u09a8 - N.T."},
{"language_id": "371612943", "book_id": "3189251477", "book_name": " \u09b2\u09c1\u0995 ", "testament_id": "new-testament", "testament_name": "\u09a8\u09ac\u09ac\u09bf\u09a7\u09be\u09a8 - N.T."},
{"language_id": "371612943", "book_id": "3159987159", "book_name": " \u09af\u09cb\u09b9\u09a8 ", "testament_id": "new-testament", "testament_name": "\u09a8\u09ac\u09ac\u09bf\u09a7\u09be\u09a8 - N.T."},
{"language_id": "371612943", "book_id": "3873210702", "book_name": " \u092a\u09b6\u09bf\u09b7\u09cd\u09af\u099a\u09b0\u09bf\u09a4 ", "testament_id": "new-testament", "testament_name": "\u09a8\u09ac\u09ac\u09bf\u09a7\u09be\u09a8 - N.T."},
{"language_id": "371612943", "book_id": "314117998", "book_name": " \u09b0\u09cb\u09ae\u09c0\u09af\u09bc ", "testament_id": "new-testament", "testament_name": "\u09a8\u09ac\u09ac\u09bf\u09a7\u09be\u09a8 - N.T."},
{"language_id": "371612943", "book_id": "865089465", "book_name": " \u0995\u09b0\u09bf\u09a8\u09cd\u09a5\u09c0\u09af\u09bc \u09e7 ", "testament_id": "new-testament", "testament_name": "\u09a8\u09ac\u09ac\u09bf\u09a7\u09be\u09a8 - N.T."},
{"language_id": "371612943", "book_id": "1899507703", "book_name": " \u0995\u09b0\u09bf\u09a8\u09cd\u09a5\u09c0\u09af\u09bc \u09e8  ", "testament_id": "new-testament", "testament_name": "\u09a8\u09ac\u09ac\u09bf\u09a7\u09be\u09a8 - N.T."},
{"language_id": "371612943", "book_id": "684502427", "book_name": " \u0997\u09be\u09b2\u09be\u09a4\u09c0\u09af\u09bc ", "testament_id": "new-testament", "testament_name": "\u09a8\u09ac\u09ac\u09bf\u09a7\u09be\u09a8 - N.T."},
{"language_id": "371612943", "book_id": "2266714724", "book_name": " \u098f\u09ab\u09c7\u09b8\u09c0\u09af\u09bc ", "testament_id": "new-testament", "testament_name": "\u09a8\u09ac\u09ac\u09bf\u09a7\u09be\u09a8 - N.T."},
{"language_id": "371612943", "book_id": "3632373623", "book_name": " \u09ab\u09bf\u09b2\u09bf\u09aa\u09cd\u09aa\u09c0\u09af\u09bc  ", "testament_id": "new-testament", "testament_name": "\u09a8\u09ac\u09ac\u09bf\u09a7\u09be\u09a8 - N.T."},
{"language_id": "371612943", "book_id": "2488572165", "book_name": " \u0995\u09b2\u09b8\u09c0\u09af\u09bc ", "testament_id": "new-testament", "testament_name": "\u09a8\u09ac\u09ac\u09bf\u09a7\u09be\u09a8 - N.T."},
{"language_id": "371612943", "book_id": "1823506449", "book_name": "  \u09a5\u09c7\u09b8\u09be\u09b2\u09cb\u09a8\u09bf\u0995\u09c0\u09af\u09bc \u09e7 ", "testament_id": "new-testament", "testament_name": "\u09a8\u09ac\u09ac\u09bf\u09a7\u09be\u09a8 - N.T."},
{"language_id": "371612943", "book_id": "107267879", "book_name": " \u09a5\u09c7\u09b8\u09be\u09b2\u09cb\u09a8\u09bf\u0995\u09c0\u09af\u09bc \u09e8 ", "testament_id": "new-testament", "testament_name": "\u09a8\u09ac\u09ac\u09bf\u09a7\u09be\u09a8 - N.T."},
{"language_id": "371612943", "book_id": "178238384", "book_name": " \u09a4\u09bf\u09ae\u09a5\u09bf \u09e7 ", "testament_id": "new-testament", "testament_name": "\u09a8\u09ac\u09ac\u09bf\u09a7\u09be\u09a8 - N.T."},
{"language_id": "371612943", "book_id": "1542896198", "book_name": " \u09a4\u09bf\u09ae\u09a5\u09bf \u09e8 ", "testament_id": "new-testament", "testament_name": "\u09a8\u09ac\u09ac\u09bf\u09a7\u09be\u09a8 - N.T."},
{"language_id": "371612943", "book_id": "1317353906", "book_name": " \u09a4\u09c0\u09a4", "testament_id": "new-testament", "testament_name": "\u09a8\u09ac\u09ac\u09bf\u09a7\u09be\u09a8 - N.T."},
{"language_id": "371612943", "book_id": "1806403940", "book_name": " \u09ab\u09bf\u09b2\u09c7\u09ae\u09a8 ", "testament_id": "new-testament", "testament_name": "\u09a8\u09ac\u09ac\u09bf\u09a7\u09be\u09a8 - N.T."},
{"language_id": "371612943", "book_id": "19004283", "book_name": " \u09b9\u09bf\u09ac\u09cd\u09b0\u09c1\u09a6\u09c7\u09b0 \u0995\u09be\u099b\u09c7 \u09aa\u09a4\u09cd\u09b0  ", "testament_id": "new-testament", "testament_name": "\u09a8\u09ac\u09ac\u09bf\u09a7\u09be\u09a8 - N.T."},
{"language_id": "371612943", "book_id": "982368258", "book_name": "  \u09af\u09be\u0995\u09cb\u09ac\u09c7\u09b0 \u09aa\u09a4\u09cd\u09b0  ", "testament_id": "new-testament", "testament_name": "\u09a8\u09ac\u09ac\u09bf\u09a7\u09be\u09a8 - N.T."},
{"language_id": "371612943", "book_id": "181772647", "book_name": " \u09aa\u09bf\u09a4\u09b0\u09c7\u09b0 \u09e7\u09ae \u09aa\u09a4\u09cd\u09b0  ", "testament_id": "new-testament", "testament_name": "\u09a8\u09ac\u09ac\u09bf\u09a7\u09be\u09a8 - N.T."},
{"language_id": "371612943", "book_id": "392915056", "book_name": " \u09aa\u09bf\u09a4\u09b0\u09c7\u09b0 \u09e8\u09af\u09bc \u09aa\u09a4\u09cd\u09b0 ", "testament_id": "new-testament", "testament_name": "\u09a8\u09ac\u09ac\u09bf\u09a7\u09be\u09a8 - N.T."},
{"language_id": "371612943", "book_id": "3829397457", "book_name": " \u09af\u09cb\u09b9\u09a8\u09c7\u09b0 \u09e7\u09ae \u09aa\u09a4\u09cd\u09b0 ", "testament_id": "new-testament", "testament_name": "\u09a8\u09ac\u09ac\u09bf\u09a7\u09be\u09a8 - N.T."},
{"language_id": "371612943", "book_id": "3404925166", "book_name": " \u09af\u09cb\u09b9\u09a8\u09c7\u09b0 \u09e8\u09af\u09bc \u09aa\u09a4\u09cd ", "testament_id": "new-testament", "testament_name": "\u09a8\u09ac\u09ac\u09bf\u09a7\u09be\u09a8 - N.T."},
{"language_id": "371612943", "book_id": "2537944408", "book_name": " \u09af\u09cb\u09b9\u09a8\u09c7\u09b0 \u09e9\u09af\u09bc \u09aa\u09a4\u09cd ", "testament_id": "new-testament", "testament_name": "\u09a8\u09ac\u09ac\u09bf\u09a7\u09be\u09a8 - N.T."},
{"language_id": "371612943", "book_id": "3673939694", "book_name": "  \u09af\u09c1\u09a6\u09c7\u09b0 \u09aa\u09a4\u09cd\u09b0 ", "testament_id": "new-testament", "testament_name": "\u09a8\u09ac\u09ac\u09bf\u09a7\u09be\u09a8 - N.T."},
{"language_id": "371612943", "book_id": "1016234959", "book_name": " \u092a\u09aa\u09cd\u09b0\u09a4\u09cd\u09af\u09be\u09a6\u09c7\u09b6 ", "testament_id": "new-testament", "testament_name": "\u09a8\u09ac\u09ac\u09bf\u09a7\u09be\u09a8 - N.T."}
]