[
{"language_id": 2948656519, "book_id": 3930609041, "book_name": "\ucc3d\uc138\uae30", "testament_id": "old-testament", "testament_name": "\uad6c\uc57d \uc131\uc11c - O.T."},
{"language_id": 2948656519, "book_id": 2496420482, "book_name": "\ucd9c\uc560\uad7d\uae30", "testament_id": "old-testament", "testament_name": "\uad6c\uc57d \uc131\uc11c - O.T."},
{"language_id": 2948656519, "book_id": 2304046990, "book_name": "\ub808\uc704\uae30", "testament_id": "old-testament", "testament_name": "\uad6c\uc57d \uc131\uc11c - O.T."},
{"language_id": 2948656519, "book_id": 3450502565, "book_name": "\ubbfc\uc218\uae30", "testament_id": "old-testament", "testament_name": "\uad6c\uc57d \uc131\uc11c - O.T."},
{"language_id": 2948656519, "book_id": 793807237, "book_name": "\uc2e0\uba85\uae30", "testament_id": "old-testament", "testament_name": "\uad6c\uc57d \uc131\uc11c - O.T."},
{"language_id": 2948656519, "book_id": 1410835291, "book_name": "\uc5ec\ud638\uc218\uc544", "testament_id": "old-testament", "testament_name": "\uad6c\uc57d \uc131\uc11c - O.T."},
{"language_id": 2948656519, "book_id": 3329626862, "book_name": "\uc0ac\uc0ac\uae30", "testament_id": "old-testament", "testament_name": "\uad6c\uc57d \uc131\uc11c - O.T."},
{"language_id": 2948656519, "book_id": 4293772058, "book_name": "\ub8fb\uae30", "testament_id": "old-testament", "testament_name": "\uad6c\uc57d \uc131\uc11c - O.T."},
{"language_id": 2948656519, "book_id": 3478499445, "book_name": " \uc0ac\ubb34\uc5d8\uc0c1", "testament_id": "old-testament", "testament_name": "\uad6c\uc57d \uc131\uc11c - O.T."},
{"language_id": 2948656519, "book_id": 607734232, "book_name": " \uc0ac\ubb34\uc5d8\ud558", "testament_id": "old-testament", "testament_name": "\uad6c\uc57d \uc131\uc11c - O.T."},
{"language_id": 2948656519, "book_id": 2419285477, "book_name": " \uc5f4\uc655\uae30\uc0c1", "testament_id": "old-testament", "testament_name": "\uad6c\uc57d \uc131\uc11c - O.T."},
{"language_id": 2948656519, "book_id": 280910015, "book_name": " \uc5f4\uc655\uae30\ud558", "testament_id": "old-testament", "testament_name": "\uad6c\uc57d \uc131\uc11c - O.T."},
{"language_id": 2948656519, "book_id": 884531995, "book_name": " \uc5ed\ub300\uc0c1", "testament_id": "old-testament", "testament_name": "\uad6c\uc57d \uc131\uc11c - O.T."},
{"language_id": 2948656519, "book_id": 2176074493, "book_name": " \uc5ed\ub300\ud558", "testament_id": "old-testament", "testament_name": "\uad6c\uc57d \uc131\uc11c - O.T."},
{"language_id": 2948656519, "book_id": 2832105169, "book_name": " \uc5d0\uc2a4\ub77c", "testament_id": "old-testament", "testament_name": "\uad6c\uc57d \uc131\uc11c - O.T."},
{"language_id": 2948656519, "book_id": 1905273934, "book_name": " \ub290\ud5e4\ubbf8\uc57c", "testament_id": "old-testament", "testament_name": "\uad6c\uc57d \uc131\uc11c - O.T."},
{"language_id": 2948656519, "book_id": 2529691059, "book_name": " \uc5d0\uc2a4\ub354", "testament_id": "old-testament", "testament_name": "\uad6c\uc57d \uc131\uc11c - O.T."},
{"language_id": 2948656519, "book_id": 111420521, "book_name": " \uc6a5\uae30", "testament_id": "old-testament", "testament_name": "\uad6c\uc57d \uc131\uc11c - O.T."},
{"language_id": 2948656519, "book_id": 2613781769, "book_name": " \uc2dc\ud3b8 ", "testament_id": "old-testament", "testament_name": "\uad6c\uc57d \uc131\uc11c - O.T."},
{"language_id": 2948656519, "book_id": 972161663, "book_name": " \uc7a0\uc5b8 ", "testament_id": "old-testament", "testament_name": "\uad6c\uc57d \uc131\uc11c - O.T."},
{"language_id": 2948656519, "book_id": 184107070, "book_name": " \uc804\ub3c4\uc11c ", "testament_id": "old-testament", "testament_name": "\uad6c\uc57d \uc131\uc11c - O.T."},
{"language_id": 2948656519, "book_id": 1341270561, "book_name": " \uc544\uac00", "testament_id": "old-testament", "testament_name": "\uad6c\uc57d \uc131\uc11c - O.T."},
{"language_id": 2948656519, "book_id": 2323273388, "book_name": " \uc774\uc0ac\uc57c ", "testament_id": "old-testament", "testament_name": "\uad6c\uc57d \uc131\uc11c - O.T."},
{"language_id": 2948656519, "book_id": 74154015, "book_name": " \uc608\ub808\ubbf8\uc57c", "testament_id": "old-testament", "testament_name": "\uad6c\uc57d \uc131\uc11c - O.T."},
{"language_id": 2948656519, "book_id": 2339343450, "book_name": " \uc608\ub808\ubbf8\uc57c \uc560\uac00", "testament_id": "old-testament", "testament_name": "\uad6c\uc57d \uc131\uc11c - O.T."},
{"language_id": 2948656519, "book_id": 3781691289, "book_name": " \uc5d0\uc2a4\uac94", "testament_id": "old-testament", "testament_name": "\uad6c\uc57d \uc131\uc11c - O.T."},
{"language_id": 2948656519, "book_id": 147467872, "book_name": " \ub2e4\ub2c8\uc5d8", "testament_id": "old-testament", "testament_name": "\uad6c\uc57d \uc131\uc11c - O.T."},
{"language_id": 2948656519, "book_id": 2823322219, "book_name": " \ud638\uc138\uc544", "testament_id": "old-testament", "testament_name": "\uad6c\uc57d \uc131\uc11c - O.T."},
{"language_id": 2948656519, "book_id": 2204436726, "book_name": " \uc694\uc5d8", "testament_id": "old-testament", "testament_name": "\uad6c\uc57d \uc131\uc11c - O.T."},
{"language_id": 2948656519, "book_id": 3447664178, "book_name": " \uc544\ubaa8\uc2a4", "testament_id": "old-testament", "testament_name": "\uad6c\uc57d \uc131\uc11c - O.T."},
{"language_id": 2948656519, "book_id": 165524595, "book_name": " \uc624\ubc14\ub31c", "testament_id": "old-testament", "testament_name": "\uad6c\uc57d \uc131\uc11c - O.T."},
{"language_id": 2948656519, "book_id": 744928604, "book_name": " \uc694\ub098", "testament_id": "old-testament", "testament_name": "\uad6c\uc57d \uc131\uc11c - O.T."},
{"language_id": 2948656519, "book_id": 19011189, "book_name": " \ubbf8\uac00", "testament_id": "old-testament", "testament_name": "\uad6c\uc57d \uc131\uc11c - O.T."},
{"language_id": 2948656519, "book_id": 3832218946, "book_name": " \ub098\ud6d4", "testament_id": "old-testament", "testament_name": "\uad6c\uc57d \uc131\uc11c - O.T."},
{"language_id": 2948656519, "book_id": 639549419, "book_name": " \ud558\ubc15\uad6d", "testament_id": "old-testament", "testament_name": "\uad6c\uc57d \uc131\uc11c - O.T."},
{"language_id": 2948656519, "book_id": 959433524, "book_name": " \uc2a4\ubc14\ub0d0", "testament_id": "old-testament", "testament_name": "\uad6c\uc57d \uc131\uc11c - O.T."},
{"language_id": 2948656519, "book_id": 9975304, "book_name": " \ud559\uac1c", "testament_id": "old-testament", "testament_name": "\uad6c\uc57d \uc131\uc11c - O.T."},
{"language_id": 2948656519, "book_id": 3367856786, "book_name": " \uc2a4\uac00\ub7b4", "testament_id": "old-testament", "testament_name": "\uad6c\uc57d \uc131\uc11c - O.T."},
{"language_id": 2948656519, "book_id": 749442731, "book_name": " \ub9d0\ub77c\uae30", "testament_id": "old-testament", "testament_name": "\uad6c\uc57d \uc131\uc11c - O.T."},
{"language_id": 2948656519, "book_id": 2661817584, "book_name": "\ub9c8\ud0dc\ubcf5\uc74c ", "testament_id": "new-testament", "testament_name": "\uc2e0\uc57d \uc131\uc11c - N.T."},
{"language_id": 2948656519, "book_id": 1447881857, "book_name": "\ub9c8\uac00\ubcf5\uc74c ", "testament_id": "new-testament", "testament_name": "\uc2e0\uc57d \uc131\uc11c - N.T."},
{"language_id": 2948656519, "book_id": 3723173994, "book_name": "\ub204\uac00\ubcf5\uc74c ", "testament_id": "new-testament", "testament_name": "\uc2e0\uc57d \uc131\uc11c - N.T."},
{"language_id": 2948656519, "book_id": 1922186059, "book_name": "\uc694\ud55c\ubcf5\uc74c ", "testament_id": "new-testament", "testament_name": "\uc2e0\uc57d \uc131\uc11c - N.T."},
{"language_id": 2948656519, "book_id": 4098537300, "book_name": "\uc0ac\ub3c4\ud589\uc804", "testament_id": "new-testament", "testament_name": "\uc2e0\uc57d \uc131\uc11c - N.T."},
{"language_id": 2948656519, "book_id": 1544989816, "book_name": "\ub85c\ub9c8\uc11c ", "testament_id": "new-testament", "testament_name": "\uc2e0\uc57d \uc131\uc11c - N.T."},
{"language_id": 2948656519, "book_id": 1354681779, "book_name": " \uace0\ub9b0\ub3c4\uc804\uc11c ", "testament_id": "new-testament", "testament_name": "\uc2e0\uc57d \uc131\uc11c - N.T."},
{"language_id": 2948656519, "book_id": 437228630, "book_name": " \uace0\ub9b0\ub3c4\ud6c4\uc11c ", "testament_id": "new-testament", "testament_name": "\uc2e0\uc57d \uc131\uc11c - N.T."},
{"language_id": 2948656519, "book_id": 3534104761, "book_name": "\uac08\ub77c\ub514\uc544\uc11c ", "testament_id": "new-testament", "testament_name": "\uc2e0\uc57d \uc131\uc11c - N.T."},
{"language_id": 2948656519, "book_id": 2165639812, "book_name": "\uc5d0\ubca0\uc18c\uc11c ", "testament_id": "new-testament", "testament_name": "\uc2e0\uc57d \uc131\uc11c - N.T."},
{"language_id": 2948656519, "book_id": 3473718305, "book_name": "\ube4c\ub9bd\ubcf4\uc11c ", "testament_id": "new-testament", "testament_name": "\uc2e0\uc57d \uc131\uc11c - N.T."},
{"language_id": 2948656519, "book_id": 2214243233, "book_name": "\uace8\ub85c\uc0c8\uc11c ", "testament_id": "new-testament", "testament_name": "\uc2e0\uc57d \uc131\uc11c - N.T."},
{"language_id": 2948656519, "book_id": 615527454, "book_name": " \ub370\uc0b4\ub85c\ub2c8\uac00\uc804\uc11c ", "testament_id": "new-testament", "testament_name": "\uc2e0\uc57d \uc131\uc11c - N.T."},
{"language_id": 2948656519, "book_id": 1890202035, "book_name": " \ub370\uc0b4\ub85c\ub2c8\uac00\ud6c4\uc11c ", "testament_id": "new-testament", "testament_name": "\uc2e0\uc57d \uc131\uc11c - N.T."},
{"language_id": 2948656519, "book_id": 885061452, "book_name": " \ub514\ubaa8\ub370\uc804\uc11c ", "testament_id": "new-testament", "testament_name": "\uc2e0\uc57d \uc131\uc11c - N.T."},
{"language_id": 2948656519, "book_id": 2714216569, "book_name": " \ub514\ubaa8\ub370\ud6c4\uc11c ", "testament_id": "new-testament", "testament_name": "\uc2e0\uc57d \uc131\uc11c - N.T."},
{"language_id": 2948656519, "book_id": 2516390350, "book_name": "\ub514\ub3c4\uc11c ", "testament_id": "new-testament", "testament_name": "\uc2e0\uc57d \uc131\uc11c - N.T."},
{"language_id": 2948656519, "book_id": 2743148747, "book_name": "\ube4c\ub808\ubaac\uc11c", "testament_id": "new-testament", "testament_name": "\uc2e0\uc57d \uc131\uc11c - N.T."},
{"language_id": 2948656519, "book_id": 1165600, "book_name": "\ud788\ube0c\ub9ac\uc11c ", "testament_id": "new-testament", "testament_name": "\uc2e0\uc57d \uc131\uc11c - N.T."},
{"language_id": 2948656519, "book_id": 2795536285, "book_name": "\uc57c\uace0\ubcf4\uc11c ", "testament_id": "new-testament", "testament_name": "\uc2e0\uc57d \uc131\uc11c - N.T."},
{"language_id": 2948656519, "book_id": 2591180003, "book_name": " \ubca0\ub4dc\ub85c\uc804\uc11c ", "testament_id": "new-testament", "testament_name": "\uc2e0\uc57d \uc131\uc11c - N.T."},
{"language_id": 2948656519, "book_id": 9087742, "book_name": " \ubca0\ub4dc\ub85c\ud6c4\uc11c ", "testament_id": "new-testament", "testament_name": "\uc2e0\uc57d \uc131\uc11c - N.T."},
{"language_id": 2948656519, "book_id": 1497809176, "book_name": " \uc694\ud55c1\uc11c ", "testament_id": "new-testament", "testament_name": "\uc2e0\uc57d \uc131\uc11c - N.T."},
{"language_id": 2948656519, "book_id": 4097814194, "book_name": " \uc694\ud55c2\uc11c ", "testament_id": "new-testament", "testament_name": "\uc2e0\uc57d \uc131\uc11c - N.T."},
{"language_id": 2948656519, "book_id": 131091580, "book_name": " \uc694\ud55c3\uc11c ", "testament_id": "new-testament", "testament_name": "\uc2e0\uc57d \uc131\uc11c - N.T."},
{"language_id": 2948656519, "book_id": 756835218, "book_name": "\uc720\ub2e4\uc11c", "testament_id": "new-testament", "testament_name": "\uc2e0\uc57d \uc131\uc11c - N.T."},
{"language_id": 2948656519, "book_id": 2265233060, "book_name": "\uc694\ud55c\uacc4\uc2dc\ub85d  ", "testament_id": "new-testament", "testament_name": "\uc2e0\uc57d \uc131\uc11c - N.T."}
]