[
{"language_id": "2949145371", "book_id": "4188857539", "book_name": "\u0c86\u0ca6\u0cbf\u0c95\u0cbe\u0c82\u0ca1 ", "testament_id": "old-testament", "testament_name": "\u0cb9\u0cb3\u0cc6\u0caf \u0c92\u0ca1\u0c82\u0cac\u0ca1\u0cbf\u0c95\u0cc6 - O.T."},
{"language_id": "2949145371", "book_id": "1124211166", "book_name": "\u0cb5\u0cbf\u0cae\u0ccb\u0c9a\u0ca8\u0c95\u0cbe\u0c82\u0ca1 ", "testament_id": "old-testament", "testament_name": "\u0cb9\u0cb3\u0cc6\u0caf \u0c92\u0ca1\u0c82\u0cac\u0ca1\u0cbf\u0c95\u0cc6 - O.T."},
{"language_id": "2949145371", "book_id": "1167733066", "book_name": "\u0caf\u0cbe\u0c9c\u0c95\u0c95\u0cbe\u0c82\u0ca1 ", "testament_id": "old-testament", "testament_name": "\u0cb9\u0cb3\u0cc6\u0caf \u0c92\u0ca1\u0c82\u0cac\u0ca1\u0cbf\u0c95\u0cc6 - O.T."},
{"language_id": "2949145371", "book_id": "1265279333", "book_name": "\u0c85\u0cb0\u0ca3\u0ccd\u0caf\u0c95\u0cbe\u0c82\u0ca1 ", "testament_id": "old-testament", "testament_name": "\u0cb9\u0cb3\u0cc6\u0caf \u0c92\u0ca1\u0c82\u0cac\u0ca1\u0cbf\u0c95\u0cc6 - O.T."},
{"language_id": "2949145371", "book_id": "1978669558", "book_name": "\u0ca7\u0cb0\u0ccd\u0cae\u0ccb\u0caa\u0ca6\u0cc7\u0cb6\u0c95\u0cbe\u0c82\u0ca1 ", "testament_id": "old-testament", "testament_name": "\u0cb9\u0cb3\u0cc6\u0caf \u0c92\u0ca1\u0c82\u0cac\u0ca1\u0cbf\u0c95\u0cc6 - O.T."},
{"language_id": "2949145371", "book_id": "177819606", "book_name": "\u0caf\u0cc6\u0cb9\u0ccb\u0cb6\u0cc1\u0cb5 ", "testament_id": "old-testament", "testament_name": "\u0cb9\u0cb3\u0cc6\u0caf \u0c92\u0ca1\u0c82\u0cac\u0ca1\u0cbf\u0c95\u0cc6 - O.T."},
{"language_id": "2949145371", "book_id": "2469413201", "book_name": "\u0ca8\u0ccd\u0caf\u0cbe\u0caf\u0cb8\u0ccd\u0ca5\u0cbe\u0caa\u0c95\u0cb0\u0cc1 ", "testament_id": "old-testament", "testament_name": "\u0cb9\u0cb3\u0cc6\u0caf \u0c92\u0ca1\u0c82\u0cac\u0ca1\u0cbf\u0c95\u0cc6 - O.T."},
{"language_id": "2949145371", "book_id": "588647305", "book_name": "\u0cb0\u0cc2\u0ca4\u0cb3\u0cc1 ", "testament_id": "old-testament", "testament_name": "\u0cb9\u0cb3\u0cc6\u0caf \u0c92\u0ca1\u0c82\u0cac\u0ca1\u0cbf\u0c95\u0cc6 - O.T."},
{"language_id": "2949145371", "book_id": "2141572851", "book_name": " 1 \u0cb8\u0cae\u0cc1\u0cb5\u0cc7\u0cb2\u0ca8\u0cc1 ", "testament_id": "old-testament", "testament_name": "\u0cb9\u0cb3\u0cc6\u0caf \u0c92\u0ca1\u0c82\u0cac\u0ca1\u0cbf\u0c95\u0cc6 - O.T."},
{"language_id": "2949145371", "book_id": "3112546716", "book_name": "2 \u0cb8\u0cae\u0cc1\u0cb5\u0cc7\u0cb2\u0ca8\u0cc1 ", "testament_id": "old-testament", "testament_name": "\u0cb9\u0cb3\u0cc6\u0caf \u0c92\u0ca1\u0c82\u0cac\u0ca1\u0cbf\u0c95\u0cc6 - O.T."},
{"language_id": "2949145371", "book_id": "808169485", "book_name": "1 \u0c85\u0cb0\u0cb8\u0cc1\u0c97\u0cb3\u0cc1 ", "testament_id": "old-testament", "testament_name": "\u0cb9\u0cb3\u0cc6\u0caf \u0c92\u0ca1\u0c82\u0cac\u0ca1\u0cbf\u0c95\u0cc6 - O.T."},
{"language_id": "2949145371", "book_id": "872670997", "book_name": "2 \u0c85\u0cb0\u0cb8\u0cc1\u0c97\u0cb3\u0cc1 ", "testament_id": "old-testament", "testament_name": "\u0cb9\u0cb3\u0cc6\u0caf \u0c92\u0ca1\u0c82\u0cac\u0ca1\u0cbf\u0c95\u0cc6 - O.T."},
{"language_id": "2949145371", "book_id": "1740750582", "book_name": "1 \u0caa\u0cc2\u0cb0\u0ccd\u0cb5\u0c95\u0cbe\u0cb2\u0cb5\u0cc3\u0ca4\u0ccd\u0ca4\u0cbe ", "testament_id": "old-testament", "testament_name": "\u0cb9\u0cb3\u0cc6\u0caf \u0c92\u0ca1\u0c82\u0cac\u0ca1\u0cbf\u0c95\u0cc6 - O.T."},
{"language_id": "2949145371", "book_id": "3201902138", "book_name": "2 \u0caa\u0cc2\u0cb0\u0ccd\u0cb5\u0c95\u0cbe\u0cb2\u0cb5\u0cc3\u0ca4\u0ccd\u0ca4\u0cbe ", "testament_id": "old-testament", "testament_name": "\u0cb9\u0cb3\u0cc6\u0caf \u0c92\u0ca1\u0c82\u0cac\u0ca1\u0cbf\u0c95\u0cc6 - O.T."},
{"language_id": "2949145371", "book_id": "3535934199", "book_name": " \u0c8e\u0c9c\u0ccd\u0cb0\u0ca8\u0cc1 ", "testament_id": "old-testament", "testament_name": "\u0cb9\u0cb3\u0cc6\u0caf \u0c92\u0ca1\u0c82\u0cac\u0ca1\u0cbf\u0c95\u0cc6 - O.T."},
{"language_id": "2949145371", "book_id": "640166093", "book_name": " \u0ca8\u0cc6\u0cb9\u0cc6\u0cae\u0cbf\u0caf ", "testament_id": "old-testament", "testament_name": "\u0cb9\u0cb3\u0cc6\u0caf \u0c92\u0ca1\u0c82\u0cac\u0ca1\u0cbf\u0c95\u0cc6 - O.T."},
{"language_id": "2949145371", "book_id": "3202344329", "book_name": " \u0c8e\u0cb8\u0ccd\u0ca4\u0cc7\u0cb0\u0cb3\u0cc1 ", "testament_id": "old-testament", "testament_name": "\u0cb9\u0cb3\u0cc6\u0caf \u0c92\u0ca1\u0c82\u0cac\u0ca1\u0cbf\u0c95\u0cc6 - O.T."},
{"language_id": "2949145371", "book_id": "2579080437", "book_name": " \u0caf\u0ccb\u0cac\u0ca8\u0cc1 ", "testament_id": "old-testament", "testament_name": "\u0cb9\u0cb3\u0cc6\u0caf \u0c92\u0ca1\u0c82\u0cac\u0ca1\u0cbf\u0c95\u0cc6 - O.T."},
{"language_id": "2949145371", "book_id": "1621118854", "book_name": " \u0c95\u0cc0\u0cb0\u0ccd\u0ca4\u0ca8\u0cc6\u0c97\u0cb3\u0cc1 ", "testament_id": "old-testament", "testament_name": "\u0cb9\u0cb3\u0cc6\u0caf \u0c92\u0ca1\u0c82\u0cac\u0ca1\u0cbf\u0c95\u0cc6 - O.T."},
{"language_id": "2949145371", "book_id": "3130748642", "book_name": " \u0c99\u0ccd\u0c9e\u0cbe\u0ca8\u0ccb\u0c95\u0ccd\u0ca4\u0cbf\u0c97\u0cb3\u0cc1 ", "testament_id": "old-testament", "testament_name": "\u0cb9\u0cb3\u0cc6\u0caf \u0c92\u0ca1\u0c82\u0cac\u0ca1\u0cbf\u0c95\u0cc6 - O.T."},
{"language_id": "2949145371", "book_id": "3169884483", "book_name": " \u0caa\u0ccd\u0cb0\u0cb8\u0c82\u0c97\u0cbf ", "testament_id": "old-testament", "testament_name": "\u0cb9\u0cb3\u0cc6\u0caf \u0c92\u0ca1\u0c82\u0cac\u0ca1\u0cbf\u0c95\u0cc6 - O.T."},
{"language_id": "2949145371", "book_id": "536402574", "book_name": " \u0caa\u0cb0\u0cae \u0c97\u0cc0\u0ca4 ", "testament_id": "old-testament", "testament_name": "\u0cb9\u0cb3\u0cc6\u0caf \u0c92\u0ca1\u0c82\u0cac\u0ca1\u0cbf\u0c95\u0cc6 - O.T."},
{"language_id": "2949145371", "book_id": "2654396766", "book_name": " \u0caf\u0cc6\u0cb6\u0cbe\u0caf ", "testament_id": "old-testament", "testament_name": "\u0cb9\u0cb3\u0cc6\u0caf \u0c92\u0ca1\u0c82\u0cac\u0ca1\u0cbf\u0c95\u0cc6 - O.T."},
{"language_id": "2949145371", "book_id": "2990138534", "book_name": " \u0caf\u0cc6\u0cb0\u0cc6\u0cae\u0cbf\u0caf ", "testament_id": "old-testament", "testament_name": "\u0cb9\u0cb3\u0cc6\u0caf \u0c92\u0ca1\u0c82\u0cac\u0ca1\u0cbf\u0c95\u0cc6 - O.T."},
{"language_id": "2949145371", "book_id": "849507194", "book_name": " \u0caa\u0ccd\u0cb0\u0cb2\u0cbe\u0caa\u0c97\u0cb3\u0cc1 ", "testament_id": "old-testament", "testament_name": "\u0cb9\u0cb3\u0cc6\u0caf \u0c92\u0ca1\u0c82\u0cac\u0ca1\u0cbf\u0c95\u0cc6 - O.T."},
{"language_id": "2949145371", "book_id": "316434175", "book_name": " \u0caf\u0cc6\u0cb9\u0cc6\u0c9c\u0ccd\u0c95\u0cc7\u0cb2\u0ca8\u0cc1", "testament_id": "old-testament", "testament_name": "\u0cb9\u0cb3\u0cc6\u0caf \u0c92\u0ca1\u0c82\u0cac\u0ca1\u0cbf\u0c95\u0cc6 - O.T."},
{"language_id": "2949145371", "book_id": "907528432", "book_name": " \u0ca6\u0cbe\u0ca8\u0cbf\u0caf\u0cc7\u0cb2\u0ca8\u0cc1 ", "testament_id": "old-testament", "testament_name": "\u0cb9\u0cb3\u0cc6\u0caf \u0c92\u0ca1\u0c82\u0cac\u0ca1\u0cbf\u0c95\u0cc6 - O.T."},
{"language_id": "2949145371", "book_id": "466424568", "book_name": " \u0cb9\u0ccb\u0cb6\u0cc7 ", "testament_id": "old-testament", "testament_name": "\u0cb9\u0cb3\u0cc6\u0caf \u0c92\u0ca1\u0c82\u0cac\u0ca1\u0cbf\u0c95\u0cc6 - O.T."},
{"language_id": "2949145371", "book_id": "19057926", "book_name": " \u0caf\u0ccb\u0cb5\u0cc7\u0cb2 ", "testament_id": "old-testament", "testament_name": "\u0cb9\u0cb3\u0cc6\u0caf \u0c92\u0ca1\u0c82\u0cac\u0ca1\u0cbf\u0c95\u0cc6 - O.T."},
{"language_id": "2949145371", "book_id": "1644959869", "book_name": " \u0c86\u0cae\u0ccb\u0cb8 ", "testament_id": "old-testament", "testament_name": "\u0cb9\u0cb3\u0cc6\u0caf \u0c92\u0ca1\u0c82\u0cac\u0ca1\u0cbf\u0c95\u0cc6 - O.T."},
{"language_id": "2949145371", "book_id": "964356560", "book_name": " \u0c93\u0cac\u0ca6\u0ccd\u0caf ", "testament_id": "old-testament", "testament_name": "\u0cb9\u0cb3\u0cc6\u0caf \u0c92\u0ca1\u0c82\u0cac\u0ca1\u0cbf\u0c95\u0cc6 - O.T."},
{"language_id": "2949145371", "book_id": "749784140", "book_name": " \u0caf\u0ccb\u0ca8 ", "testament_id": "old-testament", "testament_name": "\u0cb9\u0cb3\u0cc6\u0caf \u0c92\u0ca1\u0c82\u0cac\u0ca1\u0cbf\u0c95\u0cc6 - O.T."},
{"language_id": "2949145371", "book_id": "2800904913", "book_name": " \u0cae\u0cbf\u0c95 ", "testament_id": "old-testament", "testament_name": "\u0cb9\u0cb3\u0cc6\u0caf \u0c92\u0ca1\u0c82\u0cac\u0ca1\u0cbf\u0c95\u0cc6 - O.T."},
{"language_id": "2949145371", "book_id": "479013471", "book_name": " \u0ca8\u0cb9\u0cc2\u0cae ", "testament_id": "old-testament", "testament_name": "\u0cb9\u0cb3\u0cc6\u0caf \u0c92\u0ca1\u0c82\u0cac\u0ca1\u0cbf\u0c95\u0cc6 - O.T."},
{"language_id": "2949145371", "book_id": "4237867720", "book_name": " \u0cb9\u0cac\u0c95\u0ccd\u0c95\u0cc2\u0c95\u0ccd\u0c95 ", "testament_id": "old-testament", "testament_name": "\u0cb9\u0cb3\u0cc6\u0caf \u0c92\u0ca1\u0c82\u0cac\u0ca1\u0cbf\u0c95\u0cc6 - O.T."},
{"language_id": "2949145371", "book_id": "2414657013", "book_name": " \u0c9a\u0cc6\u0cab\u0ca8\u0ccd\u0caf ", "testament_id": "old-testament", "testament_name": "\u0cb9\u0cb3\u0cc6\u0caf \u0c92\u0ca1\u0c82\u0cac\u0ca1\u0cbf\u0c95\u0cc6 - O.T."},
{"language_id": "2949145371", "book_id": "2198780352", "book_name": " \u0cb9\u0c97\u0ccd\u0c97\u0cbe\u0caf ", "testament_id": "old-testament", "testament_name": "\u0cb9\u0cb3\u0cc6\u0caf \u0c92\u0ca1\u0c82\u0cac\u0ca1\u0cbf\u0c95\u0cc6 - O.T."},
{"language_id": "2949145371", "book_id": "2129091499", "book_name": " \u0c9c\u0cc6\u0c95\u0cb0\u0ccd\u0caf ", "testament_id": "old-testament", "testament_name": "\u0cb9\u0cb3\u0cc6\u0caf \u0c92\u0ca1\u0c82\u0cac\u0ca1\u0cbf\u0c95\u0cc6 - O.T."},
{"language_id": "2949145371", "book_id": "2319755364", "book_name": " \u0cae\u0cb2\u0cbe\u0c95\u0cbf\u0caf ", "testament_id": "old-testament", "testament_name": "\u0cb9\u0cb3\u0cc6\u0caf \u0c92\u0ca1\u0c82\u0cac\u0ca1\u0cbf\u0c95\u0cc6 - O.T."},
{"language_id": "2949145371", "book_id": "4230083374", "book_name": " \u0cae\u0ca4\u0ccd\u0ca4\u0cbe\u0caf\u0ca8\u0cc1 ", "testament_id": "new-testament", "testament_name": "\u0cb9\u0cca\u0cb8 \u0c92\u0ca1\u0c82\u0cac\u0ca1\u0cbf\u0c95\u0cc6\u0caf\u0cc1 - N.T."},
{"language_id": "2949145371", "book_id": "170436089", "book_name": " \u0cae\u0cbe\u0cb0\u0ccd\u0c95\u0ca8\u0cc1 ", "testament_id": "new-testament", "testament_name": "\u0cb9\u0cca\u0cb8 \u0c92\u0ca1\u0c82\u0cac\u0ca1\u0cbf\u0c95\u0cc6\u0caf\u0cc1 - N.T."},
{"language_id": "2949145371", "book_id": "3270005135", "book_name": " \u0cb2\u0cc2\u0c95\u0ca8\u0cc1 ", "testament_id": "new-testament", "testament_name": "\u0cb9\u0cca\u0cb8 \u0c92\u0ca1\u0c82\u0cac\u0ca1\u0cbf\u0c95\u0cc6\u0caf\u0cc1 - N.T."},
{"language_id": "2949145371", "book_id": "3313880524", "book_name": " \u0caf\u0ccb\u0cb9\u0cbe\u0ca8\u0ca8\u0cc1 ", "testament_id": "new-testament", "testament_name": "\u0cb9\u0cca\u0cb8 \u0c92\u0ca1\u0c82\u0cac\u0ca1\u0cbf\u0c95\u0cc6\u0caf\u0cc1 - N.T."},
{"language_id": "2949145371", "book_id": "3296993288", "book_name": " \u0c85\u0caa\u0cca\u0cb8\u0ccd\u0ca4\u0cb2\u0cb0 \u0c95\u0cc3\u0ca4\u0ccd\u0caf\u0c97 ", "testament_id": "new-testament", "testament_name": "\u0cb9\u0cca\u0cb8 \u0c92\u0ca1\u0c82\u0cac\u0ca1\u0cbf\u0c95\u0cc6\u0caf\u0cc1 - N.T."},
{"language_id": "2949145371", "book_id": "3431930017", "book_name": " \u0cb0\u0ccb\u0cae\u0cbe\u0caa\u0cc1\u0cb0\u0ca6\u0cb5\u0cb0\u0cbf\u0c97\u0cc6 ", "testament_id": "new-testament", "testament_name": "\u0cb9\u0cca\u0cb8 \u0c92\u0ca1\u0c82\u0cac\u0ca1\u0cbf\u0c95\u0cc6\u0caf\u0cc1 - N.T."},
{"language_id": "2949145371", "book_id": "3215938184", "book_name": "1 \u0c95\u0cca\u0cb0\u0cbf\u0c82\u0ca5\u0ca6\u0cb5\u0cb0\u0cbf\u0c97\u0cc6 ", "testament_id": "new-testament", "testament_name": "\u0cb9\u0cca\u0cb8 \u0c92\u0ca1\u0c82\u0cac\u0ca1\u0cbf\u0c95\u0cc6\u0caf\u0cc1 - N.T."},
{"language_id": "2949145371", "book_id": "4180729890", "book_name": "2 \u0c95\u0cca\u0cb0\u0cbf\u0c82\u0ca5\u0ca6\u0cb5\u0cb0\u0cbf\u0c97\u0cc6 ", "testament_id": "new-testament", "testament_name": "\u0cb9\u0cca\u0cb8 \u0c92\u0ca1\u0c82\u0cac\u0ca1\u0cbf\u0c95\u0cc6\u0caf\u0cc1 - N.T."},
{"language_id": "2949145371", "book_id": "728030985", "book_name": " \u0c97\u0cb2\u0cbe\u0ca4\u0ccd\u0caf\u0ca6\u0cb5\u0cb0\u0cbf\u0c97\u0cc6 ", "testament_id": "new-testament", "testament_name": "\u0cb9\u0cca\u0cb8 \u0c92\u0ca1\u0c82\u0cac\u0ca1\u0cbf\u0c95\u0cc6\u0caf\u0cc1 - N.T."},
{"language_id": "2949145371", "book_id": "3222854554", "book_name": " \u0c8e\u0cab\u0cc6\u0cb8\u0ca6\u0cb5\u0cb0\u0cbf\u0c97\u0cc6 ", "testament_id": "new-testament", "testament_name": "\u0cb9\u0cca\u0cb8 \u0c92\u0ca1\u0c82\u0cac\u0ca1\u0cbf\u0c95\u0cc6\u0caf\u0cc1 - N.T."},
{"language_id": "2949145371", "book_id": "1483786447", "book_name": " \u0cab\u0cbf\u0cb2\u0cbf\u0caa\u0ccd\u0caa\u0cbf\u0caf\u0cb5\u0cb0\u0cbf\u0c97\u0cc6 ", "testament_id": "new-testament", "testament_name": "\u0cb9\u0cca\u0cb8 \u0c92\u0ca1\u0c82\u0cac\u0ca1\u0cbf\u0c95\u0cc6\u0caf\u0cc1 - N.T."},
{"language_id": "2949145371", "book_id": "2732982313", "book_name": " \u0c95\u0cca\u0cb2\u0cca\u0cb8\u0ccd\u0cb8\u0cc6\u0caf\u0cb5\u0cb0\u0cbf\u0c97\u0cc6 ", "testament_id": "new-testament", "testament_name": "\u0cb9\u0cca\u0cb8 \u0c92\u0ca1\u0c82\u0cac\u0ca1\u0cbf\u0c95\u0cc6\u0caf\u0cc1 - N.T."},
{"language_id": "2949145371", "book_id": "818421644", "book_name": " 1 \u0ca5\u0cc6\u0cb8\u0cb2\u0cca\u0ca8\u0cc0\u0c95\u0ca6\u0cb5\u0cb0\u0cbf\u0c97\u0cc6 ", "testament_id": "new-testament", "testament_name": "\u0cb9\u0cca\u0cb8 \u0c92\u0ca1\u0c82\u0cac\u0ca1\u0cbf\u0c95\u0cc6\u0caf\u0cc1 - N.T."},
{"language_id": "2949145371", "book_id": "1447843670", "book_name": " 2 \u0ca5\u0cc6\u0cb8\u0cb2\u0cca\u0ca8\u0cc0\u0c95\u0ca6\u0cb5\u0cb0\u0cbf\u0c97\u0cc6 ", "testament_id": "new-testament", "testament_name": "\u0cb9\u0cca\u0cb8 \u0c92\u0ca1\u0c82\u0cac\u0ca1\u0cbf\u0c95\u0cc6\u0caf\u0cc1 - N.T."},
{"language_id": "2949145371", "book_id": "275503188", "book_name": " 1 \u0ca4\u0cbf\u0cae\u0cca\u0ca5\u0cc6\u0caf\u0ca8\u0cbf\u0c97\u0cc6 ", "testament_id": "new-testament", "testament_name": "\u0cb9\u0cca\u0cb8 \u0c92\u0ca1\u0c82\u0cac\u0ca1\u0cbf\u0c95\u0cc6\u0caf\u0cc1 - N.T."},
{"language_id": "2949145371", "book_id": "2129367862", "book_name": " 2 \u0ca4\u0cbf\u0cae\u0cca\u0ca5\u0cc6\u0caf\u0ca8\u0cbf\u0c97\u0cc6 ", "testament_id": "new-testament", "testament_name": "\u0cb9\u0cca\u0cb8 \u0c92\u0ca1\u0c82\u0cac\u0ca1\u0cbf\u0c95\u0cc6\u0caf\u0cc1 - N.T."},
{"language_id": "2949145371", "book_id": "475197860", "book_name": " \u0ca4\u0cc0\u0ca4\u0ca8\u0cbf\u0c97\u0cc6 ", "testament_id": "new-testament", "testament_name": "\u0cb9\u0cca\u0cb8 \u0c92\u0ca1\u0c82\u0cac\u0ca1\u0cbf\u0c95\u0cc6\u0caf\u0cc1 - N.T."},
{"language_id": "2949145371", "book_id": "956505000", "book_name": " \u0cab\u0cbf\u0cb2\u0cc6\u0cae\u0ccb\u0ca8\u0ca8\u0cbf\u0c97\u0cc6 ", "testament_id": "new-testament", "testament_name": "\u0cb9\u0cca\u0cb8 \u0c92\u0ca1\u0c82\u0cac\u0ca1\u0cbf\u0c95\u0cc6\u0caf\u0cc1 - N.T."},
{"language_id": "2949145371", "book_id": "207429724", "book_name": " \u0c87\u0cac\u0ccd\u0cb0\u0cbf\u0caf\u0cb0\u0cbf\u0c97\u0cc6 ", "testament_id": "new-testament", "testament_name": "\u0cb9\u0cca\u0cb8 \u0c92\u0ca1\u0c82\u0cac\u0ca1\u0cbf\u0c95\u0cc6\u0caf\u0cc1 - N.T."},
{"language_id": "2949145371", "book_id": "3218986387", "book_name": " \u0caf\u0cbe\u0c95\u0ccb\u0cac\u0ca8\u0cc1 ", "testament_id": "new-testament", "testament_name": "\u0cb9\u0cca\u0cb8 \u0c92\u0ca1\u0c82\u0cac\u0ca1\u0cbf\u0c95\u0cc6\u0caf\u0cc1 - N.T."},
{"language_id": "2949145371", "book_id": "3808377287", "book_name": " 1 \u0caa\u0cc7\u0ca4\u0ccd\u0cb0\u0ca8\u0cc1 ", "testament_id": "new-testament", "testament_name": "\u0cb9\u0cca\u0cb8 \u0c92\u0ca1\u0c82\u0cac\u0ca1\u0cbf\u0c95\u0cc6\u0caf\u0cc1 - N.T."},
{"language_id": "2949145371", "book_id": "4240353581", "book_name": " 2 \u0caa\u0cc7\u0ca4\u0ccd\u0cb0\u0ca8\u0cc1 ", "testament_id": "new-testament", "testament_name": "\u0cb9\u0cca\u0cb8 \u0c92\u0ca1\u0c82\u0cac\u0ca1\u0cbf\u0c95\u0cc6\u0caf\u0cc1 - N.T."},
{"language_id": "2949145371", "book_id": "1838900502", "book_name": " 1 \u0caf\u0ccb\u0cb9\u0cbe\u0ca8\u0ca8\u0cc1 ", "testament_id": "new-testament", "testament_name": "\u0cb9\u0cca\u0cb8 \u0c92\u0ca1\u0c82\u0cac\u0ca1\u0cbf\u0c95\u0cc6\u0caf\u0cc1 - N.T."},
{"language_id": "2949145371", "book_id": "817495452", "book_name": " 2 \u0caf\u0ccb\u0cb9\u0cbe\u0ca8\u0ca8\u0cc1 ", "testament_id": "new-testament", "testament_name": "\u0cb9\u0cca\u0cb8 \u0c92\u0ca1\u0c82\u0cac\u0ca1\u0cbf\u0c95\u0cc6\u0caf\u0cc1 - N.T."},
{"language_id": "2949145371", "book_id": "3373399506", "book_name": " 3 \u0caf\u0ccb\u0cb9\u0cbe\u0ca8\u0ca8\u0cc1 ", "testament_id": "new-testament", "testament_name": "\u0cb9\u0cca\u0cb8 \u0c92\u0ca1\u0c82\u0cac\u0ca1\u0cbf\u0c95\u0cc6\u0caf\u0cc1 - N.T."},
{"language_id": "2949145371", "book_id": "820289880", "book_name": " \u0caf\u0cc2\u0ca6\u0ca8\u0cc1 ", "testament_id": "new-testament", "testament_name": "\u0cb9\u0cca\u0cb8 \u0c92\u0ca1\u0c82\u0cac\u0ca1\u0cbf\u0c95\u0cc6\u0caf\u0cc1 - N.T."},
{"language_id": "2949145371", "book_id": "399663498", "book_name": " \u0caa\u0ccd\u0cb0\u0c95\u0c9f\u0ca8\u0cc6 ", "testament_id": "new-testament", "testament_name": "\u0cb9\u0cca\u0cb8 \u0c92\u0ca1\u0c82\u0cac\u0ca1\u0cbf\u0c95\u0cc6\u0caf\u0cc1 - N.T."}
]